sample_name,NOAAID,order,NOAA_ID,library,library_tag_combo,tag_sequence,primer_sequence_F,primer_sequence_R,sample_type,sample_locus,tag_number,R1,R2,env_biome,env_feature,env_material,env_package,geo_loc_name,samp_filter_size_ext,samp_filter_ext_type,SAMPLING_cruise,SAMPLING_station_number,SAMPLING_bottle,depth,SAMPLING_station,SAMPLING_project,SAMPLING_platform,SAMPLING_dec_lat,SAMPLING_dec_long,chlorophyll,SAMPLING_campaign,year,month,day,collection_date,SAMPLING_date_time,PlateID,original_name,Unnamed: 0,NOAA_DNA_ID,date_pcr,seq_meth,investigation_type,Location,depthm,eventDate
Lasker18Sc122_1_D0051_MM,D0051,,,MM1,MM1_ATCGTACG,ATCGTACG,GTCGGTAAAACTCGTGCCAGC,CATAGTGGGGTATCTAATCCCAGTTTG,environmental,12S,1,Lasker18Sc122_1_D0051_S24_L001_R1_001.fastq.gz,Lasker18Sc122_1_D0051_S24_L001_R2_001.fastq.gz,marine biome  (ENVO:00000447),coastal water (ENVO:00001250),waterborne particulate matter (ENVO:01000436),mimarks survey,USA:California:Monterey Bay,,,Lasker2018,122.0,1.0,100.0,,,LASKER,33 54.51,120 41.96,20.0,,2018.0,6.0,3.0,6/3/18,2018-06-03 03:58:00,MM,Lasker18Sc122_1_D0051,1.0,D0051,20191216.0,NGS Illumina Miseq,mimarks survey,San Miguel (dusk),100.0,2018-06-03 03:58:00
Lasker18Sc122_3_D0052_TT,D0052,22.0,D0052,TT22,TT22_TCGACGAG,TCGACGAG,GTCGGTAAAACTCGTGCCAGC,CATAGTGGGGTATCTAATCCCAGTTTG,environmental,12S,22,Lasker18Sc122_3_D0052_S93_L001_R1_001.fastq.gz,Lasker18Sc122_3_D0052_S93_L001_R2_001.fastq.gz,marine biome  (ENVO:00000447),coastal water (ENVO:00001250),waterborne particulate matter (ENVO:01000436),mimarks survey,USA:California:SB Channel Islands,0.22um,Poretics,LASKER2018,425,3.0,100.0,San Miguel (dusk),Project_Overview_Lasker_2018,LASKER,33.91416667,-120.71,20.0,Lasker18,2018.0,6.0,3.0,6/3/18,2018-06-03 03:58:00,TT,Lasker18Sc122_3_D0052,,,,,,San Miguel (dusk),100.0,2018-06-03 03:58:00
Lasker18Sc122_5_D0053_TT,D0053,23.0,D0053,TT23,TT23_GATCGTGT,GATCGTGT,GTCGGTAAAACTCGTGCCAGC,CATAGTGGGGTATCTAATCCCAGTTTG,environmental,12S,23,Lasker18Sc122_5_D0053_S84_L001_R1_001.fastq.gz,Lasker18Sc122_5_D0053_S84_L001_R2_001.fastq.gz,marine biome  (ENVO:00000447),coastal water (ENVO:00001250),waterborne particulate matter (ENVO:01000436),mimarks survey,USA:California:SB Channel Islands,0.22um,Poretics,LASKER2018,425,5.0,100.0,San Miguel (dusk),Project_Overview_Lasker_2018,LASKER,33.91416667,-120.71,20.0,Lasker18,2018.0,6.0,3.0,6/3/18,2018-06-03 03:58:00,TT,Lasker18Sc122_5_D0053,,,,,,San Miguel (dusk),100.0,2018-06-03 03:58:00
Lasker18Sc122_15_D0056_MM,D0056,,,MM2,MM2_ACTATCTG,ACTATCTG,GTCGGTAAAACTCGTGCCAGC,CATAGTGGGGTATCTAATCCCAGTTTG,environmental,12S,2,Lasker18Sc122_15_D0056_S49_L001_R1_001.fastq.gz,Lasker18Sc122_15_D0056_S49_L001_R2_001.fastq.gz,marine biome  (ENVO:00000447),coastal water (ENVO:00001250),waterborne particulate matter (ENVO:01000436),mimarks survey,USA:California:Monterey Bay,,,Lasker2018,122.0,15.0,18.0,,,LASKER,33 54.51,120 41.96,20.0,,2018.0,6.0,3.0,6/3/18,2018-06-03 03:58:00,MM,Lasker18Sc122_15_D0056,2.0,D0056,20191216.0,NGS Illumina Miseq,mimarks survey,San Miguel (dusk),18.0,2018-06-03 03:58:00
Lasker18Sc122_17_D0057_TT,D0057,24.0,D0057,TT24,TT24_GTCAGATA,GTCAGATA,GTCGGTAAAACTCGTGCCAGC,CATAGTGGGGTATCTAATCCCAGTTTG,environmental,12S,24,Lasker18Sc122_17_D0057_S27_L001_R1_001.fastq.gz,Lasker18Sc122_17_D0057_S27_L001_R2_001.fastq.gz,marine biome  (ENVO:00000447),coastal water (ENVO:00001250),waterborne particulate matter (ENVO:01000436),mimarks survey,USA:California:SB Channel Islands,0.22um,Poretics,LASKER2018,425,17.0,18.0,San Miguel (dusk),Project_Overview_Lasker_2018,LASKER,33.91416667,-120.71,20.0,Lasker18,2018.0,6.0,3.0,6/3/18,2018-06-03 03:58:00,TT,Lasker18Sc122_17_D0057,,,,,,San Miguel (dusk),18.0,2018-06-03 03:58:00
Lasker18Sc122_19_D0058_TT,D0058,25.0,D0058,TT25,TT25_CTACTATA,CTACTATA,GTCGGTAAAACTCGTGCCAGC,CATAGTGGGGTATCTAATCCCAGTTTG,environmental,12S,25,Lasker18Sc122_19_D0058_S58_L001_R1_001.fastq.gz,Lasker18Sc122_19_D0058_S58_L001_R2_001.fastq.gz,marine biome  (ENVO:00000447),coastal water (ENVO:00001250),waterborne particulate matter (ENVO:01000436),mimarks survey,USA:California:SB Channel Islands,0.22um,Poretics,LASKER2018,425,19.0,18.0,San Miguel (dusk),Project_Overview_Lasker_2018,LASKER,33.91416667,-120.71,20.0,Lasker18,2018.0,6.0,3.0,6/3/18,2018-06-03 03:58:00,TT,Lasker18Sc122_19_D0058,,,,,,San Miguel (dusk),18.0,2018-06-03 03:58:00
Lasker18Sc123_1_D0062_MM,D0062,,,MM3,MM3_TAGCGAGT,TAGCGAGT,GTCGGTAAAACTCGTGCCAGC,CATAGTGGGGTATCTAATCCCAGTTTG,environmental,12S,3,Lasker18Sc123_1_D0062_S92_L001_R1_001.fastq.gz,Lasker18Sc123_1_D0062_S92_L001_R2_001.fastq.gz,marine biome  (ENVO:00000447),coastal water (ENVO:00001250),waterborne particulate matter (ENVO:01000436),mimarks survey,USA:California:Monterey Bay,,,Lasker2018,123.0,1.0,100.0,,,LASKER,34 24.36,120 21.67,16.0,,2018.0,6.0,4.0,6/4/18,2018-06-04 13:50:00,MM,Lasker18Sc123_1_D0062,3.0,D0062,20191216.0,NGS Illumina Miseq,mimarks survey,San Miguel (dawn),100.0,2018-06-04 13:50:00
Lasker18Sc123_3_D0063_TT,D0063,26.0,D0063,TT26,TT26_CGTTACTA,CGTTACTA,GTCGGTAAAACTCGTGCCAGC,CATAGTGGGGTATCTAATCCCAGTTTG,environmental,12S,26,Lasker18Sc123_3_D0063_S41_L001_R1_001.fastq.gz,Lasker18Sc123_3_D0063_S41_L001_R2_001.fastq.gz,marine biome  (ENVO:00000447),coastal water (ENVO:00001250),waterborne particulate matter (ENVO:01000436),mimarks survey,USA:California:SB Channel Islands,0.22um,Poretics,LASKER2018,422,3.0,100.0,San Miguel (dawn),Project_Overview_Lasker_2018,LASKER,34.41,-120.3686111,16.0,Lasker18,2018.0,6.0,4.0,6/4/18,2018-06-04 13:50:00,TT,Lasker18Sc123_3_D0063,,,,,,San Miguel (dawn),100.0,2018-06-04 13:50:00
Lasker18Sc123_5_D0064_TT,D0064,27.0,D0064,TT27,TT27_AGAGTCAC,AGAGTCAC,GTCGGTAAAACTCGTGCCAGC,CATAGTGGGGTATCTAATCCCAGTTTG,environmental,12S,27,Lasker18Sc123_5_D0064_S78_L001_R1_001.fastq.gz,Lasker18Sc123_5_D0064_S78_L001_R2_001.fastq.gz,marine biome  (ENVO:00000447),coastal water (ENVO:00001250),waterborne particulate matter (ENVO:01000436),mimarks survey,USA:California:SB Channel Islands,0.22um,Poretics,LASKER2018,422,5.0,100.0,San Miguel (dawn),Project_Overview_Lasker_2018,LASKER,34.41,-120.3686111,16.0,Lasker18,2018.0,6.0,4.0,6/4/18,2018-06-04 13:50:00,TT,Lasker18Sc123_5_D0064,,,,,,San Miguel (dawn),100.0,2018-06-04 13:50:00
Lasker18Sc123_15_D0067_MM,D0067,,,MM4,MM4_CTGCGTGT,CTGCGTGT,GTCGGTAAAACTCGTGCCAGC,CATAGTGGGGTATCTAATCCCAGTTTG,environmental,12S,4,Lasker18Sc123_15_D0067_S6_L001_R1_001.fastq.gz,Lasker18Sc123_15_D0067_S6_L001_R2_001.fastq.gz,marine biome  (ENVO:00000447),coastal water (ENVO:00001250),waterborne particulate matter (ENVO:01000436),mimarks survey,USA:California:Monterey Bay,,,Lasker2018,123.0,15.0,10.0,,,LASKER,34 24.36,120 21.67,16.0,,2018.0,6.0,4.0,6/4/18,2018-06-04 13:50:00,MM,Lasker18Sc123_15_D0067,4.0,D0067,20191216.0,NGS Illumina Miseq,mimarks survey,San Miguel (dawn),10.0,2018-06-04 13:50:00
Lasker18Sc123_17_D0068_TT,D0068,28.0,D0068,TT28,TT28_TACGAGAC,TACGAGAC,GTCGGTAAAACTCGTGCCAGC,CATAGTGGGGTATCTAATCCCAGTTTG,environmental,12S,28,Lasker18Sc123_17_D0068_S22_L001_R1_001.fastq.gz,Lasker18Sc123_17_D0068_S22_L001_R2_001.fastq.gz,marine biome  (ENVO:00000447),coastal water (ENVO:00001250),waterborne particulate matter (ENVO:01000436),mimarks survey,USA:California:SB Channel Islands,0.22um,Poretics,LASKER2018,422,17.0,10.0,San Miguel (dawn),Project_Overview_Lasker_2018,LASKER,34.41,-120.3686111,16.0,Lasker18,2018.0,6.0,4.0,6/4/18,2018-06-04 13:50:00,TT,Lasker18Sc123_17_D0068,,,,,,San Miguel (dawn),10.0,2018-06-04 13:50:00
Lasker18Sc123_19_D0069_TT,D0069,29.0,D0069,TT29,TT29_ACGTCTCG,ACGTCTCG,GTCGGTAAAACTCGTGCCAGC,CATAGTGGGGTATCTAATCCCAGTTTG,environmental,12S,29,Lasker18Sc123_19_D0069_S30_L001_R1_001.fastq.gz,Lasker18Sc123_19_D0069_S30_L001_R2_001.fastq.gz,marine biome  (ENVO:00000447),coastal water (ENVO:00001250),waterborne particulate matter (ENVO:01000436),mimarks survey,USA:California:SB Channel Islands,0.22um,Poretics,LASKER2018,422,19.0,10.0,San Miguel (dawn),Project_Overview_Lasker_2018,LASKER,34.41,-120.3686111,16.0,Lasker18,2018.0,6.0,4.0,6/4/18,2018-06-04 13:50:00,TT,Lasker18Sc123_19_D0069,,,,,,San Miguel (dawn),10.0,2018-06-04 13:50:00
Lasker18Sc124_1_D0072_MM,D0072,,,MM5,MM5_TCATCGAG,TCATCGAG,GTCGGTAAAACTCGTGCCAGC,CATAGTGGGGTATCTAATCCCAGTTTG,environmental,12S,5,Lasker18Sc124_1_D0072_S50_L001_R1_001.fastq.gz,Lasker18Sc124_1_D0072_S50_L001_R2_001.fastq.gz,marine biome  (ENVO:00000447),coastal water (ENVO:00001250),waterborne particulate matter (ENVO:01000436),mimarks survey,USA:California:Monterey Bay,,,Lasker2018,124.0,1.0,100.0,,,LASKER,32 43.03,118 11.96,30.0,,2018.0,6.0,4.0,6/4/18,2018-06-04 02:59:00,MM,Lasker18Sc124_1_D0072,5.0,D0072,20191216.0,NGS Illumina Miseq,mimarks survey,San Clemente (dusk),100.0,2018-06-04 02:59:00
Lasker18Sc124_3_D0073_TT,D0073,30.0,D0073,TT30,TT30_TCGACGAG,TCGACGAG,GTCGGTAAAACTCGTGCCAGC,CATAGTGGGGTATCTAATCCCAGTTTG,environmental,12S,30,Lasker18Sc124_3_D0073_S72_L001_R1_001.fastq.gz,Lasker18Sc124_3_D0073_S72_L001_R2_001.fastq.gz,marine biome  (ENVO:00000447),coastal water (ENVO:00001250),waterborne particulate matter (ENVO:01000436),mimarks survey,USA:California:SB Channel Islands,0.22um,Poretics,LASKER2018,401,3.0,100.0,San Clemente (dusk),Project_Overview_Lasker_2018,LASKER,32.7175,-118.21,30.0,Lasker18,2018.0,6.0,4.0,6/4/18,2018-06-04 02:59:00,TT,Lasker18Sc124_3_D0073,,,,,,San Clemente (dusk),100.0,2018-06-04 02:59:00
Lasker18Sc124_5_D0074_TT,D0074,31.0,D0074,TT31,TT31_GATCGTGT,GATCGTGT,GTCGGTAAAACTCGTGCCAGC,CATAGTGGGGTATCTAATCCCAGTTTG,environmental,12S,31,Lasker18Sc124_5_D0074_S80_L001_R1_001.fastq.gz,Lasker18Sc124_5_D0074_S80_L001_R2_001.fastq.gz,marine biome  (ENVO:00000447),coastal water (ENVO:00001250),waterborne particulate matter (ENVO:01000436),mimarks survey,USA:California:SB Channel Islands,0.22um,Poretics,LASKER2018,401,5.0,100.0,San Clemente (dusk),Project_Overview_Lasker_2018,LASKER,32.7175,-118.21,30.0,Lasker18,2018.0,6.0,4.0,6/4/18,2018-06-04 02:59:00,TT,Lasker18Sc124_5_D0074,,,,,,San Clemente (dusk),100.0,2018-06-04 02:59:00
Lasker18Sc124_15_D0077_MM,D0077,,,MM6,MM6_CGTGAGTG,CGTGAGTG,GTCGGTAAAACTCGTGCCAGC,CATAGTGGGGTATCTAATCCCAGTTTG,environmental,12S,6,Lasker18Sc124_15_D0077_S75_L001_R1_001.fastq.gz,Lasker18Sc124_15_D0077_S75_L001_R2_001.fastq.gz,marine biome  (ENVO:00000447),coastal water (ENVO:00001250),waterborne particulate matter (ENVO:01000436),mimarks survey,USA:California:Monterey Bay,,,Lasker2018,124.0,15.0,10.0,,,LASKER,32 43.03,118 11.96,30.0,,2018.0,6.0,4.0,6/4/18,2018-06-04 02:59:00,MM,Lasker18Sc124_15_D0077,6.0,D0077,20191216.0,NGS Illumina Miseq,mimarks survey,San Clemente (dusk),10.0,2018-06-04 02:59:00
Lasker18Sc124_17_D0078_TT,D0078,33.0,D0078,TT33,TT33_CTACTATA,CTACTATA,GTCGGTAAAACTCGTGCCAGC,CATAGTGGGGTATCTAATCCCAGTTTG,environmental,12S,33,Lasker18Sc124_17_D0078_S49_L001_R1_001.fastq.gz,Lasker18Sc124_17_D0078_S49_L001_R2_001.fastq.gz,marine biome  (ENVO:00000447),coastal water (ENVO:00001250),waterborne particulate matter (ENVO:01000436),mimarks survey,USA:California:SB Channel Islands,0.22um,Poretics,LASKER2018,401,17.0,10.0,San Clemente (dusk),Project_Overview_Lasker_2018,LASKER,32.7175,-118.21,30.0,Lasker18,2018.0,6.0,4.0,6/4/18,2018-06-04 02:59:00,TT,Lasker18Sc124_17_D0078,,,,,,San Clemente (dusk),10.0,2018-06-04 02:59:00
Lasker18Sc124_19_D0079_TT,D0079,34.0,D0079,TT34,TT34_CGTTACTA,CGTTACTA,GTCGGTAAAACTCGTGCCAGC,CATAGTGGGGTATCTAATCCCAGTTTG,environmental,12S,34,Lasker18Sc124_19_D0079_S48_L001_R1_001.fastq.gz,Lasker18Sc124_19_D0079_S48_L001_R2_001.fastq.gz,marine biome  (ENVO:00000447),coastal water (ENVO:00001250),waterborne particulate matter (ENVO:01000436),mimarks survey,USA:California:SB Channel Islands,0.22um,Poretics,LASKER2018,401,19.0,10.0,San Clemente (dusk),Project_Overview_Lasker_2018,LASKER,32.7175,-118.21,30.0,Lasker18,2018.0,6.0,4.0,6/4/18,2018-06-04 02:59:00,TT,Lasker18Sc124_19_D0079,,,,,,San Clemente (dusk),10.0,2018-06-04 02:59:00
Lasker18Sc126_1_D0084_MM,D0084,,,MM7,MM7_GGATATCT,GGATATCT,GTCGGTAAAACTCGTGCCAGC,CATAGTGGGGTATCTAATCCCAGTTTG,environmental,12S,7,Lasker18Sc126_1_D0084_S78_L001_R1_001.fastq.gz,Lasker18Sc126_1_D0084_S78_L001_R2_001.fastq.gz,marine biome  (ENVO:00000447),coastal water (ENVO:00001250),waterborne particulate matter (ENVO:01000436),mimarks survey,USA:California:Monterey Bay,,,Lasker2018,126.0,1.0,100.0,,,LASKER,33 24.010,119 23.780,21.0,,2018.0,6.0,5.0,6/5/18,2018-06-05 17:20:07,MM,Lasker18Sc126_1_D0084,7.0,D0084,20191216.0,NGS Illumina Miseq,mimarks survey,San Nicholas (day),100.0,2018-06-05 17:20:00
Lasker18Sc126_3_D0085_TT,D0085,35.0,D0085,TT35,TT35_AGAGTCAC,AGAGTCAC,GTCGGTAAAACTCGTGCCAGC,CATAGTGGGGTATCTAATCCCAGTTTG,environmental,12S,35,Lasker18Sc126_3_D0085_S75_L001_R1_001.fastq.gz,Lasker18Sc126_3_D0085_S75_L001_R2_001.fastq.gz,marine biome  (ENVO:00000447),coastal water (ENVO:00001250),waterborne particulate matter (ENVO:01000436),mimarks survey,USA:California:SB Channel Islands,0.22um,Poretics,LASKER2018,4002,3.0,100.0,San Nicholas (day),Project_Overview_Lasker_2018,LASKER,33.40027778,-119.405,21.0,Lasker18,2018.0,6.0,5.0,6/5/18,2018-06-05 17:20:07,TT,Lasker18Sc126_3_D0085,,,,,,San Nicholas (day),100.0,2018-06-05 17:20:00
Lasker18Sc126_5_D0086_TT,D0086,36.0,D0086,TT36,TT36_TACGAGAC,TACGAGAC,GTCGGTAAAACTCGTGCCAGC,CATAGTGGGGTATCTAATCCCAGTTTG,environmental,12S,36,Lasker18Sc126_5_D0086_S68_L001_R1_001.fastq.gz,Lasker18Sc126_5_D0086_S68_L001_R2_001.fastq.gz,marine biome  (ENVO:00000447),coastal water (ENVO:00001250),waterborne particulate matter (ENVO:01000436),mimarks survey,USA:California:SB Channel Islands,0.22um,Poretics,LASKER2018,4002,5.0,100.0,San Nicholas (day),Project_Overview_Lasker_2018,LASKER,33.40027778,-119.405,21.0,Lasker18,2018.0,6.0,5.0,6/5/18,2018-06-05 17:20:07,TT,Lasker18Sc126_5_D0086,,,,,,San Nicholas (day),100.0,2018-06-05 17:20:00
Lasker18Sc126_15_D0089_MM,D0089,,,MM8,MM8_GACACCGT,GACACCGT,GTCGGTAAAACTCGTGCCAGC,CATAGTGGGGTATCTAATCCCAGTTTG,environmental,12S,8,Lasker18Sc126_15_D0089_S33_L001_R1_001.fastq.gz,Lasker18Sc126_15_D0089_S33_L001_R2_001.fastq.gz,marine biome  (ENVO:00000447),coastal water (ENVO:00001250),waterborne particulate matter (ENVO:01000436),mimarks survey,USA:California:Monterey Bay,,,Lasker2018,126.0,15.0,4.0,,,LASKER,33 24.010,119 23.780,21.0,,2018.0,6.0,5.0,6/5/18,2018-06-05 17:20:07,MM,Lasker18Sc126_15_D0089,8.0,D0089,20191216.0,NGS Illumina Miseq,mimarks survey,San Nicholas (day),4.0,2018-06-05 17:20:00
Lasker18Sc126_17_D0090_TT,D0090,37.0,D0090,TT37,TT37_ACGTCTCG,ACGTCTCG,GTCGGTAAAACTCGTGCCAGC,CATAGTGGGGTATCTAATCCCAGTTTG,environmental,12S,37,Lasker18Sc126_17_D0090_S67_L001_R1_001.fastq.gz,Lasker18Sc126_17_D0090_S67_L001_R2_001.fastq.gz,marine biome  (ENVO:00000447),coastal water (ENVO:00001250),waterborne particulate matter (ENVO:01000436),mimarks survey,USA:California:SB Channel Islands,0.22um,Poretics,LASKER2018,4002,17.0,4.0,San Nicholas (day),Project_Overview_Lasker_2018,LASKER,33.40027778,-119.405,21.0,Lasker18,2018.0,6.0,5.0,6/5/18,2018-06-05 17:20:07,TT,Lasker18Sc126_17_D0090,,,,,,San Nicholas (day),4.0,2018-06-05 17:20:00
Lasker18Sc127_1_D0094_MM,D0094,,,MM9,MM9_ATCGTACG,ATCGTACG,GTCGGTAAAACTCGTGCCAGC,CATAGTGGGGTATCTAATCCCAGTTTG,environmental,12S,9,Lasker18Sc127_1_D0094_S82_L001_R1_001.fastq.gz,Lasker18Sc127_1_D0094_S82_L001_R2_001.fastq.gz,marine biome  (ENVO:00000447),coastal water (ENVO:00001250),waterborne particulate matter (ENVO:01000436),mimarks survey,USA:California:Monterey Bay,,,Lasker2018,127.0,1.0,100.0,,,LASKER,33 35 070,119 27.180,18.0,,2018.0,6.0,5.0,6/5/18,2018-06-05 19:06:00,MM,Lasker18Sc127_1_D0094,9.0,D0094,20191216.0,NGS Illumina Miseq,mimarks survey,San Nicholas (day),100.0,2018-06-05 19:06:00
Lasker18Sc127_3_D0095_TT,D0095,38.0,D0095,TT38,TT38_TCGACGAG,TCGACGAG,GTCGGTAAAACTCGTGCCAGC,CATAGTGGGGTATCTAATCCCAGTTTG,environmental,12S,38,Lasker18Sc127_3_D0095_S83_L001_R1_001.fastq.gz,Lasker18Sc127_3_D0095_S83_L001_R2_001.fastq.gz,marine biome  (ENVO:00000447),coastal water (ENVO:00001250),waterborne particulate matter (ENVO:01000436),mimarks survey,USA:California:SB Channel Islands,0.22um,Poretics,LASKER2018,412,3.0,100.0,San Nicholas (day),Project_Overview_Lasker_2018,LASKER,,-119.455,18.0,Lasker18,2018.0,6.0,5.0,6/5/18,2018-06-05 19:06:00,TT,Lasker18Sc127_3_D0095,,,,,,San Nicholas (day),100.0,2018-06-05 19:06:00
Lasker18Sc127_5_D0096_TT,D0096,39.0,D0096,TT39,TT39_GATCGTGT,GATCGTGT,GTCGGTAAAACTCGTGCCAGC,CATAGTGGGGTATCTAATCCCAGTTTG,environmental,12S,39,Lasker18Sc127_5_D0096_S85_L001_R1_001.fastq.gz,Lasker18Sc127_5_D0096_S85_L001_R2_001.fastq.gz,marine biome  (ENVO:00000447),coastal water (ENVO:00001250),waterborne particulate matter (ENVO:01000436),mimarks survey,USA:California:SB Channel Islands,0.22um,Poretics,LASKER2018,412,5.0,100.0,San Nicholas (day),Project_Overview_Lasker_2018,LASKER,,-119.455,18.0,Lasker18,2018.0,6.0,5.0,6/5/18,2018-06-05 19:06:00,TT,Lasker18Sc127_5_D0096,,,,,,San Nicholas (day),100.0,2018-06-05 19:06:00
Lasker18Sc127_15_D0099_MM,D0099,,,MM10,MM10_ACTATCTG,ACTATCTG,GTCGGTAAAACTCGTGCCAGC,CATAGTGGGGTATCTAATCCCAGTTTG,environmental,12S,10,Lasker18Sc127_15_D0099_S11_L001_R1_001.fastq.gz,Lasker18Sc127_15_D0099_S11_L001_R2_001.fastq.gz,marine biome  (ENVO:00000447),coastal water (ENVO:00001250),waterborne particulate matter (ENVO:01000436),mimarks survey,USA:California:Monterey Bay,,,Lasker2018,127.0,15.0,10.0,,,LASKER,33 35 070,119 27.180,18.0,,2018.0,6.0,5.0,6/5/18,2018-06-05 19:06:00,MM,Lasker18Sc127_15_D0099,10.0,D0099,20191216.0,NGS Illumina Miseq,mimarks survey,San Nicholas (day),10.0,2018-06-05 19:06:00
Lasker18Sc127_17_D0100_TT,D0100,40.0,D0100,TT40,TT40_GTCAGATA,GTCAGATA,GTCGGTAAAACTCGTGCCAGC,CATAGTGGGGTATCTAATCCCAGTTTG,environmental,12S,40,Lasker18Sc127_17_D0100_S57_L001_R1_001.fastq.gz,Lasker18Sc127_17_D0100_S57_L001_R2_001.fastq.gz,marine biome  (ENVO:00000447),coastal water (ENVO:00001250),waterborne particulate matter (ENVO:01000436),mimarks survey,USA:California:SB Channel Islands,0.22um,Poretics,LASKER2018,412,17.0,10.0,San Nicholas (day),Project_Overview_Lasker_2018,LASKER,,-119.455,18.0,Lasker18,2018.0,6.0,5.0,6/5/18,2018-06-05 19:06:00,TT,Lasker18Sc127_17_D0100,,,,,,San Nicholas (day),10.0,2018-06-05 19:06:00
Lasker18Sc127_19_D0101_TT,D0101,41.0,D0101,TT41,TT41_CTACTATA,CTACTATA,GTCGGTAAAACTCGTGCCAGC,CATAGTGGGGTATCTAATCCCAGTTTG,environmental,12S,41,Lasker18Sc127_19_D0101_S91_L001_R1_001.fastq.gz,Lasker18Sc127_19_D0101_S91_L001_R2_001.fastq.gz,marine biome  (ENVO:00000447),coastal water (ENVO:00001250),waterborne particulate matter (ENVO:01000436),mimarks survey,USA:California:SB Channel Islands,0.22um,Poretics,LASKER2018,412,19.0,10.0,San Nicholas (day),Project_Overview_Lasker_2018,LASKER,,-119.455,18.0,Lasker18,2018.0,6.0,5.0,6/5/18,2018-06-05 19:06:00,TT,Lasker18Sc127_19_D0101,,,,,,San Nicholas (day),10.0,2018-06-05 19:06:00
Lasker18Sc128_1_D0104_MM,D0104,,,MM11,MM11_TAGCGAGT,TAGCGAGT,GTCGGTAAAACTCGTGCCAGC,CATAGTGGGGTATCTAATCCCAGTTTG,environmental,12S,11,Lasker18Sc128_1_D0104_S79_L001_R1_001.fastq.gz,Lasker18Sc128_1_D0104_S79_L001_R2_001.fastq.gz,marine biome  (ENVO:00000447),coastal water (ENVO:00001250),waterborne particulate matter (ENVO:01000436),mimarks survey,USA:California:Monterey Bay,,,Lasker2018,128.0,1.0,100.0,,,LASKER,33 41.270,119 17.000,18.0,,2018.0,6.0,5.0,6/5/18,2018-06-05 02:37:00,MM,Lasker18Sc128_1_D0104,11.0,D0104,20191216.0,NGS Illumina Miseq,mimarks survey,San Nicholas (dusk),100.0,2018-06-05 02:37:00
Lasker18Sc128_3_D0105_TT,D0105,42.0,D0105,TT42,TT42_CGTTACTA,CGTTACTA,GTCGGTAAAACTCGTGCCAGC,CATAGTGGGGTATCTAATCCCAGTTTG,environmental,12S,42,Lasker18Sc128_3_D0105_S10_L001_R1_001.fastq.gz,Lasker18Sc128_3_D0105_S10_L001_R2_001.fastq.gz,marine biome  (ENVO:00000447),coastal water (ENVO:00001250),waterborne particulate matter (ENVO:01000436),mimarks survey,USA:California:SB Channel Islands,0.22um,Poretics,LASKER2018,411,3.0,100.0,San Nicholas (dusk),Project_Overview_Lasker_2018,LASKER,33.69083333,-119.2833333,18.0,Lasker18,2018.0,6.0,5.0,6/5/18,2018-06-05 02:37:00,TT,Lasker18Sc128_3_D0105,,,,,,San Nicholas (dusk),100.0,2018-06-05 02:37:00
Lasker18Sc128_7_D0107_TT,D0107,43.0,D0107,TT43,TT43_AGAGTCAC,AGAGTCAC,GTCGGTAAAACTCGTGCCAGC,CATAGTGGGGTATCTAATCCCAGTTTG,environmental,12S,43,Lasker18Sc128_7_D0107_S94_L001_R1_001.fastq.gz,Lasker18Sc128_7_D0107_S94_L001_R2_001.fastq.gz,marine biome  (ENVO:00000447),coastal water (ENVO:00001250),waterborne particulate matter (ENVO:01000436),mimarks survey,USA:California:SB Channel Islands,0.22um,Poretics,LASKER2018,411,7.0,100.0,San Nicholas (dusk),Project_Overview_Lasker_2018,LASKER,33.69083333,-119.2833333,18.0,Lasker18,2018.0,6.0,5.0,6/5/18,2018-06-05 02:37:00,TT,Lasker18Sc128_7_D0107,,,,,,San Nicholas (dusk),100.0,2018-06-05 02:37:00
Lasker18Sc128_15_D0109_MM,D0109,,,MM12,MM12_CTGCGTGT,CTGCGTGT,GTCGGTAAAACTCGTGCCAGC,CATAGTGGGGTATCTAATCCCAGTTTG,environmental,12S,12,Lasker18Sc128_15_D0109_S31_L001_R1_001.fastq.gz,Lasker18Sc128_15_D0109_S31_L001_R2_001.fastq.gz,marine biome  (ENVO:00000447),coastal water (ENVO:00001250),waterborne particulate matter (ENVO:01000436),mimarks survey,USA:California:Monterey Bay,,,Lasker2018,128.0,15.0,10.0,,,LASKER,33 41.270,119 17.000,18.0,,2018.0,6.0,5.0,6/5/18,2018-06-05 02:37:00,MM,Lasker18Sc128_15_D0109,12.0,D0109,20191216.0,NGS Illumina Miseq,mimarks survey,San Nicholas (dusk),10.0,2018-06-05 02:37:00
Lasker18Sc128_16_D0110_TT,D0110,44.0,D0110,TT44,TT44_TACGAGAC,TACGAGAC,GTCGGTAAAACTCGTGCCAGC,CATAGTGGGGTATCTAATCCCAGTTTG,environmental,12S,44,Lasker18Sc128_16_D0110_S92_L001_R1_001.fastq.gz,Lasker18Sc128_16_D0110_S92_L001_R2_001.fastq.gz,marine biome  (ENVO:00000447),coastal water (ENVO:00001250),waterborne particulate matter (ENVO:01000436),mimarks survey,USA:California:SB Channel Islands,0.22um,Poretics,LASKER2018,411,16.0,10.0,San Nicholas (dusk),Project_Overview_Lasker_2018,LASKER,33.69083333,-119.2833333,18.0,Lasker18,2018.0,6.0,5.0,6/5/18,2018-06-05 02:37:00,TT,Lasker18Sc128_16_D0110,,,,,,San Nicholas (dusk),10.0,2018-06-05 02:37:00
Lasker18Sc128_19_D0111_TT,D0111,45.0,D0111,TT45,TT45_ACGTCTCG,ACGTCTCG,GTCGGTAAAACTCGTGCCAGC,CATAGTGGGGTATCTAATCCCAGTTTG,environmental,12S,45,Lasker18Sc128_19_D0111_S88_L001_R1_001.fastq.gz,Lasker18Sc128_19_D0111_S88_L001_R2_001.fastq.gz,marine biome  (ENVO:00000447),coastal water (ENVO:00001250),waterborne particulate matter (ENVO:01000436),mimarks survey,USA:California:SB Channel Islands,0.22um,Poretics,LASKER2018,411,19.0,10.0,San Nicholas (dusk),Project_Overview_Lasker_2018,LASKER,33.69083333,-119.2833333,18.0,Lasker18,2018.0,6.0,5.0,6/5/18,2018-06-05 02:37:00,TT,Lasker18Sc128_19_D0111,,,,,,San Nicholas (dusk),10.0,2018-06-05 02:37:00
Lasker18Sc129_1_D0115_MM,D0115,,,MM13,MM13_TCATCGAG,TCATCGAG,GTCGGTAAAACTCGTGCCAGC,CATAGTGGGGTATCTAATCCCAGTTTG,environmental,12S,13,Lasker18Sc129_1_D0115_S84_L001_R1_001.fastq.gz,Lasker18Sc129_1_D0115_S84_L001_R2_001.fastq.gz,marine biome  (ENVO:00000447),coastal water (ENVO:00001250),waterborne particulate matter (ENVO:01000436),mimarks survey,USA:California:Monterey Bay,,,Lasker2018,129.0,1.0,50.0,,,LASKER,33 23.880,119 47.970,7.0,,2018.0,6.0,6.0,6/6/18,2018-06-06 12:31:00,MM,Lasker18Sc129_1_D0115,13.0,D0115,20191216.0,NGS Illumina Miseq,mimarks survey,San Nicholas (dawn),50.0,2018-06-06 12:31:00
Lasker18Sc129_3_D0116_TT,D0116,46.0,D0116,TT46,TT46_TCGACGAG,TCGACGAG,GTCGGTAAAACTCGTGCCAGC,CATAGTGGGGTATCTAATCCCAGTTTG,environmental,12S,46,Lasker18Sc129_3_D0116_S51_L001_R1_001.fastq.gz,Lasker18Sc129_3_D0116_S51_L001_R2_001.fastq.gz,marine biome  (ENVO:00000447),coastal water (ENVO:00001250),waterborne particulate matter (ENVO:01000436),mimarks survey,USA:California:SB Channel Islands,0.22um,Poretics,LASKER2018,414,3.0,50.0,San Nicholas (dawn),Project_Overview_Lasker_2018,LASKER,33.40777778,-119.8102778,7.0,Lasker18,2018.0,6.0,6.0,6/6/18,2018-06-06 12:31:00,TT,Lasker18Sc129_3_D0116,,,,,,San Nicholas (dawn),50.0,2018-06-06 12:31:00
Lasker18Sc129_5_D0117_TT,D0117,47.0,D0117,TT47,TT47_GATCGTGT,GATCGTGT,GTCGGTAAAACTCGTGCCAGC,CATAGTGGGGTATCTAATCCCAGTTTG,environmental,12S,47,Lasker18Sc129_5_D0117_S5_L001_R1_001.fastq.gz,Lasker18Sc129_5_D0117_S5_L001_R2_001.fastq.gz,marine biome  (ENVO:00000447),coastal water (ENVO:00001250),waterborne particulate matter (ENVO:01000436),mimarks survey,USA:California:SB Channel Islands,0.22um,Poretics,LASKER2018,414,5.0,50.0,San Nicholas (dawn),Project_Overview_Lasker_2018,LASKER,33.40777778,-119.8102778,7.0,Lasker18,2018.0,6.0,6.0,6/6/18,2018-06-06 12:31:00,TT,Lasker18Sc129_5_D0117,,,,,,San Nicholas (dawn),50.0,2018-06-06 12:31:00
Lasker18Sc129_15_D0120_MM,D0120,,,MM14,MM14_CGTGAGTG,CGTGAGTG,GTCGGTAAAACTCGTGCCAGC,CATAGTGGGGTATCTAATCCCAGTTTG,environmental,12S,14,Lasker18Sc129_15_D0120_S51_L001_R1_001.fastq.gz,Lasker18Sc129_15_D0120_S51_L001_R2_001.fastq.gz,marine biome  (ENVO:00000447),coastal water (ENVO:00001250),waterborne particulate matter (ENVO:01000436),mimarks survey,USA:California:Monterey Bay,,,Lasker2018,129.0,15.0,8.0,,,LASKER,33 23.880,119 47.970,7.0,,2018.0,6.0,6.0,6/6/18,2018-06-06 12:31:00,MM,Lasker18Sc129_15_D0120,14.0,D0120,20191216.0,NGS Illumina Miseq,mimarks survey,San Nicholas (dawn),8.0,2018-06-06 12:31:00
Lasker18Sc129_17_D0121_TT,D0121,48.0,D0121,TT48,TT48_GTCAGATA,GTCAGATA,GTCGGTAAAACTCGTGCCAGC,CATAGTGGGGTATCTAATCCCAGTTTG,environmental,12S,48,Lasker18Sc129_17_D0121_S37_L001_R1_001.fastq.gz,Lasker18Sc129_17_D0121_S37_L001_R2_001.fastq.gz,marine biome  (ENVO:00000447),coastal water (ENVO:00001250),waterborne particulate matter (ENVO:01000436),mimarks survey,USA:California:SB Channel Islands,0.22um,Poretics,LASKER2018,414,17.0,8.0,San Nicholas (dawn),Project_Overview_Lasker_2018,LASKER,33.40777778,-119.8102778,7.0,Lasker18,2018.0,6.0,6.0,6/6/18,2018-06-06 12:31:00,TT,Lasker18Sc129_17_D0121,,,,,,San Nicholas (dawn),8.0,2018-06-06 12:31:00
Lasker18Sc129_19_D0122_TT,D0122,49.0,D0122,TT49,TT49_CTACTATA,CTACTATA,GTCGGTAAAACTCGTGCCAGC,CATAGTGGGGTATCTAATCCCAGTTTG,environmental,12S,49,Lasker18Sc129_19_D0122_S24_L001_R1_001.fastq.gz,Lasker18Sc129_19_D0122_S24_L001_R2_001.fastq.gz,marine biome  (ENVO:00000447),coastal water (ENVO:00001250),waterborne particulate matter (ENVO:01000436),mimarks survey,USA:California:SB Channel Islands,0.22um,Poretics,LASKER2018,414,19.0,8.0,San Nicholas (dawn),Project_Overview_Lasker_2018,LASKER,33.40777778,-119.8102778,7.0,Lasker18,2018.0,6.0,6.0,6/6/18,2018-06-06 12:31:00,TT,Lasker18Sc129_19_D0122,,,,,,San Nicholas (dawn),8.0,2018-06-06 12:31:00
Lasker18Sc130_1_D0126_MM,D0126,,,MM15,MM15_GGATATCT,GGATATCT,GTCGGTAAAACTCGTGCCAGC,CATAGTGGGGTATCTAATCCCAGTTTG,environmental,12S,15,Lasker18Sc130_1_D0126_S8_L001_R1_001.fastq.gz,Lasker18Sc130_1_D0126_S8_L001_R2_001.fastq.gz,marine biome  (ENVO:00000447),coastal water (ENVO:00001250),waterborne particulate matter (ENVO:01000436),mimarks survey,USA:California:Monterey Bay,,,Lasker2018,130.0,1.0,100.0,,,LASKER,36 59.02,122 35.62,16.0,,2018.0,6.0,7.0,6/7/18,2018-06-07 14:21:00,MM,Lasker18Sc130_1_D0126,15.0,D0126,20191216.0,NGS Illumina Miseq,mimarks survey,Davenport (dawn),100.0,2018-06-07 14:21:00
Lasker18Sc130_3_D0127_TT,D0127,50.0,D0127,TT50,TT50_CGTTACTA,CGTTACTA,GTCGGTAAAACTCGTGCCAGC,CATAGTGGGGTATCTAATCCCAGTTTG,environmental,12S,50,Lasker18Sc130_3_D0127_S25_L001_R1_001.fastq.gz,Lasker18Sc130_3_D0127_S25_L001_R2_001.fastq.gz,marine biome  (ENVO:00000447),coastal water (ENVO:00001250),waterborne particulate matter (ENVO:01000436),mimarks survey,USA:California:Monterey Bay,0.22um,Poretics,LASKER2018,126,3.0,100.0,Davenport (dawn),Project_Overview_Lasker_2018,LASKER,36.98388889,-122.6005556,16.0,Lasker18,2018.0,6.0,7.0,6/7/18,2018-06-07 14:21:00,TT,Lasker18Sc130_3_D0127,,,,,,Davenport (dawn),100.0,2018-06-07 14:21:00
Lasker18Sc130_5_D0128_TT,D0128,51.0,D0128,TT51,TT51_AGAGTCAC,AGAGTCAC,GTCGGTAAAACTCGTGCCAGC,CATAGTGGGGTATCTAATCCCAGTTTG,environmental,12S,51,Lasker18Sc130_5_D0128_S74_L001_R1_001.fastq.gz,Lasker18Sc130_5_D0128_S74_L001_R2_001.fastq.gz,marine biome  (ENVO:00000447),coastal water (ENVO:00001250),waterborne particulate matter (ENVO:01000436),mimarks survey,USA:California:Monterey Bay,0.22um,Poretics,LASKER2018,126,5.0,100.0,Davenport (dawn),Project_Overview_Lasker_2018,LASKER,36.98388889,-122.6005556,16.0,Lasker18,2018.0,6.0,7.0,6/7/18,2018-06-07 14:21:00,TT,Lasker18Sc130_5_D0128,,,,,,Davenport (dawn),100.0,2018-06-07 14:21:00
Lasker18Sc130_15_D0131_MM,D0131,,,MM16,MM16_GACACCGT,GACACCGT,GTCGGTAAAACTCGTGCCAGC,CATAGTGGGGTATCTAATCCCAGTTTG,environmental,12S,16,Lasker18Sc130_15_D0131_S43_L001_R1_001.fastq.gz,Lasker18Sc130_15_D0131_S43_L001_R2_001.fastq.gz,marine biome  (ENVO:00000447),coastal water (ENVO:00001250),waterborne particulate matter (ENVO:01000436),mimarks survey,USA:California:Monterey Bay,,,Lasker2018,130.0,15.0,10.0,,,LASKER,36 59.02,122 35.62,16.0,,2018.0,6.0,7.0,6/7/18,2018-06-07 14:21:00,MM,Lasker18Sc130_15_D0131,16.0,D0131,20191216.0,NGS Illumina Miseq,mimarks survey,Davenport (dawn),10.0,2018-06-07 14:21:00
Lasker18Sc130_17_D0132_TT,D0132,52.0,D0132,TT52,TT52_TACGAGAC,TACGAGAC,GTCGGTAAAACTCGTGCCAGC,CATAGTGGGGTATCTAATCCCAGTTTG,environmental,12S,52,Lasker18Sc130_17_D0132_S17_L001_R1_001.fastq.gz,Lasker18Sc130_17_D0132_S17_L001_R2_001.fastq.gz,marine biome  (ENVO:00000447),coastal water (ENVO:00001250),waterborne particulate matter (ENVO:01000436),mimarks survey,USA:California:Monterey Bay,0.22um,Poretics,LASKER2018,126,17.0,10.0,Davenport (dawn),Project_Overview_Lasker_2018,LASKER,36.98388889,-122.6005556,16.0,Lasker18,2018.0,6.0,7.0,6/7/18,2018-06-07 14:21:00,TT,Lasker18Sc130_17_D0132,,,,,,Davenport (dawn),10.0,2018-06-07 14:21:00
Lasker18Sc130_19_D0133_TT,D0133,53.0,D0133,TT53,TT53_ACGTCTCG,ACGTCTCG,GTCGGTAAAACTCGTGCCAGC,CATAGTGGGGTATCTAATCCCAGTTTG,environmental,12S,53,Lasker18Sc130_19_D0133_S70_L001_R1_001.fastq.gz,Lasker18Sc130_19_D0133_S70_L001_R2_001.fastq.gz,marine biome  (ENVO:00000447),coastal water (ENVO:00001250),waterborne particulate matter (ENVO:01000436),mimarks survey,USA:California:Monterey Bay,0.22um,Poretics,LASKER2018,126,19.0,10.0,Davenport (dawn),Project_Overview_Lasker_2018,LASKER,36.98388889,-122.6005556,16.0,Lasker18,2018.0,6.0,7.0,6/7/18,2018-06-07 14:21:00,TT,Lasker18Sc130_19_D0133,,,,,,Davenport (dawn),10.0,2018-06-07 14:21:00
Lasker18Sc132_1_D0136_MM,D0136,,,MM17,MM17_ATCGTACG,ATCGTACG,GTCGGTAAAACTCGTGCCAGC,CATAGTGGGGTATCTAATCCCAGTTTG,environmental,12S,17,Lasker18Sc132_1_D0136_S26_L001_R1_001.fastq.gz,Lasker18Sc132_1_D0136_S26_L001_R2_001.fastq.gz,marine biome  (ENVO:00000447),coastal water (ENVO:00001250),waterborne particulate matter (ENVO:01000436),mimarks survey,USA:California:Monterey Bay,,,Lasker2018,132.0,1.0,100.0,,,LASKER,36 59.450,122 31.050,13.0,,2018.0,6.0,7.0,6/7/18,2018-06-07 19:21:00,MM,Lasker18Sc132_1_D0136,17.0,D0136,20191216.0,NGS Illumina Miseq,mimarks survey,Davenport (day),100.0,2018-06-07 19:21:00
Lasker18Sc132_3_D0137_TT,D0137,54.0,D0137,TT54,TT54_TCGACGAG,TCGACGAG,GTCGGTAAAACTCGTGCCAGC,CATAGTGGGGTATCTAATCCCAGTTTG,environmental,12S,54,Lasker18Sc132_3_D0137_S60_L001_R1_001.fastq.gz,Lasker18Sc132_3_D0137_S60_L001_R2_001.fastq.gz,marine biome  (ENVO:00000447),coastal water (ENVO:00001250),waterborne particulate matter (ENVO:01000436),mimarks survey,USA:California:Monterey Bay,0.22um,Poretics,LASKER2018,MB1,3.0,100.0,Davenport (day),Project_Overview_Lasker_2018,LASKER,36.99583333,-122.5180556,13.0,Lasker18,2018.0,6.0,7.0,6/7/18,2018-06-07 19:21:00,TT,Lasker18Sc132_3_D0137,,,,,,Davenport (day),100.0,2018-06-07 19:21:00
Lasker18Sc132_5_D0138_TT,D0138,55.0,D0138,TT55,TT55_GATCGTGT,GATCGTGT,GTCGGTAAAACTCGTGCCAGC,CATAGTGGGGTATCTAATCCCAGTTTG,environmental,12S,55,Lasker18Sc132_5_D0138_S77_L001_R1_001.fastq.gz,Lasker18Sc132_5_D0138_S77_L001_R2_001.fastq.gz,marine biome  (ENVO:00000447),coastal water (ENVO:00001250),waterborne particulate matter (ENVO:01000436),mimarks survey,USA:California:Monterey Bay,0.22um,Poretics,LASKER2018,MB1,5.0,100.0,Davenport (day),Project_Overview_Lasker_2018,LASKER,36.99583333,-122.5180556,13.0,Lasker18,2018.0,6.0,7.0,6/7/18,2018-06-07 19:21:00,TT,Lasker18Sc132_5_D0138,,,,,,Davenport (day),100.0,2018-06-07 19:21:00
Lasker18Sc132_15_D0141_MM,D0141,,,MM18,MM18_ACTATCTG,ACTATCTG,GTCGGTAAAACTCGTGCCAGC,CATAGTGGGGTATCTAATCCCAGTTTG,environmental,12S,18,Lasker18Sc132_15_D0141_S68_L001_R1_001.fastq.gz,Lasker18Sc132_15_D0141_S68_L001_R2_001.fastq.gz,marine biome  (ENVO:00000447),coastal water (ENVO:00001250),waterborne particulate matter (ENVO:01000436),mimarks survey,USA:California:Monterey Bay,,,Lasker2018,132.0,15.0,10.0,,,LASKER,36 59.450,122 31.050,13.0,,2018.0,6.0,7.0,6/7/18,2018-06-07 19:21:00,MM,Lasker18Sc132_15_D0141,18.0,D0141,20191216.0,NGS Illumina Miseq,mimarks survey,Davenport (day),10.0,2018-06-07 19:21:00
Lasker18Sc132_17_D0142_TT,D0142,56.0,D0142,TT56,TT56_GTCAGATA,GTCAGATA,GTCGGTAAAACTCGTGCCAGC,CATAGTGGGGTATCTAATCCCAGTTTG,environmental,12S,56,Lasker18Sc132_17_D0142_S7_L001_R1_001.fastq.gz,Lasker18Sc132_17_D0142_S7_L001_R2_001.fastq.gz,marine biome  (ENVO:00000447),coastal water (ENVO:00001250),waterborne particulate matter (ENVO:01000436),mimarks survey,USA:California:Monterey Bay,0.22um,Poretics,LASKER2018,MB1,17.0,10.0,Davenport (day),Project_Overview_Lasker_2018,LASKER,36.99583333,-122.5180556,13.0,Lasker18,2018.0,6.0,7.0,6/7/18,2018-06-07 19:21:00,TT,Lasker18Sc132_17_D0142,,,,,,Davenport (day),10.0,2018-06-07 19:21:00
Lasker18Sc132_19_D0143_TT,D0143,57.0,D0143,TT57,TT57_CTACTATA,CTACTATA,GTCGGTAAAACTCGTGCCAGC,CATAGTGGGGTATCTAATCCCAGTTTG,environmental,12S,57,Lasker18Sc132_19_D0143_S86_L001_R1_001.fastq.gz,Lasker18Sc132_19_D0143_S86_L001_R2_001.fastq.gz,marine biome  (ENVO:00000447),coastal water (ENVO:00001250),waterborne particulate matter (ENVO:01000436),mimarks survey,USA:California:Monterey Bay,0.22um,Poretics,LASKER2018,MB1,19.0,10.0,Davenport (day),Project_Overview_Lasker_2018,LASKER,36.99583333,-122.5180556,13.0,Lasker18,2018.0,6.0,7.0,6/7/18,2018-06-07 19:21:00,TT,Lasker18Sc132_19_D0143,,,,,,Davenport (day),10.0,2018-06-07 19:21:00
Lasker18Sc133_1_D0146_MM,D0146,,,MM19,MM19_TAGCGAGT,TAGCGAGT,GTCGGTAAAACTCGTGCCAGC,CATAGTGGGGTATCTAATCCCAGTTTG,environmental,12S,19,Lasker18Sc133_1_D0146_S69_L001_R1_001.fastq.gz,Lasker18Sc133_1_D0146_S69_L001_R2_001.fastq.gz,marine biome  (ENVO:00000447),coastal water (ENVO:00001250),waterborne particulate matter (ENVO:01000436),mimarks survey,USA:California:Monterey Bay,,,Lasker2018,133.0,1.0,70.0,,,LASKER,36 59.430,122 31.070,3.0,,2018.0,6.0,7.0,6/7/18,2018-06-07 02:36:00,MM,Lasker18Sc133_1_D0146,19.0,D0146,20191216.0,NGS Illumina Miseq,mimarks survey,Davenport (dusk),70.0,2018-06-07 02:36:00
Lasker18Sc133_3_D0147_TT,D0147,58.0,D0147,TT58,TT58_CGTTACTA,CGTTACTA,GTCGGTAAAACTCGTGCCAGC,CATAGTGGGGTATCTAATCCCAGTTTG,environmental,12S,58,Lasker18Sc133_3_D0147_S6_L001_R1_001.fastq.gz,Lasker18Sc133_3_D0147_S6_L001_R2_001.fastq.gz,marine biome  (ENVO:00000447),coastal water (ENVO:00001250),waterborne particulate matter (ENVO:01000436),mimarks survey,USA:California:Monterey Bay,0.22um,Poretics,LASKER2018,123,3.0,70.0,Davenport (dusk),Project_Overview_Lasker_2018,LASKER,36.99527778,-122.5186111,3.0,Lasker18,2018.0,6.0,7.0,6/7/18,2018-06-07 02:36:00,TT,Lasker18Sc133_3_D0147,,,,,,Davenport (dusk),70.0,2018-06-07 02:36:00
Lasker18Sc133_5_D0148_TT,D0148,59.0,D0148,TT59,TT59_AGAGTCAC,AGAGTCAC,GTCGGTAAAACTCGTGCCAGC,CATAGTGGGGTATCTAATCCCAGTTTG,environmental,12S,59,Lasker18Sc133_5_D0148_S46_L001_R1_001.fastq.gz,Lasker18Sc133_5_D0148_S46_L001_R2_001.fastq.gz,marine biome  (ENVO:00000447),coastal water (ENVO:00001250),waterborne particulate matter (ENVO:01000436),mimarks survey,USA:California:Monterey Bay,0.22um,Poretics,LASKER2018,123,5.0,70.0,Davenport (dusk),Project_Overview_Lasker_2018,LASKER,36.99527778,-122.5186111,3.0,Lasker18,2018.0,6.0,7.0,6/7/18,2018-06-07 02:36:00,TT,Lasker18Sc133_5_D0148,,,,,,Davenport (dusk),70.0,2018-06-07 02:36:00
Lasker18Sc133_15_D0151_MM,D0151,,,MM20,MM20_CTGCGTGT,CTGCGTGT,GTCGGTAAAACTCGTGCCAGC,CATAGTGGGGTATCTAATCCCAGTTTG,environmental,12S,20,Lasker18Sc133_15_D0151_S35_L001_R1_001.fastq.gz,Lasker18Sc133_15_D0151_S35_L001_R2_001.fastq.gz,marine biome  (ENVO:00000447),coastal water (ENVO:00001250),waterborne particulate matter (ENVO:01000436),mimarks survey,USA:California:Monterey Bay,,,Lasker2018,133.0,15.0,10.0,,,LASKER,36 59.430,122 31.070,3.0,,2018.0,6.0,7.0,6/7/18,2018-06-07 02:36:00,MM,Lasker18Sc133_15_D0151,20.0,D0151,20191216.0,NGS Illumina Miseq,mimarks survey,Davenport (dusk),10.0,2018-06-07 02:36:00
Lasker18Sc133_17_D0152_TT,D0152,60.0,D0152,TT60,TT60_TACGAGAC,TACGAGAC,GTCGGTAAAACTCGTGCCAGC,CATAGTGGGGTATCTAATCCCAGTTTG,environmental,12S,60,Lasker18Sc133_17_D0152_S54_L001_R1_001.fastq.gz,Lasker18Sc133_17_D0152_S54_L001_R2_001.fastq.gz,marine biome  (ENVO:00000447),coastal water (ENVO:00001250),waterborne particulate matter (ENVO:01000436),mimarks survey,USA:California:Monterey Bay,0.22um,Poretics,LASKER2018,123,17.0,10.0,Davenport (dusk),Project_Overview_Lasker_2018,LASKER,36.99527778,-122.5186111,3.0,Lasker18,2018.0,6.0,7.0,6/7/18,2018-06-07 02:36:00,TT,Lasker18Sc133_17_D0152,,,,,,Davenport (dusk),10.0,2018-06-07 02:36:00
Lasker18Sc133_19_D0153_TT,D0153,61.0,D0153,TT61,TT61_ACGTCTCG,ACGTCTCG,GTCGGTAAAACTCGTGCCAGC,CATAGTGGGGTATCTAATCCCAGTTTG,environmental,12S,61,Lasker18Sc133_19_D0153_S36_L001_R1_001.fastq.gz,Lasker18Sc133_19_D0153_S36_L001_R2_001.fastq.gz,marine biome  (ENVO:00000447),coastal water (ENVO:00001250),waterborne particulate matter (ENVO:01000436),mimarks survey,USA:California:Monterey Bay,0.22um,Poretics,LASKER2018,123,19.0,10.0,Davenport (dusk),Project_Overview_Lasker_2018,LASKER,36.99527778,-122.5186111,3.0,Lasker18,2018.0,6.0,7.0,6/7/18,2018-06-07 02:36:00,TT,Lasker18Sc133_19_D0153,,,,,,Davenport (dusk),10.0,2018-06-07 02:36:00
Lasker18Sc134_1_D0157_MM,D0157,,,MM21,MM21_TCATCGAG,TCATCGAG,GTCGGTAAAACTCGTGCCAGC,CATAGTGGGGTATCTAATCCCAGTTTG,environmental,12S,21,Lasker18Sc134_1_D0157_S95_L001_R1_001.fastq.gz,Lasker18Sc134_1_D0157_S95_L001_R2_001.fastq.gz,marine biome  (ENVO:00000447),coastal water (ENVO:00001250),waterborne particulate matter (ENVO:01000436),mimarks survey,USA:California:Monterey Bay,,,Lasker2018,134.0,1.0,50.0,,,LASKER,36 58.860,122 27.210,3.0,,2018.0,6.0,8.0,6/8/18,2018-06-08 08:32:00,MM,Lasker18Sc134_1_D0157,21.0,D0157,20191216.0,NGS Illumina Miseq,mimarks survey,Davenport (midnight),50.0,2018-06-08 08:32:00
Lasker18Sc134_3_D0158_TT,D0158,62.0,D0158,TT62,TT62_TCGACGAG,TCGACGAG,GTCGGTAAAACTCGTGCCAGC,CATAGTGGGGTATCTAATCCCAGTTTG,environmental,12S,62,Lasker18Sc134_3_D0158_S4_L001_R1_001.fastq.gz,Lasker18Sc134_3_D0158_S4_L001_R2_001.fastq.gz,marine biome  (ENVO:00000447),coastal water (ENVO:00001250),waterborne particulate matter (ENVO:01000436),mimarks survey,USA:California:Monterey Bay,0.22um,Poretics,LASKER2018,125,3.0,50.0,Davenport (midnight),Project_Overview_Lasker_2018,LASKER,36.99055556,-122.4558333,3.0,Lasker18,2018.0,6.0,8.0,6/8/18,2018-06-08 08:32:00,TT,Lasker18Sc134_3_D0158,,,,,,Davenport (midnight),50.0,2018-06-08 08:32:00
Lasker18Sc134_5_D0159_TT,D0159,63.0,D0159,TT63,TT63_GATCGTGT,GATCGTGT,GTCGGTAAAACTCGTGCCAGC,CATAGTGGGGTATCTAATCCCAGTTTG,environmental,12S,63,Lasker18Sc134_5_D0159_S52_L001_R1_001.fastq.gz,Lasker18Sc134_5_D0159_S52_L001_R2_001.fastq.gz,marine biome  (ENVO:00000447),coastal water (ENVO:00001250),waterborne particulate matter (ENVO:01000436),mimarks survey,USA:California:Monterey Bay,0.22um,Poretics,LASKER2018,125,5.0,50.0,Davenport (midnight),Project_Overview_Lasker_2018,LASKER,36.99055556,-122.4558333,3.0,Lasker18,2018.0,6.0,8.0,6/8/18,2018-06-08 08:32:00,TT,Lasker18Sc134_5_D0159,,,,,,Davenport (midnight),50.0,2018-06-08 08:32:00
Lasker18Sc134_15_D0162_MM,D0162,,,MM22,MM22_CGTGAGTG,CGTGAGTG,GTCGGTAAAACTCGTGCCAGC,CATAGTGGGGTATCTAATCCCAGTTTG,environmental,12S,22,Lasker18Sc134_15_D0162_S14_L001_R1_001.fastq.gz,Lasker18Sc134_15_D0162_S14_L001_R2_001.fastq.gz,marine biome  (ENVO:00000447),coastal water (ENVO:00001250),waterborne particulate matter (ENVO:01000436),mimarks survey,USA:California:Monterey Bay,,,Lasker2018,134.0,15.0,10.0,,,LASKER,36 58.860,122 27.210,3.0,,2018.0,6.0,8.0,6/8/18,2018-06-08 08:32:00,MM,Lasker18Sc134_15_D0162,22.0,D0162,20191216.0,NGS Illumina Miseq,mimarks survey,Davenport (midnight),10.0,2018-06-08 08:32:00
Lasker18Sc134_17_D0163_TT,D0163,65.0,D0163,TT65,TT65_CTACTATA,CTACTATA,GTCGGTAAAACTCGTGCCAGC,CATAGTGGGGTATCTAATCCCAGTTTG,environmental,12S,65,Lasker18Sc134_17_D0163_S26_L001_R1_001.fastq.gz,Lasker18Sc134_17_D0163_S26_L001_R2_001.fastq.gz,marine biome  (ENVO:00000447),coastal water (ENVO:00001250),waterborne particulate matter (ENVO:01000436),mimarks survey,USA:California:Monterey Bay,0.22um,Poretics,LASKER2018,125,17.0,10.0,Davenport (midnight),Project_Overview_Lasker_2018,LASKER,36.99055556,-122.4558333,3.0,Lasker18,2018.0,6.0,8.0,6/8/18,2018-06-08 08:32:00,TT,Lasker18Sc134_17_D0163,,,,,,Davenport (midnight),10.0,2018-06-08 08:32:00
Lasker18Sc134_19_D0164_TT,D0164,66.0,D0164,TT66,TT66_CGTTACTA,CGTTACTA,GTCGGTAAAACTCGTGCCAGC,CATAGTGGGGTATCTAATCCCAGTTTG,environmental,12S,66,Lasker18Sc134_19_D0164_S32_L001_R1_001.fastq.gz,Lasker18Sc134_19_D0164_S32_L001_R2_001.fastq.gz,marine biome  (ENVO:00000447),coastal water (ENVO:00001250),waterborne particulate matter (ENVO:01000436),mimarks survey,USA:California:Monterey Bay,0.22um,Poretics,LASKER2018,125,19.0,10.0,Davenport (midnight),Project_Overview_Lasker_2018,LASKER,36.99055556,-122.4558333,3.0,Lasker18,2018.0,6.0,8.0,6/8/18,2018-06-08 08:32:00,TT,Lasker18Sc134_19_D0164,,,,,,Davenport (midnight),10.0,2018-06-08 08:32:00
Lasker18Sc135_1_D0167_MM,D0167,,,MM23,MM23_GGATATCT,GGATATCT,GTCGGTAAAACTCGTGCCAGC,CATAGTGGGGTATCTAATCCCAGTTTG,environmental,12S,23,Lasker18Sc135_1_D0167_S20_L001_R1_001.fastq.gz,Lasker18Sc135_1_D0167_S20_L001_R2_001.fastq.gz,marine biome  (ENVO:00000447),coastal water (ENVO:00001250),waterborne particulate matter (ENVO:01000436),mimarks survey,USA:California:Monterey Bay,,,Lasker2018,135.0,1.0,100.0,,,LASKER,37 0.320,122 48.020,4.0,,2018.0,6.0,8.0,6/8/18,2018-06-08 12:39:00,MM,Lasker18Sc135_1_D0167,23.0,D0167,20191216.0,NGS Illumina Miseq,mimarks survey,Davenport (dawn),100.0,2018-06-08 12:39:00
Lasker18Sc135_15_D0172_MM,D0172,,,MM24,MM24_GACACCGT,GACACCGT,GTCGGTAAAACTCGTGCCAGC,CATAGTGGGGTATCTAATCCCAGTTTG,environmental,12S,24,Lasker18Sc135_15_D0172_S73_L001_R1_001.fastq.gz,Lasker18Sc135_15_D0172_S73_L001_R2_001.fastq.gz,marine biome  (ENVO:00000447),coastal water (ENVO:00001250),waterborne particulate matter (ENVO:01000436),mimarks survey,USA:California:Monterey Bay,,,Lasker2018,135.0,15.0,10.0,,,LASKER,37 0.320,122 48.020,4.0,,2018.0,6.0,8.0,6/8/18,2018-06-08 12:39:00,MM,Lasker18Sc135_15_D0172,24.0,D0172,20191216.0,NGS Illumina Miseq,mimarks survey,Davenport (dawn),10.0,2018-06-08 12:39:00
Lasker18Sc135_17_D0173_TT,D0173,67.0,D0173,TT67,TT67_AGAGTCAC,AGAGTCAC,GTCGGTAAAACTCGTGCCAGC,CATAGTGGGGTATCTAATCCCAGTTTG,environmental,12S,67,Lasker18Sc135_17_D0173_S43_L001_R1_001.fastq.gz,Lasker18Sc135_17_D0173_S43_L001_R2_001.fastq.gz,marine biome  (ENVO:00000447),coastal water (ENVO:00001250),waterborne particulate matter (ENVO:01000436),mimarks survey,USA:California:Monterey Bay,0.22um,Poretics,LASKER2018,127,17.0,10.0,Davenport (dawn),Project_Overview_Lasker_2018,LASKER,37.00888889,-122.8005556,4.0,Lasker18,2018.0,6.0,8.0,6/8/18,2018-06-08 12:39:00,TT,Lasker18Sc135_17_D0173,,,,,,Davenport (dawn),10.0,2018-06-08 12:39:00
Lasker18Sc135_19_D0174_TT,D0174,68.0,D0174,TT68,TT68_TACGAGAC,TACGAGAC,GTCGGTAAAACTCGTGCCAGC,CATAGTGGGGTATCTAATCCCAGTTTG,environmental,12S,68,Lasker18Sc135_19_D0174_S63_L001_R1_001.fastq.gz,Lasker18Sc135_19_D0174_S63_L001_R2_001.fastq.gz,marine biome  (ENVO:00000447),coastal water (ENVO:00001250),waterborne particulate matter (ENVO:01000436),mimarks survey,USA:California:Monterey Bay,0.22um,Poretics,LASKER2018,127,19.0,10.0,Davenport (dawn),Project_Overview_Lasker_2018,LASKER,37.00888889,-122.8005556,4.0,Lasker18,2018.0,6.0,8.0,6/8/18,2018-06-08 12:39:00,TT,Lasker18Sc135_19_D0174,,,,,,Davenport (dawn),10.0,2018-06-08 12:39:00
Lasker18Sc138_1_D0177_MM,D0177,,,MM25,MM25_ATCGTACG,ATCGTACG,GTCGGTAAAACTCGTGCCAGC,CATAGTGGGGTATCTAATCCCAGTTTG,environmental,12S,25,Lasker18Sc138_1_D0177_S45_L001_R1_001.fastq.gz,Lasker18Sc138_1_D0177_S45_L001_R2_001.fastq.gz,marine biome  (ENVO:00000447),coastal water (ENVO:00001250),waterborne particulate matter (ENVO:01000436),mimarks survey,USA:California:Monterey Bay,,,Lasker2018,138.0,1.0,100.0,,,LASKER,36 59.840,122 31.200,11.0,,2018.0,6.0,8.0,6/8/18,2018-06-08 19:10:00,MM,Lasker18Sc138_1_D0177,25.0,D0177,20191216.0,NGS Illumina Miseq,mimarks survey,Monterey Outside (day),100.0,2018-06-08 19:10:00
Lasker18Sc138_15_D0182_MM,D0182,,,MM26,MM26_ACTATCTG,ACTATCTG,GTCGGTAAAACTCGTGCCAGC,CATAGTGGGGTATCTAATCCCAGTTTG,environmental,12S,26,Lasker18Sc138_15_D0182_S2_L001_R1_001.fastq.gz,Lasker18Sc138_15_D0182_S2_L001_R2_001.fastq.gz,marine biome  (ENVO:00000447),coastal water (ENVO:00001250),waterborne particulate matter (ENVO:01000436),mimarks survey,USA:California:Monterey Bay,,,Lasker2018,138.0,15.0,8.0,,,LASKER,36 59.840,122 31.200,11.0,,2018.0,6.0,8.0,6/8/18,2018-06-08 19:10:00,MM,Lasker18Sc138_15_D0182,26.0,D0182,20191216.0,NGS Illumina Miseq,mimarks survey,Monterey Outside (day),8.0,2018-06-08 19:10:00
Lasker18Sc140_1_D0187_MM,D0187,,,MM27,MM27_TAGCGAGT,TAGCGAGT,GTCGGTAAAACTCGTGCCAGC,CATAGTGGGGTATCTAATCCCAGTTTG,environmental,12S,27,Lasker18Sc140_1_D0187_S54_L001_R1_001.fastq.gz,Lasker18Sc140_1_D0187_S54_L001_R2_001.fastq.gz,marine biome  (ENVO:00000447),coastal water (ENVO:00001250),waterborne particulate matter (ENVO:01000436),mimarks survey,USA:California:Monterey Bay,,,Lasker2018,140.0,1.0,100.0,,,LASKER,36 41.170,122 6.790,6.0,,2018.0,6.0,8.0,6/8/18,2018-06-08 02:44:00,MM,Lasker18Sc140_1_D0187,27.0,D0187,20191216.0,NGS Illumina Miseq,mimarks survey,Monterey Outside (dusk),100.0,2018-06-08 02:44:00
Lasker18Sc140_15_D0192_MM,D0192,,,MM28,MM28_CTGCGTGT,CTGCGTGT,GTCGGTAAAACTCGTGCCAGC,CATAGTGGGGTATCTAATCCCAGTTTG,environmental,12S,28,Lasker18Sc140_15_D0192_S3_L001_R1_001.fastq.gz,Lasker18Sc140_15_D0192_S3_L001_R2_001.fastq.gz,marine biome  (ENVO:00000447),coastal water (ENVO:00001250),waterborne particulate matter (ENVO:01000436),mimarks survey,USA:California:Monterey Bay,,,Lasker2018,140.0,15.0,10.0,,,LASKER,36 41.170,122 6.790,6.0,,2018.0,6.0,8.0,6/8/18,2018-06-08 02:44:00,MM,Lasker18Sc140_15_D0192,28.0,D0192,20191216.0,NGS Illumina Miseq,mimarks survey,Monterey Outside (dusk),10.0,2018-06-08 02:44:00
Lasker18Sc142_1_D0198_MM,D0198,,,MM29,MM29_TCATCGAG,TCATCGAG,GTCGGTAAAACTCGTGCCAGC,CATAGTGGGGTATCTAATCCCAGTTTG,environmental,12S,29,Lasker18Sc142_1_D0198_S64_L001_R1_001.fastq.gz,Lasker18Sc142_1_D0198_S64_L001_R2_001.fastq.gz,marine biome  (ENVO:00000447),coastal water (ENVO:00001250),waterborne particulate matter (ENVO:01000436),mimarks survey,USA:California:Monterey Bay,,,Lasker2018,142.0,1.0,100.0,,,LASKER,36 35.120,122 3.550,32.0,,2018.0,6.0,9.0,6/9/18,2018-06-09 07:48:00,MM,Lasker18Sc142_1_D0198,29.0,D0198,20191216.0,NGS Illumina Miseq,mimarks survey,Monterey Outside (midnight),100.0,2018-06-09 07:48:00
Lasker18Sc142_15_D0203_MM,D0203,,,MM30,MM30_CGTGAGTG,CGTGAGTG,GTCGGTAAAACTCGTGCCAGC,CATAGTGGGGTATCTAATCCCAGTTTG,environmental,12S,30,Lasker18Sc142_15_D0203_S42_L001_R1_001.fastq.gz,Lasker18Sc142_15_D0203_S42_L001_R2_001.fastq.gz,marine biome  (ENVO:00000447),coastal water (ENVO:00001250),waterborne particulate matter (ENVO:01000436),mimarks survey,USA:California:Monterey Bay,,,Lasker2018,142.0,15.0,20.0,,,LASKER,36 35.120,122 3.550,32.0,,2018.0,6.0,9.0,6/9/18,2018-06-09 07:48:00,MM,Lasker18Sc142_15_D0203,30.0,D0203,20191216.0,NGS Illumina Miseq,mimarks survey,Monterey Outside (midnight),20.0,2018-06-09 07:48:00
Lasker18Sc143_1_D0208_MM,D0208,,,MM31,MM31_GGATATCT,GGATATCT,GTCGGTAAAACTCGTGCCAGC,CATAGTGGGGTATCTAATCCCAGTTTG,environmental,12S,31,Lasker18Sc143_1_D0208_S28_L001_R1_001.fastq.gz,Lasker18Sc143_1_D0208_S28_L001_R2_001.fastq.gz,marine biome  (ENVO:00000447),coastal water (ENVO:00001250),waterborne particulate matter (ENVO:01000436),mimarks survey,USA:California:Monterey Bay,,,Lasker2018,143.0,1.0,200.0,,,LASKER,36 35.74,122 20.010,14.0,,2018.0,6.0,9.0,6/9/18,2018-06-09 12:00:00,MM,Lasker18Sc143_1_D0208,31.0,D0208,20191216.0,NGS Illumina Miseq,mimarks survey,Monterey Outside (dawn),200.0,2018-06-09 12:00:00
Lasker18Sc143_15_D0213_MM,D0213,,,MM33,MM33_ATCGTACG,ATCGTACG,GTCGGTAAAACTCGTGCCAGC,CATAGTGGGGTATCTAATCCCAGTTTG,environmental,12S,33,Lasker18Sc143_15_D0213_S70_L001_R1_001.fastq.gz,Lasker18Sc143_15_D0213_S70_L001_R2_001.fastq.gz,marine biome  (ENVO:00000447),coastal water (ENVO:00001250),waterborne particulate matter (ENVO:01000436),mimarks survey,USA:California:Monterey Bay,,,Lasker2018,143.0,15.0,10.0,,,LASKER,36 35.74,122 20.010,14.0,,2018.0,6.0,9.0,6/9/18,2018-06-09 12:00:00,MM,Lasker18Sc143_15_D0213,33.0,D0213,20191216.0,NGS Illumina Miseq,mimarks survey,Monterey Outside (dawn),10.0,2018-06-09 12:00:00
Lasker18Sc145_1_D0218_MM,D0218,,,MM34,MM34_ACTATCTG,ACTATCTG,GTCGGTAAAACTCGTGCCAGC,CATAGTGGGGTATCTAATCCCAGTTTG,environmental,12S,34,Lasker18Sc145_1_D0218_S88_L001_R1_001.fastq.gz,Lasker18Sc145_1_D0218_S88_L001_R2_001.fastq.gz,marine biome  (ENVO:00000447),coastal water (ENVO:00001250),waterborne particulate matter (ENVO:01000436),mimarks survey,USA:California:Monterey Bay,,,Lasker2018,145.0,1.0,100.0,,,LASKER,36 59.130,122 31.250,10.0,,2018.0,6.0,9.0,6/9/18,2018-06-09 18:02:00,MM,Lasker18Sc145_1_D0218,34.0,D0218,20191216.0,NGS Illumina Miseq,mimarks survey,Monterey Inside (day),100.0,2018-06-09 18:02:00
Lasker18Sc145_3_D0219_TT,D0219,69.0,D0219,TT69,TT69_ACGTCTCG,ACGTCTCG,GTCGGTAAAACTCGTGCCAGC,CATAGTGGGGTATCTAATCCCAGTTTG,environmental,12S,69,Lasker18Sc145_3_D0219_S13_L001_R1_001.fastq.gz,Lasker18Sc145_3_D0219_S13_L001_R2_001.fastq.gz,marine biome  (ENVO:00000447),coastal water (ENVO:00001250),waterborne particulate matter (ENVO:01000436),mimarks survey,USA:California:Monterey Bay,0.22um,Poretics,LASKER2018,MB8,3.0,100.0,Monterey Inside (day),Project_Overview_Lasker_2018,LASKER,36.98694444,-122.5236111,10.0,Lasker18,2018.0,6.0,9.0,6/9/18,2018-06-09 18:02:00,TT,Lasker18Sc145_3_D0219,,,,,,Monterey Inside (day),100.0,2018-06-09 18:02:00
Lasker18Sc145_5_D0220_TT,D0220,70.0,D0220,TT70,TT70_TCGACGAG,TCGACGAG,GTCGGTAAAACTCGTGCCAGC,CATAGTGGGGTATCTAATCCCAGTTTG,environmental,12S,70,Lasker18Sc145_5_D0220_S73_L001_R1_001.fastq.gz,Lasker18Sc145_5_D0220_S73_L001_R2_001.fastq.gz,marine biome  (ENVO:00000447),coastal water (ENVO:00001250),waterborne particulate matter (ENVO:01000436),mimarks survey,USA:California:Monterey Bay,0.22um,Poretics,LASKER2018,MB8,5.0,100.0,Monterey Inside (day),Project_Overview_Lasker_2018,LASKER,36.98694444,-122.5236111,10.0,Lasker18,2018.0,6.0,9.0,6/9/18,2018-06-09 18:02:00,TT,Lasker18Sc145_5_D0220,,,,,,Monterey Inside (day),100.0,2018-06-09 18:02:00
Lasker18Sc145_15_D0223_MM,D0223,,,MM35,MM35_TAGCGAGT,TAGCGAGT,GTCGGTAAAACTCGTGCCAGC,CATAGTGGGGTATCTAATCCCAGTTTG,environmental,12S,35,Lasker18Sc145_15_D0223_S44_L001_R1_001.fastq.gz,Lasker18Sc145_15_D0223_S44_L001_R2_001.fastq.gz,marine biome  (ENVO:00000447),coastal water (ENVO:00001250),waterborne particulate matter (ENVO:01000436),mimarks survey,USA:California:Monterey Bay,,,Lasker2018,145.0,15.0,10.0,,,LASKER,36 59.130,122 31.250,10.0,,2018.0,6.0,9.0,6/9/18,2018-06-09 18:02:00,MM,Lasker18Sc145_15_D0223,35.0,D0223,20191216.0,NGS Illumina Miseq,mimarks survey,Monterey Inside (day),10.0,2018-06-09 18:02:00
Lasker18Sc145_17_D0224_TT,D0224,71.0,D0224,TT71,TT71_GATCGTGT,GATCGTGT,GTCGGTAAAACTCGTGCCAGC,CATAGTGGGGTATCTAATCCCAGTTTG,environmental,12S,71,Lasker18Sc145_17_D0224_S44_L001_R1_001.fastq.gz,Lasker18Sc145_17_D0224_S44_L001_R2_001.fastq.gz,marine biome  (ENVO:00000447),coastal water (ENVO:00001250),waterborne particulate matter (ENVO:01000436),mimarks survey,USA:California:Monterey Bay,0.22um,Poretics,LASKER2018,MB8,17.0,10.0,Monterey Inside (day),Project_Overview_Lasker_2018,LASKER,36.98694444,-122.5236111,10.0,Lasker18,2018.0,6.0,9.0,6/9/18,2018-06-09 18:02:00,TT,Lasker18Sc145_17_D0224,,,,,,Monterey Inside (day),10.0,2018-06-09 18:02:00
Lasker18Sc145_19_D0225_TT,D0225,72.0,D0225,TT72,TT72_GTCAGATA,GTCAGATA,GTCGGTAAAACTCGTGCCAGC,CATAGTGGGGTATCTAATCCCAGTTTG,environmental,12S,72,Lasker18Sc145_19_D0225_S50_L001_R1_001.fastq.gz,Lasker18Sc145_19_D0225_S50_L001_R2_001.fastq.gz,marine biome  (ENVO:00000447),coastal water (ENVO:00001250),waterborne particulate matter (ENVO:01000436),mimarks survey,USA:California:Monterey Bay,0.22um,Poretics,LASKER2018,MB8,19.0,10.0,Monterey Inside (day),Project_Overview_Lasker_2018,LASKER,36.98694444,-122.5236111,10.0,Lasker18,2018.0,6.0,9.0,6/9/18,2018-06-09 18:02:00,TT,Lasker18Sc145_19_D0225,,,,,,Monterey Inside (day),10.0,2018-06-09 18:02:00
Lasker18Sc150_1_D0228_MM,D0228,,,MM36,MM36_CTGCGTGT,CTGCGTGT,GTCGGTAAAACTCGTGCCAGC,CATAGTGGGGTATCTAATCCCAGTTTG,environmental,12S,36,Lasker18Sc150_1_D0228_S22_L001_R1_001.fastq.gz,Lasker18Sc150_1_D0228_S22_L001_R2_001.fastq.gz,marine biome  (ENVO:00000447),coastal water (ENVO:00001250),waterborne particulate matter (ENVO:01000436),mimarks survey,USA:California:Monterey Bay,,,Lasker2018,150.0,1.0,50.0,,,LASKER,36 51.071,121 59.280,8.0,,2018.0,6.0,9.0,6/9/18,2018-06-09 02:49:00,MM,Lasker18Sc150_1_D0228,36.0,D0228,20191216.0,NGS Illumina Miseq,mimarks survey,Monterey Inside (dusk),50.0,2018-06-09 02:49:00
Lasker18Sc150_3_D0229_TT,D0229,73.0,D0229,TT73,TT73_CTACTATA,CTACTATA,GTCGGTAAAACTCGTGCCAGC,CATAGTGGGGTATCTAATCCCAGTTTG,environmental,12S,73,Lasker18Sc150_3_D0229_S42_L001_R1_001.fastq.gz,Lasker18Sc150_3_D0229_S42_L001_R2_001.fastq.gz,marine biome  (ENVO:00000447),coastal water (ENVO:00001250),waterborne particulate matter (ENVO:01000436),mimarks survey,USA:California:Monterey Bay,0.22um,Poretics,LASKER2018,119,3.0,50.0,Monterey Inside (dusk),Project_Overview_Lasker_2018,LASKER,36.85194444,-121.9911111,8.0,Lasker18,2018.0,6.0,9.0,6/9/18,2018-06-09 02:49:00,TT,Lasker18Sc150_3_D0229,,,,,,Monterey Inside (dusk),50.0,2018-06-09 02:49:00
Lasker18Sc150_5_D0230_TT,D0230,74.0,D0230,TT74,TT74_CGTTACTA,CGTTACTA,GTCGGTAAAACTCGTGCCAGC,CATAGTGGGGTATCTAATCCCAGTTTG,environmental,12S,74,Lasker18Sc150_5_D0230_S31_L001_R1_001.fastq.gz,Lasker18Sc150_5_D0230_S31_L001_R2_001.fastq.gz,marine biome  (ENVO:00000447),coastal water (ENVO:00001250),waterborne particulate matter (ENVO:01000436),mimarks survey,USA:California:Monterey Bay,0.22um,Poretics,LASKER2018,119,5.0,50.0,Monterey Inside (dusk),Project_Overview_Lasker_2018,LASKER,36.85194444,-121.9911111,8.0,Lasker18,2018.0,6.0,9.0,6/9/18,2018-06-09 02:49:00,TT,Lasker18Sc150_5_D0230,,,,,,Monterey Inside (dusk),50.0,2018-06-09 02:49:00
Lasker18Sc150_15_D0233_MM,D0233,,,MM37,MM37_TCATCGAG,TCATCGAG,GTCGGTAAAACTCGTGCCAGC,CATAGTGGGGTATCTAATCCCAGTTTG,environmental,12S,37,Lasker18Sc150_15_D0233_S7_L001_R1_001.fastq.gz,Lasker18Sc150_15_D0233_S7_L001_R2_001.fastq.gz,marine biome  (ENVO:00000447),coastal water (ENVO:00001250),waterborne particulate matter (ENVO:01000436),mimarks survey,USA:California:Monterey Bay,,,Lasker2018,150.0,15.0,10.0,,,LASKER,36 51.071,121 59.280,8.0,,2018.0,6.0,9.0,6/9/18,2018-06-09 02:49:00,MM,Lasker18Sc150_15_D0233,37.0,D0233,20191216.0,NGS Illumina Miseq,mimarks survey,Monterey Inside (dusk),10.0,2018-06-09 02:49:00
Lasker18Sc150_17_D0234_TT,D0234,75.0,D0234,TT75,TT75_AGAGTCAC,AGAGTCAC,GTCGGTAAAACTCGTGCCAGC,CATAGTGGGGTATCTAATCCCAGTTTG,environmental,12S,75,Lasker18Sc150_17_D0234_S39_L001_R1_001.fastq.gz,Lasker18Sc150_17_D0234_S39_L001_R2_001.fastq.gz,marine biome  (ENVO:00000447),coastal water (ENVO:00001250),waterborne particulate matter (ENVO:01000436),mimarks survey,USA:California:Monterey Bay,0.22um,Poretics,LASKER2018,119,17.0,10.0,Monterey Inside (dusk),Project_Overview_Lasker_2018,LASKER,36.85194444,-121.9911111,8.0,Lasker18,2018.0,6.0,9.0,6/9/18,2018-06-09 02:49:00,TT,Lasker18Sc150_17_D0234,,,,,,Monterey Inside (dusk),10.0,2018-06-09 02:49:00
Lasker18Sc150_19_D0235_TT,D0235,76.0,D0235,TT76,TT76_TACGAGAC,TACGAGAC,GTCGGTAAAACTCGTGCCAGC,CATAGTGGGGTATCTAATCCCAGTTTG,environmental,12S,76,Lasker18Sc150_19_D0235_S33_L001_R1_001.fastq.gz,Lasker18Sc150_19_D0235_S33_L001_R2_001.fastq.gz,marine biome  (ENVO:00000447),coastal water (ENVO:00001250),waterborne particulate matter (ENVO:01000436),mimarks survey,USA:California:Monterey Bay,0.22um,Poretics,LASKER2018,119,19.0,10.0,Monterey Inside (dusk),Project_Overview_Lasker_2018,LASKER,36.85194444,-121.9911111,8.0,Lasker18,2018.0,6.0,9.0,6/9/18,2018-06-09 02:49:00,TT,Lasker18Sc150_19_D0235,,,,,,Monterey Inside (dusk),10.0,2018-06-09 02:49:00
Lasker18Sc151_1_D0239_MM,D0239,,,MM38,MM38_CGTGAGTG,CGTGAGTG,GTCGGTAAAACTCGTGCCAGC,CATAGTGGGGTATCTAATCCCAGTTTG,environmental,12S,38,Lasker18Sc151_1_D0239_S80_L001_R1_001.fastq.gz,Lasker18Sc151_1_D0239_S80_L001_R2_001.fastq.gz,marine biome  (ENVO:00000447),coastal water (ENVO:00001250),waterborne particulate matter (ENVO:01000436),mimarks survey,USA:California:Monterey Bay,,,Lasker2018,151.0,1.0,100.0,,,LASKER,36 47.290,121 54.080,20.0,,2018.0,6.0,10.0,6/10/18,2018-06-10 07:53:00,MM,Lasker18Sc151_1_D0239,38.0,D0239,20191216.0,NGS Illumina Miseq,mimarks survey,Monterey Inside (midnight),100.0,2018-06-10 07:53:00
Lasker18Sc151_3_D0240_TT,D0240,77.0,D0240,TT77,TT77_ACGTCTCG,ACGTCTCG,GTCGGTAAAACTCGTGCCAGC,CATAGTGGGGTATCTAATCCCAGTTTG,environmental,12S,77,Lasker18Sc151_3_D0240_S18_L001_R1_001.fastq.gz,Lasker18Sc151_3_D0240_S18_L001_R2_001.fastq.gz,marine biome  (ENVO:00000447),coastal water (ENVO:00001250),waterborne particulate matter (ENVO:01000436),mimarks survey,USA:California:Monterey Bay,0.22um,Poretics,LASKER2018,114,3.0,100.0,Monterey Inside (midnight),Project_Overview_Lasker_2018,LASKER,36.79138889,-121.9022222,20.0,Lasker18,2018.0,6.0,10.0,6/10/18,2018-06-10 07:53:00,TT,Lasker18Sc151_3_D0240,,,,,,Monterey Inside (midnight),100.0,2018-06-10 07:53:00
Lasker18Sc151_5_D0241_TT,D0241,78.0,D0241,TT78,TT78_TCGACGAG,TCGACGAG,GTCGGTAAAACTCGTGCCAGC,CATAGTGGGGTATCTAATCCCAGTTTG,environmental,12S,78,Lasker18Sc151_5_D0241_S95_L001_R1_001.fastq.gz,Lasker18Sc151_5_D0241_S95_L001_R2_001.fastq.gz,marine biome  (ENVO:00000447),coastal water (ENVO:00001250),waterborne particulate matter (ENVO:01000436),mimarks survey,USA:California:Monterey Bay,0.22um,Poretics,LASKER2018,114,5.0,100.0,Monterey Inside (midnight),Project_Overview_Lasker_2018,LASKER,36.79138889,-121.9022222,20.0,Lasker18,2018.0,6.0,10.0,6/10/18,2018-06-10 07:53:00,TT,Lasker18Sc151_5_D0241,,,,,,Monterey Inside (midnight),100.0,2018-06-10 07:53:00
Lasker18Sc151_15_D0244_MM,D0244,,,MM39,MM39_GGATATCT,GGATATCT,GTCGGTAAAACTCGTGCCAGC,CATAGTGGGGTATCTAATCCCAGTTTG,environmental,12S,39,Lasker18Sc151_15_D0244_S57_L001_R1_001.fastq.gz,Lasker18Sc151_15_D0244_S57_L001_R2_001.fastq.gz,marine biome  (ENVO:00000447),coastal water (ENVO:00001250),waterborne particulate matter (ENVO:01000436),mimarks survey,USA:California:Monterey Bay,,,Lasker2018,151.0,15.0,10.0,,,LASKER,36 47.290,121 54.080,20.0,,2018.0,6.0,10.0,6/10/18,2018-06-10 07:53:00,MM,Lasker18Sc151_15_D0244,39.0,D0244,20191216.0,NGS Illumina Miseq,mimarks survey,Monterey Inside (midnight),10.0,2018-06-10 07:53:00
Lasker18Sc151_17_D0245_TT,D0245,79.0,D0245,TT79,TT79_GATCGTGT,GATCGTGT,GTCGGTAAAACTCGTGCCAGC,CATAGTGGGGTATCTAATCCCAGTTTG,environmental,12S,79,Lasker18Sc151_17_D0245_S16_L001_R1_001.fastq.gz,Lasker18Sc151_17_D0245_S16_L001_R2_001.fastq.gz,marine biome  (ENVO:00000447),coastal water (ENVO:00001250),waterborne particulate matter (ENVO:01000436),mimarks survey,USA:California:Monterey Bay,0.22um,Poretics,LASKER2018,114,17.0,10.0,Monterey Inside (midnight),Project_Overview_Lasker_2018,LASKER,36.79138889,-121.9022222,20.0,Lasker18,2018.0,6.0,10.0,6/10/18,2018-06-10 07:53:00,TT,Lasker18Sc151_17_D0245,,,,,,Monterey Inside (midnight),10.0,2018-06-10 07:53:00
Lasker18Sc151_19_D0246_TT,D0246,80.0,D0246,TT80,TT80_GTCAGATA,GTCAGATA,GTCGGTAAAACTCGTGCCAGC,CATAGTGGGGTATCTAATCCCAGTTTG,environmental,12S,80,Lasker18Sc151_19_D0246_S90_L001_R1_001.fastq.gz,Lasker18Sc151_19_D0246_S90_L001_R2_001.fastq.gz,marine biome  (ENVO:00000447),coastal water (ENVO:00001250),waterborne particulate matter (ENVO:01000436),mimarks survey,USA:California:Monterey Bay,0.22um,Poretics,LASKER2018,114,19.0,10.0,Monterey Inside (midnight),Project_Overview_Lasker_2018,LASKER,36.79138889,-121.9022222,20.0,Lasker18,2018.0,6.0,10.0,6/10/18,2018-06-10 07:53:00,TT,Lasker18Sc151_19_D0246,,,,,,Monterey Inside (midnight),10.0,2018-06-10 07:53:00
Lasker18Sc153_1_D0249_MM,D0249,,,MM40,MM40_GACACCGT,GACACCGT,GTCGGTAAAACTCGTGCCAGC,CATAGTGGGGTATCTAATCCCAGTTTG,environmental,12S,40,Lasker18Sc153_1_D0249_S83_L001_R1_001.fastq.gz,Lasker18Sc153_1_D0249_S83_L001_R2_001.fastq.gz,marine biome  (ENVO:00000447),coastal water (ENVO:00001250),waterborne particulate matter (ENVO:01000436),mimarks survey,USA:California:Monterey Bay,,,Lasker2018,153.0,1.0,50.0,,,LASKER,36 39.68,121 56.89,7.0,,2018.0,6.0,10.0,6/10/18,2018-06-10 12:59:00,MM,Lasker18Sc153_1_D0249,40.0,D0249,20191216.0,NGS Illumina Miseq,mimarks survey,Monterey Inside (dawn),50.0,2018-06-10 12:59:00
Lasker18Sc153_3_D0250_TT,D0250,81.0,D0250,TT81,TT81_CTACTATA,CTACTATA,GTCGGTAAAACTCGTGCCAGC,CATAGTGGGGTATCTAATCCCAGTTTG,environmental,12S,81,Lasker18Sc153_3_D0250_S28_L001_R1_001.fastq.gz,Lasker18Sc153_3_D0250_S28_L001_R2_001.fastq.gz,marine biome  (ENVO:00000447),coastal water (ENVO:00001250),waterborne particulate matter (ENVO:01000436),mimarks survey,USA:California:Monterey Bay,0.22um,Poretics,LASKER2018,112,3.0,50.0,Monterey Inside (dawn),Project_Overview_Lasker_2018,LASKER,36.66888889,-121.9580556,7.0,Lasker18,2018.0,6.0,10.0,6/10/18,2018-06-10 12:59:00,TT,Lasker18Sc153_3_D0250,,,,,,Monterey Inside (dawn),50.0,2018-06-10 12:59:00
Lasker18Sc153_5_D0251_TT,D0251,82.0,D0251,TT82,TT82_CGTTACTA,CGTTACTA,GTCGGTAAAACTCGTGCCAGC,CATAGTGGGGTATCTAATCCCAGTTTG,environmental,12S,82,Lasker18Sc153_5_D0251_S96_L001_R1_001.fastq.gz,Lasker18Sc153_5_D0251_S96_L001_R2_001.fastq.gz,marine biome  (ENVO:00000447),coastal water (ENVO:00001250),waterborne particulate matter (ENVO:01000436),mimarks survey,USA:California:Monterey Bay,0.22um,Poretics,LASKER2018,112,5.0,50.0,Monterey Inside (dawn),Project_Overview_Lasker_2018,LASKER,36.66888889,-121.9580556,7.0,Lasker18,2018.0,6.0,10.0,6/10/18,2018-06-10 12:59:00,TT,Lasker18Sc153_5_D0251,,,,,,Monterey Inside (dawn),50.0,2018-06-10 12:59:00
Lasker18Sc153_15_D0254_MM,D0254,,,MM41,MM41_ATCGTACG,ATCGTACG,GTCGGTAAAACTCGTGCCAGC,CATAGTGGGGTATCTAATCCCAGTTTG,environmental,12S,41,Lasker18Sc153_15_D0254_S71_L001_R1_001.fastq.gz,Lasker18Sc153_15_D0254_S71_L001_R2_001.fastq.gz,marine biome  (ENVO:00000447),coastal water (ENVO:00001250),waterborne particulate matter (ENVO:01000436),mimarks survey,USA:California:Monterey Bay,,,Lasker2018,153.0,15.0,6.0,,,LASKER,36 39.68,121 56.89,7.0,,2018.0,6.0,10.0,6/10/18,2018-06-10 12:59:00,MM,Lasker18Sc153_15_D0254,41.0,D0254,20191216.0,NGS Illumina Miseq,mimarks survey,Monterey Inside (dawn),6.0,2018-06-10 12:59:00
Lasker18Sc153_17_D0255_TT,D0255,83.0,D0255,TT83,TT83_AGAGTCAC,AGAGTCAC,GTCGGTAAAACTCGTGCCAGC,CATAGTGGGGTATCTAATCCCAGTTTG,environmental,12S,83,Lasker18Sc153_17_D0255_S81_L001_R1_001.fastq.gz,Lasker18Sc153_17_D0255_S81_L001_R2_001.fastq.gz,marine biome  (ENVO:00000447),coastal water (ENVO:00001250),waterborne particulate matter (ENVO:01000436),mimarks survey,USA:California:Monterey Bay,0.22um,Poretics,LASKER2018,112,17.0,6.0,Monterey Inside (dawn),Project_Overview_Lasker_2018,LASKER,36.66888889,-121.9580556,7.0,Lasker18,2018.0,6.0,10.0,6/10/18,2018-06-10 12:59:00,TT,Lasker18Sc153_17_D0255,,,,,,Monterey Inside (dawn),6.0,2018-06-10 12:59:00
Lasker18Sc153_19_D0256_TT,D0256,84.0,D0256,TT84,TT84_TACGAGAC,TACGAGAC,GTCGGTAAAACTCGTGCCAGC,CATAGTGGGGTATCTAATCCCAGTTTG,environmental,12S,84,Lasker18Sc153_19_D0256_S79_L001_R1_001.fastq.gz,Lasker18Sc153_19_D0256_S79_L001_R2_001.fastq.gz,marine biome  (ENVO:00000447),coastal water (ENVO:00001250),waterborne particulate matter (ENVO:01000436),mimarks survey,USA:California:Monterey Bay,0.22um,Poretics,LASKER2018,112,19.0,6.0,Monterey Inside (dawn),Project_Overview_Lasker_2018,LASKER,36.66888889,-121.9580556,7.0,Lasker18,2018.0,6.0,10.0,6/10/18,2018-06-10 12:59:00,TT,Lasker18Sc153_19_D0256,,,,,,Monterey Inside (dawn),6.0,2018-06-10 12:59:00
Lasker18Sc154_1_D0259_MM,D0259,,,MM42,MM42_ACTATCTG,ACTATCTG,GTCGGTAAAACTCGTGCCAGC,CATAGTGGGGTATCTAATCCCAGTTTG,environmental,12S,42,Lasker18Sc154_1_D0259_S66_L001_R1_001.fastq.gz,Lasker18Sc154_1_D0259_S66_L001_R2_001.fastq.gz,marine biome  (ENVO:00000447),coastal water (ENVO:00001250),waterborne particulate matter (ENVO:01000436),mimarks survey,USA:California:Monterey Bay,,,Lasker2018,154.0,1.0,100.0,,,LASKER,36 43.930,121 58.170,20.0,,2018.0,6.0,10.0,6/10/18,2018-06-10 20:08:00,MM,Lasker18Sc154_1_D0259,42.0,D0259,20191216.0,NGS Illumina Miseq,mimarks survey,Monterey Inside 2 (day),100.0,2018-06-10 20:08:00
Lasker18Sc154_3_D0260_TT,D0260,85.0,D0260,TT85,TT85_ACGTCTCG,ACGTCTCG,GTCGGTAAAACTCGTGCCAGC,CATAGTGGGGTATCTAATCCCAGTTTG,environmental,12S,85,Lasker18Sc154_3_D0260_S53_L001_R1_001.fastq.gz,Lasker18Sc154_3_D0260_S53_L001_R2_001.fastq.gz,marine biome  (ENVO:00000447),coastal water (ENVO:00001250),waterborne particulate matter (ENVO:01000436),mimarks survey,USA:California:Monterey Bay,0.22um,Poretics,LASKER2018,116,3.0,100.0,Monterey Inside 2 (day),Project_Overview_Lasker_2018,LASKER,36.7425,-121.9713889,20.0,Lasker18,2018.0,6.0,10.0,6/10/18,2018-06-10 20:08:00,TT,Lasker18Sc154_3_D0260,,,,,,Monterey Inside 2 (day),100.0,2018-06-10 20:08:00
Lasker18Sc154_5_D0261_TT,D0261,86.0,D0261,TT86,TT86_TCGACGAG,TCGACGAG,GTCGGTAAAACTCGTGCCAGC,CATAGTGGGGTATCTAATCCCAGTTTG,environmental,12S,86,Lasker18Sc154_5_D0261_S35_L001_R1_001.fastq.gz,Lasker18Sc154_5_D0261_S35_L001_R2_001.fastq.gz,marine biome  (ENVO:00000447),coastal water (ENVO:00001250),waterborne particulate matter (ENVO:01000436),mimarks survey,USA:California:Monterey Bay,0.22um,Poretics,LASKER2018,116,5.0,100.0,Monterey Inside 2 (day),Project_Overview_Lasker_2018,LASKER,36.7425,-121.9713889,20.0,Lasker18,2018.0,6.0,10.0,6/10/18,2018-06-10 20:08:00,TT,Lasker18Sc154_5_D0261,,,,,,Monterey Inside 2 (day),100.0,2018-06-10 20:08:00
Lasker18Sc154_15_D0264_MM,D0264,,,MM43,MM43_TAGCGAGT,TAGCGAGT,GTCGGTAAAACTCGTGCCAGC,CATAGTGGGGTATCTAATCCCAGTTTG,environmental,12S,43,Lasker18Sc154_15_D0264_S18_L001_R1_001.fastq.gz,Lasker18Sc154_15_D0264_S18_L001_R2_001.fastq.gz,marine biome  (ENVO:00000447),coastal water (ENVO:00001250),waterborne particulate matter (ENVO:01000436),mimarks survey,USA:California:Monterey Bay,,,Lasker2018,154.0,15.0,10.0,,,LASKER,36 43.930,121 58.170,20.0,,2018.0,6.0,10.0,6/10/18,2018-06-10 20:08:00,MM,Lasker18Sc154_15_D0264,43.0,D0264,20191216.0,NGS Illumina Miseq,mimarks survey,Monterey Inside 2 (day),10.0,2018-06-10 20:08:00
Lasker18Sc154_17_D0265_TT,D0265,87.0,D0265,TT87,TT87_GATCGTGT,GATCGTGT,GTCGGTAAAACTCGTGCCAGC,CATAGTGGGGTATCTAATCCCAGTTTG,environmental,12S,87,Lasker18Sc154_17_D0265_S87_L001_R1_001.fastq.gz,Lasker18Sc154_17_D0265_S87_L001_R2_001.fastq.gz,marine biome  (ENVO:00000447),coastal water (ENVO:00001250),waterborne particulate matter (ENVO:01000436),mimarks survey,USA:California:Monterey Bay,0.22um,Poretics,LASKER2018,116,17.0,10.0,Monterey Inside 2 (day),Project_Overview_Lasker_2018,LASKER,36.7425,-121.9713889,20.0,Lasker18,2018.0,6.0,10.0,6/10/18,2018-06-10 20:08:00,TT,Lasker18Sc154_17_D0265,,,,,,Monterey Inside 2 (day),10.0,2018-06-10 20:08:00
Lasker18Sc154_19_D0266_TT,D0266,88.0,D0266,TT88,TT88_GTCAGATA,GTCAGATA,GTCGGTAAAACTCGTGCCAGC,CATAGTGGGGTATCTAATCCCAGTTTG,environmental,12S,88,Lasker18Sc154_19_D0266_S23_L001_R1_001.fastq.gz,Lasker18Sc154_19_D0266_S23_L001_R2_001.fastq.gz,marine biome  (ENVO:00000447),coastal water (ENVO:00001250),waterborne particulate matter (ENVO:01000436),mimarks survey,USA:California:Monterey Bay,0.22um,Poretics,LASKER2018,116,19.0,10.0,Monterey Inside 2 (day),Project_Overview_Lasker_2018,LASKER,36.7425,-121.9713889,20.0,Lasker18,2018.0,6.0,10.0,6/10/18,2018-06-10 20:08:00,TT,Lasker18Sc154_19_D0266,,,,,,Monterey Inside 2 (day),10.0,2018-06-10 20:08:00
Lasker18Sc158_1_D0269_MM,D0269,,,MM44,MM44_CTGCGTGT,CTGCGTGT,GTCGGTAAAACTCGTGCCAGC,CATAGTGGGGTATCTAATCCCAGTTTG,environmental,12S,44,Lasker18Sc158_1_D0269_S27_L001_R1_001.fastq.gz,Lasker18Sc158_1_D0269_S27_L001_R2_001.fastq.gz,marine biome  (ENVO:00000447),coastal water (ENVO:00001250),waterborne particulate matter (ENVO:01000436),mimarks survey,USA:California:Monterey Bay,,,Lasker2018,158.0,1.0,70.0,,,LASKER,36 42.390,121 54.540,3.0,,2018.0,6.0,10.0,6/10/18,2018-06-10 02:34:00,MM,Lasker18Sc158_1_D0269,44.0,D0269,20191216.0,NGS Illumina Miseq,mimarks survey,Monterey Inside 2 (dusk),70.0,2018-06-10 02:34:00
Lasker18Sc158_3_D0270_TT,D0270,89.0,D0270,TT89,TT89_CTACTATA,CTACTATA,GTCGGTAAAACTCGTGCCAGC,CATAGTGGGGTATCTAATCCCAGTTTG,environmental,12S,89,Lasker18Sc158_3_D0270_S40_L001_R1_001.fastq.gz,Lasker18Sc158_3_D0270_S40_L001_R2_001.fastq.gz,marine biome  (ENVO:00000447),coastal water (ENVO:00001250),waterborne particulate matter (ENVO:01000436),mimarks survey,USA:California:Monterey Bay,0.22um,Poretics,LASKER2018,115,3.0,70.0,Monterey Inside 2 (dusk),Project_Overview_Lasker_2018,LASKER,36.71083333,-121.915,3.0,Lasker18,2018.0,6.0,10.0,6/10/18,2018-06-10 02:34:00,TT,Lasker18Sc158_3_D0270,,,,,,Monterey Inside 2 (dusk),70.0,2018-06-10 02:34:00
Lasker18Sc158_5_D0271_TT,D0271,90.0,D0271,TT90,TT90_CGTTACTA,CGTTACTA,GTCGGTAAAACTCGTGCCAGC,CATAGTGGGGTATCTAATCCCAGTTTG,environmental,12S,90,Lasker18Sc158_5_D0271_S65_L001_R1_001.fastq.gz,Lasker18Sc158_5_D0271_S65_L001_R2_001.fastq.gz,marine biome  (ENVO:00000447),coastal water (ENVO:00001250),waterborne particulate matter (ENVO:01000436),mimarks survey,USA:California:Monterey Bay,0.22um,Poretics,LASKER2018,115,5.0,70.0,Monterey Inside 2 (dusk),Project_Overview_Lasker_2018,LASKER,36.71083333,-121.915,3.0,Lasker18,2018.0,6.0,10.0,6/10/18,2018-06-10 02:34:00,TT,Lasker18Sc158_5_D0271,,,,,,Monterey Inside 2 (dusk),70.0,2018-06-10 02:34:00
Lasker18Sc158_15_D0274_MM,D0274,,,MM45,MM45_TCATCGAG,TCATCGAG,GTCGGTAAAACTCGTGCCAGC,CATAGTGGGGTATCTAATCCCAGTTTG,environmental,12S,45,Lasker18Sc158_15_D0274_S15_L001_R1_001.fastq.gz,Lasker18Sc158_15_D0274_S15_L001_R2_001.fastq.gz,marine biome  (ENVO:00000447),coastal water (ENVO:00001250),waterborne particulate matter (ENVO:01000436),mimarks survey,USA:California:Monterey Bay,,,Lasker2018,158.0,15.0,20.0,,,LASKER,36 42.390,121 54.540,3.0,,2018.0,6.0,10.0,6/10/18,2018-06-10 02:34:00,MM,Lasker18Sc158_15_D0274,45.0,D0274,20191216.0,NGS Illumina Miseq,mimarks survey,Monterey Inside 2 (dusk),20.0,2018-06-10 02:34:00
Lasker18Sc158_17_D0275_TT,D0275,91.0,D0275,TT91,TT91_AGAGTCAC,AGAGTCAC,GTCGGTAAAACTCGTGCCAGC,CATAGTGGGGTATCTAATCCCAGTTTG,environmental,12S,91,Lasker18Sc158_17_D0275_S55_L001_R1_001.fastq.gz,Lasker18Sc158_17_D0275_S55_L001_R2_001.fastq.gz,marine biome  (ENVO:00000447),coastal water (ENVO:00001250),waterborne particulate matter (ENVO:01000436),mimarks survey,USA:California:Monterey Bay,0.22um,Poretics,LASKER2018,115,17.0,20.0,Monterey Inside 2 (dusk),Project_Overview_Lasker_2018,LASKER,36.71083333,-121.915,3.0,Lasker18,2018.0,6.0,10.0,6/10/18,2018-06-10 02:34:00,TT,Lasker18Sc158_17_D0275,,,,,,Monterey Inside 2 (dusk),20.0,2018-06-10 02:34:00
Lasker18Sc158_19_D0276_TT,D0276,92.0,D0276,TT92,TT92_TACGAGAC,TACGAGAC,GTCGGTAAAACTCGTGCCAGC,CATAGTGGGGTATCTAATCCCAGTTTG,environmental,12S,92,Lasker18Sc158_19_D0276_S47_L001_R1_001.fastq.gz,Lasker18Sc158_19_D0276_S47_L001_R2_001.fastq.gz,marine biome  (ENVO:00000447),coastal water (ENVO:00001250),waterborne particulate matter (ENVO:01000436),mimarks survey,USA:California:Monterey Bay,0.22um,Poretics,LASKER2018,115,19.0,20.0,Monterey Inside 2 (dusk),Project_Overview_Lasker_2018,LASKER,36.71083333,-121.915,3.0,Lasker18,2018.0,6.0,10.0,6/10/18,2018-06-10 02:34:00,TT,Lasker18Sc158_19_D0276,,,,,,Monterey Inside 2 (dusk),20.0,2018-06-10 02:34:00
Lasker18Sc126_15_D1030_MM,D1030,,,MM46,MM46_CGTGAGTG,CGTGAGTG,GTCGGTAAAACTCGTGCCAGC,CATAGTGGGGTATCTAATCCCAGTTTG,environmental,12S,46,Lasker18Sc126_15_D1030_S23_L001_R1_001.fastq.gz,Lasker18Sc126_15_D1030_S23_L001_R2_001.fastq.gz,marine biome  (ENVO:00000447),coastal water (ENVO:00001250),waterborne particulate matter (ENVO:01000436),mimarks survey,USA:California:Monterey Bay,,,Lasker2018,126.0,15.0,4.0,,,LASKER,33 24.010,119 23.780,18.0,,2018.0,6.0,5.0,6/5/18,2018-06-05 17:20:07,MM,Lasker18Sc126_15_D1030,46.0,D1030,20191216.0,NGS Illumina Miseq,mimarks survey,San Nicholas (day),4.0,2018-06-05 17:20:00
