sample_name,Dataset,seqID,order,library,library_tag_combo,tag_sequence,primer_sequence_F,primer_sequence_R,sample_type,sample_locus,tag_number,R1,R2,env_biome,env_feature,env_material,env_package,geo_loc_name,seq_meth,investigation_type,samp_filter_size_ext,samp_filter_ext_type,SAMPLING_cruise,SAMPLING_station_number,SAMPLING_bottle,depth,SAMPLING_station,SAMPLING_project,SAMPLING_platform,SAMPLING_dec_lat,SAMPLING_dec_long,chlorophyll,SAMPLING_campaign,year,month,day,collection_date,SAMPLING_date_time,PlateID,original_name,sample_name_MBARI,project_name,vessel,ESP_sample_match,year_Flyer,season,collection_date_Flyer,sampling_platform,sampling_device,filtration_device,control_status,station,bottom_depth_m,bottom_depth_group_m,CTD_cast,depth_m,temp_C,salinity_PSU,O2_mL_L,O2_group,density_kG_m3,chlA_ug_L,fluor_volt,latitude,lat_group,longitude,PO4,SiO4,NO3,NO2,NH4,volume_filtered_ml,filter_type,filter_pore_size_um,target_subfragment,F_primer,R_primer,primers_FR,seq_platform,seq_model,seq_chemistry,run_center,run_date,Description
CN18Fc32_4_eDNA,Merged2018,,,,,,,,,,,,,,,,,,,,,,,,,,,,,,,,,,,,,,,,,eCruises_2018,Flyer,CN18FESPkoa_SC44,2018.0,Fall,20180909.0,Flyer,CTD,peristaltic,Exp,ESP,185.0,100-300,32.0,40.0,11.3054,33.6943,3.38028,3-3.9,25.7046,0.4463,0.0379,36.9973,36.5-37,-122.4083,1.58,16.92,19.22,0.24,0.001,1000.0,PVDF,0.2,V4,515F (Parada),806R (Apprill),515F_806R,Illumina,MiSeq,2x150bp PE,Laragen,July_2019,Spring and fall 2018 Flyer cruise and paired ESP samples
CN18Fc29_6_eDNA,Merged2018,,,,,,,,,,,,,,,,,,,,,,,,,,,,,,,,,,,,,,,,,eCruises_2018,Flyer,CN18FESPkoa_SC47,2018.0,Fall,20180909.0,Flyer,CTD,peristaltic,Exp,ESP,320.0,300-500,29.0,30.0,11.9849,33.6557,3.82099,3-3.9,25.5486,0.5535,0.0421,36.9977,36.5-37,-122.4128,1.08,12.61,15.31,0.24,0.035,1000.0,PVDF,0.2,V4,515F (Parada),806R (Apprill),515F_806R,Illumina,MiSeq,2x150bp PE,Laragen,July_2019,Spring and fall 2018 Flyer cruise and paired ESP samples
CN18Fc30_4_eDNA,Merged2018,,,,,,,,,,,,,,,,,,,,,,,,,,,,,,,,,,,,,,,,,eCruises_2018,Flyer,CN18FESPkoa_SC46,2018.0,Fall,20180909.0,Flyer,CTD,peristaltic,Exp,ESP,220.0,100-300,30.0,40.0,11.7004,33.6699,3.65703,3-3.9,25.6131,0.4768,0.0391,36.9977,36.5-37,-122.4165,1.53,14.95,17.46,0.27,0.001,1000.0,PVDF,0.2,V4,515F (Parada),806R (Apprill),515F_806R,Illumina,MiSeq,2x150bp PE,Laragen,July_2019,Spring and fall 2018 Flyer cruise and paired ESP samples
CN18Sc27_2_eDNA,Merged2018,,,,,,,,,,,,,,,,,,,,,,,,,,,,,,,,,,,,,,,,,eCruises_2018,Flyer,CN18SESPkoa_SC37,2018.0,Spring,20180608.0,Flyer,CTD,peristaltic,Exp,TS,200.0,100-300,27.0,200.0,7.8489,34.1077,1.43017,1-1.9,25.8896,0.033611429,0.0753,36.9882,36.5-37,-122.5202,1.443,0.332,14.487,16.572,,1000.0,PVDF,0.22,V4,515F (Parada),806R (Apprill),515F_806R,Illumina,MiSeq,2x150bp PE,Laragen,July_2019,Spring and fall 2018 Flyer cruise and paired ESP samples
CN18Fc33_5_eDNA,Merged2018,,,,,,,,,,,,,,,,,,,,,,,,,,,,,,,,,,,,,,,,,eCruises_2018,Flyer,CN18FESPkoa_SC43,2018.0,Fall,20180909.0,Flyer,CTD,peristaltic,Exp,ESP,135.0,100-300,33.0,35.0,12.0147,33.6576,3.75316,3-3.9,25.5446,0.546,0.0418,36.9898,36.5-37,-122.4055,1.56,12.7,14.96,0.36,0.001,1000.0,PVDF,0.2,V4,515F (Parada),806R (Apprill),515F_806R,Illumina,MiSeq,2x150bp PE,Laragen,July_2019,Spring and fall 2018 Flyer cruise and paired ESP samples
CN18Fc36_6_eDNA,Merged2018,,,,,,,,,,,,,,,,,,,,,,,,,,,,,,,,,,,,,,,,,eCruises_2018,Flyer,CN18FESPkoa_SC40,2018.0,Fall,20180909.0,Flyer,CTD,peristaltic,Exp,ESP,135.0,100-300,36.0,20.0,11.9012,33.6626,3.67785,3-3.9,25.5695,0.5217,0.0409,37.0012,37-37.5,-122.3755,1.33,14.1,16.51,0.19,0.003,1000.0,PVDF,0.2,V4,515F (Parada),806R (Apprill),515F_806R,Illumina,MiSeq,2x150bp PE,Laragen,July_2019,Spring and fall 2018 Flyer cruise and paired ESP samples
CN18Fc38_5_eDNA,Merged2018,,,,,,,,,,,,,,,,,,,,,,,,,,,,,,,,,,,,,,,,,eCruises_2018,Flyer,CN18FESPkoa_SC37,2018.0,Fall,20180910.0,Flyer,CTD,peristaltic,Exp,ESP,125.0,100-300,38.0,30.0,12.0575,33.6557,3.84982,3-3.9,25.5349,0.5684,0.0427,36.9742,36.5-37,-122.3533,1.03,12.35,14.63,0.33,0.006,1000.0,PVDF,0.2,V4,515F (Parada),806R (Apprill),515F_806R,Illumina,MiSeq,2x150bp PE,Laragen,July_2019,Spring and fall 2018 Flyer cruise and paired ESP samples
CN18Fc40_6_eDNA,Merged2018,,,,,,,,,,,,,,,,,,,,,,,,,,,,,,,,,,,,,,,,,eCruises_2018,Flyer,CN18FESPkoa_SC35,2018.0,Fall,20180910.0,Flyer,CTD,peristaltic,Exp,ESP,120.0,100-300,40.0,25.0,11.9661,33.6585,3.80235,3-3.9,25.5542,0.5535,0.0421,36.9662,36.5-37,-122.3437,1.08,13.68,15.3,0.16,0.076,1000.0,PVDF,0.2,V4,515F (Parada),806R (Apprill),515F_806R,Illumina,MiSeq,2x150bp PE,Laragen,July_2019,Spring and fall 2018 Flyer cruise and paired ESP samples
CN18Fc41_6_eDNA,Merged2018,,,,,,,,,,,,,,,,,,,,,,,,,,,,,,,,,,,,,,,,,eCruises_2018,Flyer,CN18FESPkoa_SC34,2018.0,Fall,20180910.0,Flyer,CTD,peristaltic,Exp,ESP,125.0,100-300,41.0,25.0,11.9131,33.6601,3.79566,3-3.9,25.5654,0.5684,0.0427,36.9607,36.5-37,-122.3422,1.61,13.73,15.74,0.19,0.012,1000.0,PVDF,0.2,V4,515F (Parada),806R (Apprill),515F_806R,Illumina,MiSeq,2x150bp PE,Laragen,July_2019,Spring and fall 2018 Flyer cruise and paired ESP samples
CN18Fc43_5_eDNA,Merged2018,,,,,,,,,,,,,,,,,,,,,,,,,,,,,,,,,,,,,,,,,eCruises_2018,Flyer,CN18FESPkoa_SC32,2018.0,Fall,20180910.0,Flyer,CTD,peristaltic,Exp,ESP,125.0,100-300,43.0,30.0,12.2441,33.6459,3.87245,3-3.9,25.4918,0.6269,0.0451,36.9545,36.5-37,-122.337,1.53,5.62,14.91,0.17,0.0,1000.0,PVDF,0.2,V4,515F (Parada),806R (Apprill),515F_806R,Illumina,MiSeq,2x150bp PE,Laragen,July_2019,Spring and fall 2018 Flyer cruise and paired ESP samples
CN18Fc44_8_eDNA,Merged2018,,,,,,,,,,,,,,,,,,,,,,,,,,,,,,,,,,,,,,,,,eCruises_2018,Flyer,CN18FESPkoa_SC31,2018.0,Fall,20180910.0,Flyer,CTD,peristaltic,Exp,ESP,125.0,100-300,44.0,20.0,12.0207,33.658,3.79052,3-3.9,25.5434,0.6076,0.0443,36.9543,36.5-37,-122.3333,1.6,7.17,14.42,0.15,0.01,900.0,PVDF,0.2,V4,515F (Parada),806R (Apprill),515F_806R,Illumina,MiSeq,2x150bp PE,Laragen,July_2019,Spring and fall 2018 Flyer cruise and paired ESP samples
CN18Fc27_4_eDNA,Merged2018,,,,,,,,,,,,,,,,,,,,,,,,,,,,,,,,,,,,,,,,,eCruises_2018,Flyer,CN18FESPkoa_SC49,2018.0,Fall,20180909.0,Flyer,CTD,peristaltic,Exp,ESP,150.0,100-300,27.0,45.0,12.0194,33.6541,3.82541,3-3.9,25.5412,0.5684,0.0427,37.0052,37-37.5,-122.4185,1.35,11.98,15.63,0.23,0.024,1000.0,PVDF,0.2,V4,515F (Parada),806R (Apprill),515F_806R,Illumina,MiSeq,2x150bp PE,Laragen,July_2019,Spring and fall 2018 Flyer cruise and paired ESP samples
CN18Fc46_8_eDNA,Merged2018,,,,,,,,,,,,,,,,,,,,,,,,,,,,,,,,,,,,,,,,,eCruises_2018,Flyer,CN18FESPkoa_SC30,2018.0,Fall,20180910.0,Flyer,CTD,peristaltic,Exp,ESP,110.0,100-300,46.0,10.0,13.0871,33.6144,4.43183,4-4.9,25.3025,1.6411,0.0856,36.9405,36.5-37,-122.2938,0.91,6.03,10.59,0.39,0.082,1000.0,PVDF,0.2,V4,515F (Parada),806R (Apprill),515F_806R,Illumina,MiSeq,2x150bp PE,Laragen,July_2019,Spring and fall 2018 Flyer cruise and paired ESP samples
CN18Fc49_6_eDNA,Merged2018,,,,,,,,,,,,,,,,,,,,,,,,,,,,,,,,,,,,,,,,,eCruises_2018,Flyer,CN18FESPkoa_SC26,2018.0,Fall,20180911.0,Flyer,CTD,peristaltic,Exp,ESP,120.0,100-300,49.0,25.0,12.7123,33.6352,4.49015,4-4.9,25.393,2.0529,0.1021,36.927,36.5-37,-122.284,0.82,10.18,9.69,0.27,0.029,1000.0,PVDF,0.2,V4,515F (Parada),806R (Apprill),515F_806R,Illumina,MiSeq,2x150bp PE,Laragen,July_2019,Spring and fall 2018 Flyer cruise and paired ESP samples
CN18Fc51_5_eDNA,Merged2018,,,,,,,,,,,,,,,,,,,,,,,,,,,,,,,,,,,,,,,,,eCruises_2018,Flyer,CN18FESPkoa_SC24,2018.0,Fall,20180911.0,Flyer,CTD,peristaltic,Exp,ESP,130.0,100-300,51.0,35.0,12.0849,33.6492,3.87004,3-3.9,25.5248,0.8294,0.0532,36.9175,36.5-37,-122.2742,1.07,12.47,15.11,1.12,0.026,1000.0,PVDF,0.2,V4,515F (Parada),806R (Apprill),515F_806R,Illumina,MiSeq,2x150bp PE,Laragen,July_2019,Spring and fall 2018 Flyer cruise and paired ESP samples
CN18Sc09_2_eDNA,Merged2018,,,,,,,,,,,,,,,,,,,,,,,,,,,,,,,,,,,,,,,,,eCruises_2018,Flyer,CN18SESPkoa_SC49,2018.0,Spring,20180606.0,Flyer,CTD,peristaltic,Exp,TS,190.0,100-300,9.0,200.0,8.4613,34.0447,1.79102,1-1.9,26.4573,0.044485714,0.0362,36.9875,36.5-37,-122.517,2.545,0.101,29.831,41.235,,1000.0,PVDF,0.22,V4,515F (Parada),806R (Apprill),515F_806R,Illumina,MiSeq,2x150bp PE,Laragen,July_2019,Spring and fall 2018 Flyer cruise and paired ESP samples
CN18Sc10_2_eDNA,Merged2018,,,,,,,,,,,,,,,,,,,,,,,,,,,,,,,,,,,,,,,,,eCruises_2018,Flyer,CN18SESPkoa_SC47,2018.0,Spring,20180606.0,Flyer,CTD,peristaltic,Exp,TS,290.0,100-300,10.0,200.0,8.4878,34.0568,1.71053,1-1.9,26.4628,0.042508571,0.036,36.9783,36.5-37,-122.5182,2.304,0.153,30.207,41.488,,1000.0,PVDF,0.22,V4,515F (Parada),806R (Apprill),515F_806R,Illumina,MiSeq,2x150bp PE,Laragen,July_2019,Spring and fall 2018 Flyer cruise and paired ESP samples
CN18Sc14_2_eDNA,Merged2018,,,,,,,,,,,,,,,,,,,,,,,,,,,,,,,,,,,,,,,,,eCruises_2018,Flyer,CN18SESPkoa_SC45,2018.0,Spring,20180607.0,Flyer,CTD,peristaltic,Exp,TS,200.0,100-300,14.0,195.0,8.3564,34.0504,1.78734,1-1.9,26.0042,0.043793714,0.0501,36.9882,36.5-37,-122.5198,2.24,0.337,21.908,23.141,,1000.0,PVDF,0.22,V4,515F (Parada),806R (Apprill),515F_806R,Illumina,MiSeq,2x150bp PE,Laragen,July_2019,Spring and fall 2018 Flyer cruise and paired ESP samples
CN18Sc14_8_eDNA,Merged2018,,,,,,,,,,,,,,,,,,,,,,,,,,,,,,,,,,,,,,,,,eCruises_2018,Flyer,CN18SESPkoa_SC44,2018.0,Spring,20180607.0,Flyer,CTD,peristaltic,Exp,TS,200.0,100-300,14.0,30.0,10.0097,33.7876,3.37559,3-3.9,26.4776,0.632685714,0.0366,36.9882,36.5-37,-122.5198,2.116,0.045,22.695,29.267,,1000.0,PVDF,0.22,V4,515F (Parada),806R (Apprill),515F_806R,Illumina,MiSeq,2x150bp PE,Laragen,July_2019,Spring and fall 2018 Flyer cruise and paired ESP samples
CN18Sc15_2_eDNA,Merged2018,,,,,,,,,,,,,,,,,,,,,,,,,,,,,,,,,,,,,,,,,eCruises_2018,Flyer,CN18SESPkoa_SC42,2018.0,Spring,20180607.0,Flyer,CTD,peristaltic,Exp,TS,310.0,300-500,15.0,195.0,8.5451,34.0481,1.74591,1-1.9,25.8382,0.05536,0.1351,36.98,36.5-37,-122.5313,1.306,0.302,16.23,12.635,,1000.0,PVDF,0.22,V4,515F (Parada),806R (Apprill),515F_806R,Illumina,MiSeq,2x150bp PE,Laragen,July_2019,Spring and fall 2018 Flyer cruise and paired ESP samples
CN18Sc15_8_eDNA,Merged2018,,,,,,,,,,,,,,,,,,,,,,,,,,,,,,,,,,,,,,,,,eCruises_2018,Flyer,CN18SESPkoa_SC41,2018.0,Spring,20180607.0,Flyer,CTD,peristaltic,Exp,TS,310.0,300-500,15.0,30.0,10.9701,33.7886,5.02883,5-5.9,26.4471,4.942857143,0.0359,36.98,36.5-37,-122.5313,2.242,0.113,30.198,38.65,,1000.0,PVDF,0.22,V4,515F (Parada),806R (Apprill),515F_806R,Illumina,MiSeq,2x150bp PE,Laragen,July_2019,Spring and fall 2018 Flyer cruise and paired ESP samples
CN18Sc18_2_eDNA,Merged2018,,,,,,,,,,,,,,,,,,,,,,,,,,,,,,,,,,,,,,,,,eCruises_2018,Flyer,CN18SESPkoa_SC40,2018.0,Spring,20180608.0,Flyer,CTD,peristaltic,Exp,TS,200.0,100-300,18.0,200.0,8.5901,33.9981,2.05723,2-2.9,25.8881,0.070188571,0.0583,36.9882,36.5-37,-122.5198,1.137,0.291,20.201,21.612,,1000.0,PVDF,0.22,V4,515F (Parada),806R (Apprill),515F_806R,Illumina,MiSeq,2x150bp PE,Laragen,July_2019,Spring and fall 2018 Flyer cruise and paired ESP samples
CN18Sc18_8_eDNA,Merged2018,,,,,,,,,,,,,,,,,,,,,,,,,,,,,,,,,,,,,,,,,eCruises_2018,Flyer,CN18SESPkoa_SC39,2018.0,Spring,20180608.0,Flyer,CTD,peristaltic,Exp,TS,200.0,100-300,18.0,30.0,10.5804,33.7643,3.92993,4-4.9,26.401,0.632685714,0.0366,36.9882,36.5-37,-122.5198,2.141,0.174,26.182,33.56,,1000.0,PVDF,0.22,V4,515F (Parada),806R (Apprill),515F_806R,Illumina,MiSeq,2x150bp PE,Laragen,July_2019,Spring and fall 2018 Flyer cruise and paired ESP samples
CN18Fc47_6_eDNA,Merged2018,,,,,,,,,,,,,,,,,,,,,,,,,,,,,,,,,,,,,,,,,eCruises_2018,Flyer,CN18FESPkoa_SC29,2018.0,Fall,20180910.0,Flyer,CTD,peristaltic,Exp,ESP,140.0,100-300,47.0,25.0,11.9996,33.6597,3.73847,3-3.9,25.5489,0.6294,0.0452,36.9267,36.5-37,-122.2925,1.02,7.1,14.05,0.14,0.116,1000.0,PVDF,0.2,V4,515F (Parada),806R (Apprill),515F_806R,Illumina,MiSeq,2x150bp PE,Laragen,July_2019,Spring and fall 2018 Flyer cruise and paired ESP samples
CN18Fc25_5_eDNA,Merged2018,,,,,,,,,,,,,,,,,,,,,,,,,,,,,,,,,,,,,,,,,eCruises_2018,Flyer,CN18FESPkoa_SC52,2018.0,Fall,20180908.0,Flyer,CTD,peristaltic,Exp,ESP,122.0,100-300,25.0,30.0,11.5667,33.6788,3.61299,3-3.9,25.6445,0.4625,0.0385,37.0127,37-37.5,-122.4413,1.48,14.12,19.08,0.38,0.003,1000.0,PVDF,0.2,V4,515F (Parada),806R (Apprill),515F_806R,Illumina,MiSeq,2x150bp PE,Laragen,July_2019,Spring and fall 2018 Flyer cruise and paired ESP samples
CN18Sc27_8_eDNA,Merged2018,,,,,,,,,,,,,,,,,,,,,,,,,,,,,,,,,,,,,,,,,eCruises_2018,Flyer,CN18SESPkoa_SC36,2018.0,Spring,20180608.0,Flyer,CTD,peristaltic,Exp,TS,200.0,100-300,27.0,30.0,10.5551,33.7606,4.07827,4-4.9,26.5982,1.423542857,0.036,36.9882,36.5-37,-122.5202,2.29,0.093,30.236,46.112,,1000.0,PVDF,0.22,V4,515F (Parada),806R (Apprill),515F_806R,Illumina,MiSeq,2x150bp PE,Laragen,July_2019,Spring and fall 2018 Flyer cruise and paired ESP samples
CN18Fc22_6_eDNA,Merged2018,,,,,,,,,,,,,,,,,,,,,,,,,,,,,,,,,,,,,,,,,eCruises_2018,Flyer,CN18FESPkoa_SC55,2018.0,Fall,20180908.0,Flyer,CTD,peristaltic,Exp,ESP,130.0,100-300,22.0,35.0,12.0074,33.653,3.83292,3-3.9,25.5425,0.5684,0.0427,37.006,37-37.5,-122.467,0.88,13.24,14.32,0.07,0.022,1000.0,PVDF,0.2,V4,515F (Parada),806R (Apprill),515F_806R,Illumina,MiSeq,2x150bp PE,Laragen,July_2019,Spring and fall 2018 Flyer cruise and paired ESP samples
CN18Fc21_6_eDNA,Merged2018,,,,,,,,,,,,,,,,,,,,,,,,,,,,,,,,,,,,,,,,,eCruises_2018,Flyer,CN18FESPkoa_SC56,2018.0,Fall,20180908.0,Flyer,CTD,peristaltic,Exp,ESP,135.0,100-300,21.0,25.0,11.9639,33.6603,3.70764,3-3.9,25.5561,0.5054,0.0402,36.9898,36.5-37,-122.4682,1.49,10.8,11.98,0.24,0.017,1000.0,PVDF,0.2,V4,515F (Parada),806R (Apprill),515F_806R,Illumina,MiSeq,2x150bp PE,Laragen,July_2019,Spring and fall 2018 Flyer cruise and paired ESP samples
CN18Fc19_5_eDNA,Merged2018,,,,,,,,,,,,,,,,,,,,,,,,,,,,,,,,,,,,,,,,,eCruises_2018,Flyer,CN18FESPkoa_SC57,2018.0,Fall,20180908.0,Flyer,CTD,peristaltic,Exp,ESP,135.0,100-300,19.0,40.0,12.254,33.6436,4.21523,4-4.9,25.4884,0.5777,0.0431,36.9937,36.5-37,-122.468,1.38,12.28,15.24,0.27,0.023,1000.0,PVDF,0.2,V4,515F (Parada),806R (Apprill),515F_806R,Illumina,MiSeq,2x150bp PE,Laragen,July_2019,Spring and fall 2018 Flyer cruise and paired ESP samples
CN18Fc12_8_eDNA,Merged2018,,,,,,,,,,,,,,,,,,,,,,,,,,,,,,,,,,,,,,,,,eCruises_2018,Flyer,CN18FESPkoa_SC58,2018.0,Fall,20180907.0,Flyer,CTD,peristaltic,Exp,TS,230.0,100-300,12.0,30.0,13.0777,33.6197,4.21222,4-4.9,25.3091,0.5466,0.0418,36.9848,36.5-37,-122.519,1.25,12.23,14.92,0.31,0.002,1000.0,PVDF,0.2,V4,515F (Parada),806R (Apprill),515F_806R,Illumina,MiSeq,2x150bp PE,Laragen,July_2019,Spring and fall 2018 Flyer cruise and paired ESP samples
CN18Fc24_6_eDNA,Merged2018,,,,,,,,,,,,,,,,,,,,,,,,,,,,,,,,,,,,,,,,,eCruises_2018,Flyer,CN18FESPkoa_SC53,2018.0,Fall,20180908.0,Flyer,CTD,peristaltic,Exp,ESP,122.0,100-300,24.0,25.0,12.001,33.6574,3.7499,3-3.9,25.5468,0.5379,0.0415,37.0077,37-37.5,-122.4493,1.42,14.04,14.86,0.29,0.052,1000.0,PVDF,0.2,V4,515F (Parada),806R (Apprill),515F_806R,Illumina,MiSeq,2x150bp PE,Laragen,July_2019,Spring and fall 2018 Flyer cruise and paired ESP samples
CN18SESPkoa_SC49,Merged2018,,,,,,,,,,,,,,,,,,,,,,,,,,,,,,,,,,,,,,,,,eCruises_2018,Makai,CN18Sc09_2_eDNA,2018.0,Spring,20180606.0,Makai,AUV,ESP,Exp,,190.0,100-300,9.0,200.0,8.391116438,34.06403946,2.093012776,2-2.9,26.4573,0.08075001,0.0362,36.9875,36.5-37,-122.517,,,,,,1000.0,PVDF,0.22,V4,515F (Parada),806R (Apprill),515F_806R,Illumina,MiSeq,2x150bp PE,Laragen,July_2019,Spring and fall 2018 Flyer cruise and paired ESP samples
CN18SESPkoa_SC47,Merged2018,,,,,,,,,,,,,,,,,,,,,,,,,,,,,,,,,,,,,,,,,eCruises_2018,Makai,CN18Sc10_2_eDNA,2018.0,Spring,20180606.0,Makai,AUV,ESP,Exp,,290.0,100-300,10.0,200.0,8.405669543,34.0578001,2.144559356,2-2.9,26.4628,0.079528255,0.036,36.9783,36.5-37,-122.5182,,,,,,1000.0,PVDF,0.22,V4,515F (Parada),806R (Apprill),515F_806R,Illumina,MiSeq,2x150bp PE,Laragen,July_2019,Spring and fall 2018 Flyer cruise and paired ESP samples
CN18SESPkoa_SC45,Merged2018,,,,,,,,,,,,,,,,,,,,,,,,,,,,,,,,,,,,,,,,,eCruises_2018,Makai,CN18Sc14_2_eDNA,2018.0,Spring,20180607.0,Makai,AUV,ESP,Exp,,200.0,100-300,14.0,200.0,8.418864762,34.06005362,2.122532881,2-2.9,26.0042,0.085174884,0.0501,36.9882,36.5-37,-122.5198,,,,,,1000.0,PVDF,0.22,V4,515F (Parada),806R (Apprill),515F_806R,Illumina,MiSeq,2x150bp PE,Laragen,July_2019,Spring and fall 2018 Flyer cruise and paired ESP samples
CN18SESPkoa_SC44,Merged2018,,,,,,,,,,,,,,,,,,,,,,,,,,,,,,,,,,,,,,,,,eCruises_2018,Makai,CN18Sc14_8_eDNA,2018.0,Spring,20180607.0,Makai,AUV,ESP,Exp,,200.0,100-300,14.0,30.0,11.01622571,33.7998778,6.145907252,6-6.9,26.4776,1.747639134,0.0366,36.9882,36.5-37,-122.5198,,,,,,1000.0,PVDF,0.22,V4,515F (Parada),806R (Apprill),515F_806R,Illumina,MiSeq,2x150bp PE,Laragen,July_2019,Spring and fall 2018 Flyer cruise and paired ESP samples
CN18SESPkoa_SC42,Merged2018,,,,,,,,,,,,,,,,,,,,,,,,,,,,,,,,,,,,,,,,,eCruises_2018,Makai,CN18Sc15_2_eDNA,2018.0,Spring,20180607.0,Makai,AUV,ESP,Exp,,310.0,300-500,15.0,200.0,8.57032722,34.02819963,2.323526505,2-2.9,25.8382,0.080470672,0.1351,36.98,36.5-37,-122.5313,,,,,,1000.0,PVDF,0.22,V4,515F (Parada),806R (Apprill),515F_806R,Illumina,MiSeq,2x150bp PE,Laragen,July_2019,Spring and fall 2018 Flyer cruise and paired ESP samples
CN18SESPkoa_SC41,Merged2018,,,,,,,,,,,,,,,,,,,,,,,,,,,,,,,,,,,,,,,,,eCruises_2018,Makai,CN18Sc15_8_eDNA,2018.0,Spring,20180607.0,Makai,AUV,ESP,Exp,,310.0,300-500,15.0,30.0,11.03750838,33.80190099,6.052118077,6-6.9,26.4471,1.700372405,0.0359,36.98,36.5-37,-122.5313,,,,,,1000.0,PVDF,0.22,V4,515F (Parada),806R (Apprill),515F_806R,Illumina,MiSeq,2x150bp PE,Laragen,July_2019,Spring and fall 2018 Flyer cruise and paired ESP samples
CN18SESPkoa_SC40,Merged2018,,,,,,,,,,,,,,,,,,,,,,,,,,,,,,,,,,,,,,,,,eCruises_2018,Makai,CN18Sc18_2_eDNA,2018.0,Spring,20180607.0,Makai,AUV,ESP,Exp,,200.0,100-300,18.0,200.0,8.27519063,34.08876802,1.926070169,1-1.9,25.8881,0.105150356,0.0583,36.9882,36.5-37,-122.5198,,,,,,1000.0,PVDF,0.22,V4,515F (Parada),806R (Apprill),515F_806R,Illumina,MiSeq,2x150bp PE,Laragen,July_2019,Spring and fall 2018 Flyer cruise and paired ESP samples
CN18SESPkoa_SC39,Merged2018,,,,,,,,,,,,,,,,,,,,,,,,,,,,,,,,,,,,,,,,,eCruises_2018,Makai,CN18Sc18_8_eDNA,2018.0,Spring,20180607.0,Makai,AUV,ESP,Exp,,200.0,100-300,18.0,30.0,10.86568478,33.73652772,5.203633739,5-5.9,26.401,1.465760174,0.0366,36.9882,36.5-37,-122.5198,,,,,,1000.0,PVDF,0.22,V4,515F (Parada),806R (Apprill),515F_806R,Illumina,MiSeq,2x150bp PE,Laragen,July_2019,Spring and fall 2018 Flyer cruise and paired ESP samples
CN18SESPkoa_SC36,Merged2018,,,,,,,,,,,,,,,,,,,,,,,,,,,,,,,,,,,,,,,,,eCruises_2018,Makai,CN18Sc27_8_eDNA,2018.0,Spring,20180608.0,Makai,AUV,ESP,Exp,,200.0,100-300,27.0,30.0,10.26982819,33.77007034,4.385419519,4-4.9,26.5982,0.474012862,0.036,36.9882,36.5-37,-122.5202,,,,,,1000.0,PVDF,0.22,V4,515F (Parada),806R (Apprill),515F_806R,Illumina,MiSeq,2x150bp PE,Laragen,July_2019,Spring and fall 2018 Flyer cruise and paired ESP samples
CN18SESPkoa_SC37,Merged2018,,,,,,,,,,,,,,,,,,,,,,,,,,,,,,,,,,,,,,,,,eCruises_2018,Makai,CN18Sc27_2_eDNA,2018.0,Spring,20180608.0,Makai,AUV,ESP,Exp,,200.0,100-300,27.0,200.0,8.288688442,34.08066089,1.975259282,1-1.9,25.8896,0.080833281,0.0753,36.9882,36.5-37,-122.5202,,,,,,1000.0,PVDF,0.22,V4,515F (Parada),806R (Apprill),515F_806R,Illumina,MiSeq,2x150bp PE,Laragen,July_2019,Spring and fall 2018 Flyer cruise and paired ESP samples
CN18FESPkoa_SC41,Merged2018,,,,,,,,,,,,,,,,,,,,,,,,,,,,,,,,,,,,,,,,,eCruises_2018,Tethys,CN18Fc35_5_eDNA,2018.0,Fall,20180909.0,Tethys,AUV,ESP,Exp,,145.0,100-300,35.0,28.0,11.3956,33.6851,3.47134,3-3.9,25.6808,0.4463,0.0379,37.0005,37-37.5,-122.384,1.92,16.45,18.48,0.28,0.047,1000.0,PVDF,0.22,V4,515F (Parada),806R (Apprill),515F_806R,Illumina,MiSeq,2x150bp PE,Laragen,July_2019,Spring and fall 2018 Flyer cruise and paired ESP samples
CN18FESPkoa_SC26,Merged2018,,,,,,,,,,,,,,,,,,,,,,,,,,,,,,,,,,,,,,,,,eCruises_2018,Tethys,CN18Fc49_6_eDNA,2018.0,Fall,20180911.0,Tethys,AUV,ESP,Exp,,120.0,100-300,49.0,27.0,12.7123,33.6352,4.49015,4-4.9,25.393,2.0529,0.1021,36.927,36.5-37,-122.284,0.82,10.18,9.69,0.27,0.029,1000.0,PVDF,0.22,V4,515F (Parada),806R (Apprill),515F_806R,Illumina,MiSeq,2x150bp PE,Laragen,July_2019,Spring and fall 2018 Flyer cruise and paired ESP samples
CN18FESPkoa_SC29,Merged2018,,,,,,,,,,,,,,,,,,,,,,,,,,,,,,,,,,,,,,,,,eCruises_2018,Tethys,CN18Fc47_6_eDNA,2018.0,Fall,20180910.0,Tethys,AUV,ESP,Exp,,140.0,100-300,47.0,22.0,11.9996,33.6597,3.73847,3-3.9,25.5489,0.6294,0.0452,36.9267,36.5-37,-122.2925,1.02,7.1,14.05,0.14,0.116,1000.0,PVDF,0.22,V4,515F (Parada),806R (Apprill),515F_806R,Illumina,MiSeq,2x150bp PE,Laragen,July_2019,Spring and fall 2018 Flyer cruise and paired ESP samples
CN18FESPkoa_SC30,Merged2018,,,,,,,,,,,,,,,,,,,,,,,,,,,,,,,,,,,,,,,,,eCruises_2018,Tethys,CN18Fc46_8_eDNA,2018.0,Fall,20180910.0,Tethys,AUV,ESP,Exp,,110.0,100-300,46.0,13.0,13.0871,33.6144,4.43183,4-4.9,25.3025,1.6411,0.0856,36.9405,36.5-37,-122.2938,0.91,6.03,10.59,0.39,0.082,1000.0,PVDF,0.22,V4,515F (Parada),806R (Apprill),515F_806R,Illumina,MiSeq,2x150bp PE,Laragen,July_2019,Spring and fall 2018 Flyer cruise and paired ESP samples
CN18FESPkoa_SC31,Merged2018,,,,,,,,,,,,,,,,,,,,,,,,,,,,,,,,,,,,,,,,,eCruises_2018,Tethys,CN18Fc44_8_eDNA,2018.0,Fall,20180910.0,Tethys,AUV,ESP,Exp,,125.0,100-300,44.0,19.0,12.0207,33.658,3.79052,3-3.9,25.5434,0.6076,0.0443,36.9543,36.5-37,-122.3333,1.6,7.17,14.42,0.15,0.01,1000.0,PVDF,0.22,V4,515F (Parada),806R (Apprill),515F_806R,Illumina,MiSeq,2x150bp PE,Laragen,July_2019,Spring and fall 2018 Flyer cruise and paired ESP samples
CN18FESPkoa_SC32,Merged2018,,,,,,,,,,,,,,,,,,,,,,,,,,,,,,,,,,,,,,,,,eCruises_2018,Tethys,CN18Fc43_5_eDNA,2018.0,Fall,20180910.0,Tethys,AUV,ESP,Exp,,125.0,100-300,43.0,35.0,12.2441,33.6459,3.87245,3-3.9,25.4918,0.6269,0.0451,36.9545,36.5-37,-122.337,1.53,5.62,14.91,0.17,0.0,1000.0,PVDF,0.22,V4,515F (Parada),806R (Apprill),515F_806R,Illumina,MiSeq,2x150bp PE,Laragen,July_2019,Spring and fall 2018 Flyer cruise and paired ESP samples
CN18FESPkoa_SC34,Merged2018,,,,,,,,,,,,,,,,,,,,,,,,,,,,,,,,,,,,,,,,,eCruises_2018,Tethys,CN18Fc41_6_eDNA,2018.0,Fall,20180910.0,Tethys,AUV,ESP,Exp,,125.0,100-300,41.0,25.0,11.9131,33.6601,3.79566,3-3.9,25.5654,0.5684,0.0427,36.9607,36.5-37,-122.3422,1.61,13.73,15.74,0.19,0.012,1000.0,PVDF,0.22,V4,515F (Parada),806R (Apprill),515F_806R,Illumina,MiSeq,2x150bp PE,Laragen,July_2019,Spring and fall 2018 Flyer cruise and paired ESP samples
CN18FESPkoa_SC37,Merged2018,,,,,,,,,,,,,,,,,,,,,,,,,,,,,,,,,,,,,,,,,eCruises_2018,Tethys,CN18Fc38_5_eDNA,2018.0,Fall,20180910.0,Tethys,AUV,ESP,Exp,,125.0,100-300,38.0,31.0,12.0575,33.6557,3.84982,3-3.9,25.5349,0.5684,0.0427,36.9742,36.5-37,-122.3533,1.03,12.35,14.63,0.33,0.006,1000.0,PVDF,0.22,V4,515F (Parada),806R (Apprill),515F_806R,Illumina,MiSeq,2x150bp PE,Laragen,July_2019,Spring and fall 2018 Flyer cruise and paired ESP samples
CN18FESPkoa_SC40,Merged2018,,,,,,,,,,,,,,,,,,,,,,,,,,,,,,,,,,,,,,,,,eCruises_2018,Tethys,CN18Fc36_6_eDNA,2018.0,Fall,20180909.0,Tethys,AUV,ESP,Exp,,135.0,100-300,36.0,25.0,11.9012,33.6626,3.67785,3-3.9,25.5695,0.5217,0.0409,37.0012,37-37.5,-122.3755,1.33,14.1,16.51,0.19,0.003,1000.0,PVDF,0.22,V4,515F (Parada),806R (Apprill),515F_806R,Illumina,MiSeq,2x150bp PE,Laragen,July_2019,Spring and fall 2018 Flyer cruise and paired ESP samples
CN18FESPkoa_SC43,Merged2018,,,,,,,,,,,,,,,,,,,,,,,,,,,,,,,,,,,,,,,,,eCruises_2018,Tethys,CN18Fc33_5_eDNA,2018.0,Fall,20180909.0,Tethys,AUV,ESP,Exp,,135.0,100-300,33.0,32.0,12.0147,33.6576,3.75316,3-3.9,25.5446,0.546,0.0418,36.9898,36.5-37,-122.4055,1.56,12.7,14.96,0.36,0.001,1000.0,PVDF,0.22,V4,515F (Parada),806R (Apprill),515F_806R,Illumina,MiSeq,2x150bp PE,Laragen,July_2019,Spring and fall 2018 Flyer cruise and paired ESP samples
CN18FESPkoa_SC58,Merged2018,,,,,,,,,,,,,,,,,,,,,,,,,,,,,,,,,,,,,,,,,eCruises_2018,Tethys,CN18Fc12_8_eDNA,2018.0,Fall,20180907.0,Tethys,AUV,ESP,Exp,,230.0,100-300,12.0,29.0,13.0777,33.6197,4.21222,4-4.9,25.3091,0.5466,0.0418,36.9848,36.5-37,-122.519,1.25,12.23,14.92,0.31,0.002,1000.0,PVDF,0.22,V4,515F (Parada),806R (Apprill),515F_806R,Illumina,MiSeq,2x150bp PE,Laragen,July_2019,Spring and fall 2018 Flyer cruise and paired ESP samples
CN18FESPkoa_SC56,Merged2018,,,,,,,,,,,,,,,,,,,,,,,,,,,,,,,,,,,,,,,,,eCruises_2018,Tethys,CN18Fc21_6_eDNA,2018.0,Fall,20180908.0,Tethys,AUV,ESP,Exp,,135.0,100-300,21.0,38.0,11.9639,33.6603,3.70764,3-3.9,25.5561,0.5054,0.0402,36.9898,36.5-37,-122.4682,1.49,10.8,11.98,0.24,0.017,1000.0,PVDF,0.22,V4,515F (Parada),806R (Apprill),515F_806R,Illumina,MiSeq,2x150bp PE,Laragen,July_2019,Spring and fall 2018 Flyer cruise and paired ESP samples
CN18FESPkoa_SC55,Merged2018,,,,,,,,,,,,,,,,,,,,,,,,,,,,,,,,,,,,,,,,,eCruises_2018,Tethys,CN18Fc22_6_eDNA,2018.0,Fall,20180908.0,Tethys,AUV,ESP,Exp,,130.0,100-300,22.0,35.0,12.0074,33.653,3.83292,3-3.9,25.5425,0.5684,0.0427,37.006,37-37.5,-122.467,0.88,13.24,14.32,0.07,0.022,1000.0,PVDF,0.22,V4,515F (Parada),806R (Apprill),515F_806R,Illumina,MiSeq,2x150bp PE,Laragen,July_2019,Spring and fall 2018 Flyer cruise and paired ESP samples
CN18FESPkoa_SC53,Merged2018,,,,,,,,,,,,,,,,,,,,,,,,,,,,,,,,,,,,,,,,,eCruises_2018,Tethys,CN18Fc24_6_eDNA,2018.0,Fall,20180908.0,Tethys,AUV,ESP,Exp,,122.0,100-300,24.0,34.0,12.001,33.6574,3.7499,3-3.9,25.5468,0.5379,0.0415,37.0077,37-37.5,-122.4493,1.42,14.04,14.86,0.29,0.052,1000.0,PVDF,0.22,V4,515F (Parada),806R (Apprill),515F_806R,Illumina,MiSeq,2x150bp PE,Laragen,July_2019,Spring and fall 2018 Flyer cruise and paired ESP samples
CN18FESPkoa_SC52,Merged2018,,,,,,,,,,,,,,,,,,,,,,,,,,,,,,,,,,,,,,,,,eCruises_2018,Tethys,CN18Fc25_5_eDNA,2018.0,Fall,20180908.0,Tethys,AUV,ESP,Exp,,122.0,100-300,25.0,28.0,11.5667,33.6788,3.61299,3-3.9,25.6445,0.4625,0.0385,37.0127,37-37.5,-122.4413,1.48,14.12,19.08,0.38,0.003,1000.0,PVDF,0.22,V4,515F (Parada),806R (Apprill),515F_806R,Illumina,MiSeq,2x150bp PE,Laragen,July_2019,Spring and fall 2018 Flyer cruise and paired ESP samples
CN18FESPkoa_SC49,Merged2018,,,,,,,,,,,,,,,,,,,,,,,,,,,,,,,,,,,,,,,,,eCruises_2018,Tethys,CN18Fc27_4_eDNA,2018.0,Fall,20180909.0,Tethys,AUV,ESP,Exp,,150.0,100-300,27.0,48.0,12.0194,33.6541,3.82541,3-3.9,25.5412,0.5684,0.0427,37.0052,37-37.5,-122.4185,1.35,11.98,15.63,0.23,0.024,1000.0,PVDF,0.22,V4,515F (Parada),806R (Apprill),515F_806R,Illumina,MiSeq,2x150bp PE,Laragen,July_2019,Spring and fall 2018 Flyer cruise and paired ESP samples
CN18FESPkoa_SC47,Merged2018,,,,,,,,,,,,,,,,,,,,,,,,,,,,,,,,,,,,,,,,,eCruises_2018,Tethys,CN18Fc29_6_eDNA,2018.0,Fall,20180909.0,Tethys,AUV,ESP,Exp,,320.0,300-500,29.0,29.0,11.9849,33.6557,3.82099,3-3.9,25.5486,0.5535,0.0421,36.9977,36.5-37,-122.4128,1.08,12.61,15.31,0.24,0.035,1000.0,PVDF,0.22,V4,515F (Parada),806R (Apprill),515F_806R,Illumina,MiSeq,2x150bp PE,Laragen,July_2019,Spring and fall 2018 Flyer cruise and paired ESP samples
CN18FESPkoa_SC46,Merged2018,,,,,,,,,,,,,,,,,,,,,,,,,,,,,,,,,,,,,,,,,eCruises_2018,Tethys,CN18Fc30_4_eDNA,2018.0,Fall,20180909.0,Tethys,AUV,ESP,Exp,,220.0,100-300,30.0,39.0,11.7004,33.6699,3.65703,3-3.9,25.6131,0.4768,0.0391,36.9977,36.5-37,-122.4165,1.53,14.95,17.46,0.27,0.001,1000.0,PVDF,0.22,V4,515F (Parada),806R (Apprill),515F_806R,Illumina,MiSeq,2x150bp PE,Laragen,July_2019,Spring and fall 2018 Flyer cruise and paired ESP samples
CN18FESPkoa_SC44,Merged2018,,,,,,,,,,,,,,,,,,,,,,,,,,,,,,,,,,,,,,,,,eCruises_2018,Tethys,CN18Fc32_4_eDNA,2018.0,Fall,20180909.0,Tethys,AUV,ESP,Exp,,185.0,100-300,32.0,37.0,11.3054,33.6943,3.38028,3-3.9,25.7046,0.4463,0.0379,36.9973,36.5-37,-122.4083,1.58,16.92,19.22,0.24,0.001,1000.0,PVDF,0.22,V4,515F (Parada),806R (Apprill),515F_806R,Illumina,MiSeq,2x150bp PE,Laragen,July_2019,Spring and fall 2018 Flyer cruise and paired ESP samples
CN18FESPkoa_SC57,Merged2018,,,,,,,,,,,,,,,,,,,,,,,,,,,,,,,,,,,,,,,,,eCruises_2018,Tethys,CN18Fc19_5_eDNA,2018.0,Fall,20180908.0,Tethys,AUV,ESP,Exp,,135.0,100-300,19.0,35.0,12.254,33.6436,4.21523,4-4.9,25.4884,0.5777,0.0431,36.9937,36.5-37,-122.468,1.38,12.28,15.24,0.27,0.026,1000.0,PVDF,0.22,V4,515F (Parada),806R (Apprill),515F_806R,Illumina,MiSeq,2x150bp PE,Laragen,July_2019,Spring and fall 2018 Flyer cruise and paired ESP samples
CN18FESPkoa_SC24,Merged2018,,,,,,,,,,,,,,,,,,,,,,,,,,,,,,,,,,,,,,,,,eCruises_2018,Tethys,CN18Fc51_5_eDNA,2018.0,Fall,20180911.0,Tethys,AUV,ESP,Exp,,130.0,100-300,51.0,35.0,12.0849,33.6492,3.87004,3-3.9,25.5248,0.8294,0.0532,36.9175,36.5-37,-122.2742,1.07,12.47,15.11,1.12,0.026,1000.0,PVDF,0.22,V4,515F (Parada),806R (Apprill),515F_806R,Illumina,MiSeq,2x150bp PE,Laragen,July_2019,Spring and fall 2018 Flyer cruise and paired ESP samples
Lasker18Sc122_3,Merged2018,Lasker18Sc122_3_D0052_VV,22.0,VV22,VV22_CGTGAGTG,CGTGAGTG,GGWACWGGWTGAACWGTWTAYCCYCC,TAAACTTCAGGGTGACCAAAAAATCA,environmental,COI,22.0,Lasker18Sc122_3_D0052_S74_L001_R1_001.fastq.gz,Lasker18Sc122_3_D0052_S74_L001_R2_001.fastq.gz,marine biome  (ENVO:00000447),coastal water (ENVO:00001250),waterborne particulate matter (ENVO:01000436),mimarks survey,USA:California:SB Channel Islands,NGS Illumina Miseq,mimarks survey,0.22um,Poretics,LASKER2018,425,3.0,100.0,San Miguel (dusk),Project_Overview_Lasker_2018,LASKER,33.91416667,-120.71,20.0,Lasker18,2018.0,6.0,3.0,6/3/18,2018-06-03 03:58:00,VV,Lasker18Sc122_3_D0052,Lasker18Sc122_3_D0052,,,,,,,,,,,,,,,,,,,,,,,,,,,,,,,,,,,,,,,,,,,
Lasker18Sc122_5,Merged2018,Lasker18Sc122_5_D0053_VV,23.0,VV23,VV23_GGATATCT,GGATATCT,GGWACWGGWTGAACWGTWTAYCCYCC,TAAACTTCAGGGTGACCAAAAAATCA,environmental,COI,23.0,Lasker18Sc122_5_D0053_S87_L001_R1_001.fastq.gz,Lasker18Sc122_5_D0053_S87_L001_R2_001.fastq.gz,marine biome  (ENVO:00000447),coastal water (ENVO:00001250),waterborne particulate matter (ENVO:01000436),mimarks survey,USA:California:SB Channel Islands,NGS Illumina Miseq,mimarks survey,0.22um,Poretics,LASKER2018,425,5.0,100.0,San Miguel (dusk),Project_Overview_Lasker_2018,LASKER,33.91416667,-120.71,20.0,Lasker18,2018.0,6.0,3.0,6/3/18,2018-06-03 03:58:00,VV,Lasker18Sc122_5_D0053,Lasker18Sc122_5_D0053,,,,,,,,,,,,,,,,,,,,,,,,,,,,,,,,,,,,,,,,,,,
Lasker18Sc122_17,Merged2018,Lasker18Sc122_17_D0057_VV,24.0,VV24,VV24_GACACCGT,GACACCGT,GGWACWGGWTGAACWGTWTAYCCYCC,TAAACTTCAGGGTGACCAAAAAATCA,environmental,COI,24.0,Lasker18Sc122_17_D0057_S19_L001_R1_001.fastq.gz,Lasker18Sc122_17_D0057_S19_L001_R2_001.fastq.gz,marine biome  (ENVO:00000447),coastal water (ENVO:00001250),waterborne particulate matter (ENVO:01000436),mimarks survey,USA:California:SB Channel Islands,NGS Illumina Miseq,mimarks survey,0.22um,Poretics,LASKER2018,425,17.0,18.0,San Miguel (dusk),Project_Overview_Lasker_2018,LASKER,33.91416667,-120.71,20.0,Lasker18,2018.0,6.0,3.0,6/3/18,2018-06-03 03:58:00,VV,Lasker18Sc122_17_D0057,Lasker18Sc122_17_D0057,,,,,,,,,,,,,,,,,,,,,,,,,,,,,,,,,,,,,,,,,,,
Lasker18Sc122_19,Merged2018,Lasker18Sc122_19_D0058_VV,25.0,VV25,VV25_ATCGTACG,ATCGTACG,GGWACWGGWTGAACWGTWTAYCCYCC,TAAACTTCAGGGTGACCAAAAAATCA,environmental,COI,25.0,Lasker18Sc122_19_D0058_S59_L001_R1_001.fastq.gz,Lasker18Sc122_19_D0058_S59_L001_R2_001.fastq.gz,marine biome  (ENVO:00000447),coastal water (ENVO:00001250),waterborne particulate matter (ENVO:01000436),mimarks survey,USA:California:SB Channel Islands,NGS Illumina Miseq,mimarks survey,0.22um,Poretics,LASKER2018,425,19.0,18.0,San Miguel (dusk),Project_Overview_Lasker_2018,LASKER,33.91416667,-120.71,20.0,Lasker18,2018.0,6.0,3.0,6/3/18,2018-06-03 03:58:00,VV,Lasker18Sc122_19_D0058,Lasker18Sc122_19_D0058,,,,,,,,,,,,,,,,,,,,,,,,,,,,,,,,,,,,,,,,,,,
Lasker18Sc123_3,Merged2018,Lasker18Sc123_3_D0063_VV,26.0,VV26,VV26_ACTATCTG,ACTATCTG,GGWACWGGWTGAACWGTWTAYCCYCC,TAAACTTCAGGGTGACCAAAAAATCA,environmental,COI,26.0,Lasker18Sc123_3_D0063_S33_L001_R1_001.fastq.gz,Lasker18Sc123_3_D0063_S33_L001_R2_001.fastq.gz,marine biome  (ENVO:00000447),coastal water (ENVO:00001250),waterborne particulate matter (ENVO:01000436),mimarks survey,USA:California:SB Channel Islands,NGS Illumina Miseq,mimarks survey,0.22um,Poretics,LASKER2018,422,3.0,100.0,San Miguel (dawn),Project_Overview_Lasker_2018,LASKER,34.41,-120.3686111,16.0,Lasker18,2018.0,6.0,4.0,6/4/18,2018-06-04 13:50:00,VV,Lasker18Sc123_3_D0063,Lasker18Sc123_3_D0063,,,,,,,,,,,,,,,,,,,,,,,,,,,,,,,,,,,,,,,,,,,
Lasker18Sc123_5,Merged2018,Lasker18Sc123_5_D0064_VV,27.0,VV27,VV27_TAGCGAGT,TAGCGAGT,GGWACWGGWTGAACWGTWTAYCCYCC,TAAACTTCAGGGTGACCAAAAAATCA,environmental,COI,27.0,Lasker18Sc123_5_D0064_S48_L001_R1_001.fastq.gz,Lasker18Sc123_5_D0064_S48_L001_R2_001.fastq.gz,marine biome  (ENVO:00000447),coastal water (ENVO:00001250),waterborne particulate matter (ENVO:01000436),mimarks survey,USA:California:SB Channel Islands,NGS Illumina Miseq,mimarks survey,0.22um,Poretics,LASKER2018,422,5.0,100.0,San Miguel (dawn),Project_Overview_Lasker_2018,LASKER,34.41,-120.3686111,16.0,Lasker18,2018.0,6.0,4.0,6/4/18,2018-06-04 13:50:00,VV,Lasker18Sc123_5_D0064,Lasker18Sc123_5_D0064,,,,,,,,,,,,,,,,,,,,,,,,,,,,,,,,,,,,,,,,,,,
Lasker18Sc123_17,Merged2018,Lasker18Sc123_17_D0068_VV,28.0,VV28,VV28_CTGCGTGT,CTGCGTGT,GGWACWGGWTGAACWGTWTAYCCYCC,TAAACTTCAGGGTGACCAAAAAATCA,environmental,COI,28.0,Lasker18Sc123_17_D0068_S60_L001_R1_001.fastq.gz,Lasker18Sc123_17_D0068_S60_L001_R2_001.fastq.gz,marine biome  (ENVO:00000447),coastal water (ENVO:00001250),waterborne particulate matter (ENVO:01000436),mimarks survey,USA:California:SB Channel Islands,NGS Illumina Miseq,mimarks survey,0.22um,Poretics,LASKER2018,422,17.0,10.0,San Miguel (dawn),Project_Overview_Lasker_2018,LASKER,34.41,-120.3686111,16.0,Lasker18,2018.0,6.0,4.0,6/4/18,2018-06-04 13:50:00,VV,Lasker18Sc123_17_D0068,Lasker18Sc123_17_D0068,,,,,,,,,,,,,,,,,,,,,,,,,,,,,,,,,,,,,,,,,,,
Lasker18Sc123_19,Merged2018,Lasker18Sc123_19_D0069_VV,29.0,VV29,VV29_TCATCGAG,TCATCGAG,GGWACWGGWTGAACWGTWTAYCCYCC,TAAACTTCAGGGTGACCAAAAAATCA,environmental,COI,29.0,Lasker18Sc123_19_D0069_S36_L001_R1_001.fastq.gz,Lasker18Sc123_19_D0069_S36_L001_R2_001.fastq.gz,marine biome  (ENVO:00000447),coastal water (ENVO:00001250),waterborne particulate matter (ENVO:01000436),mimarks survey,USA:California:SB Channel Islands,NGS Illumina Miseq,mimarks survey,0.22um,Poretics,LASKER2018,422,19.0,10.0,San Miguel (dawn),Project_Overview_Lasker_2018,LASKER,34.41,-120.3686111,16.0,Lasker18,2018.0,6.0,4.0,6/4/18,2018-06-04 13:50:00,VV,Lasker18Sc123_19_D0069,Lasker18Sc123_19_D0069,,,,,,,,,,,,,,,,,,,,,,,,,,,,,,,,,,,,,,,,,,,
Lasker18Sc124_3,Merged2018,Lasker18Sc124_3_D0073_VV,30.0,VV30,VV30_CGTGAGTG,CGTGAGTG,GGWACWGGWTGAACWGTWTAYCCYCC,TAAACTTCAGGGTGACCAAAAAATCA,environmental,COI,30.0,Lasker18Sc124_3_D0073_S77_L001_R1_001.fastq.gz,Lasker18Sc124_3_D0073_S77_L001_R2_001.fastq.gz,marine biome  (ENVO:00000447),coastal water (ENVO:00001250),waterborne particulate matter (ENVO:01000436),mimarks survey,USA:California:SB Channel Islands,NGS Illumina Miseq,mimarks survey,0.22um,Poretics,LASKER2018,401,3.0,100.0,San Clemente (dusk),Project_Overview_Lasker_2018,LASKER,32.7175,-118.21,30.0,Lasker18,2018.0,6.0,4.0,6/4/18,2018-06-04 02:59:00,VV,Lasker18Sc124_3_D0073,Lasker18Sc124_3_D0073,,,,,,,,,,,,,,,,,,,,,,,,,,,,,,,,,,,,,,,,,,,
Lasker18Sc124_5,Merged2018,Lasker18Sc124_5_D0074_VV,31.0,VV31,VV31_GGATATCT,GGATATCT,GGWACWGGWTGAACWGTWTAYCCYCC,TAAACTTCAGGGTGACCAAAAAATCA,environmental,COI,31.0,Lasker18Sc124_5_D0074_S82_L001_R1_001.fastq.gz,Lasker18Sc124_5_D0074_S82_L001_R2_001.fastq.gz,marine biome  (ENVO:00000447),coastal water (ENVO:00001250),waterborne particulate matter (ENVO:01000436),mimarks survey,USA:California:SB Channel Islands,NGS Illumina Miseq,mimarks survey,0.22um,Poretics,LASKER2018,401,5.0,100.0,San Clemente (dusk),Project_Overview_Lasker_2018,LASKER,32.7175,-118.21,30.0,Lasker18,2018.0,6.0,4.0,6/4/18,2018-06-04 02:59:00,VV,Lasker18Sc124_5_D0074,Lasker18Sc124_5_D0074,,,,,,,,,,,,,,,,,,,,,,,,,,,,,,,,,,,,,,,,,,,
Lasker18Sc124_17,Merged2018,Lasker18Sc124_17_D0078_VV,33.0,VV33,VV33_ATCGTACG,ATCGTACG,GGWACWGGWTGAACWGTWTAYCCYCC,TAAACTTCAGGGTGACCAAAAAATCA,environmental,COI,33.0,Lasker18Sc124_17_D0078_S11_L001_R1_001.fastq.gz,Lasker18Sc124_17_D0078_S11_L001_R2_001.fastq.gz,marine biome  (ENVO:00000447),coastal water (ENVO:00001250),waterborne particulate matter (ENVO:01000436),mimarks survey,USA:California:SB Channel Islands,NGS Illumina Miseq,mimarks survey,0.22um,Poretics,LASKER2018,401,17.0,10.0,San Clemente (dusk),Project_Overview_Lasker_2018,LASKER,32.7175,-118.21,30.0,Lasker18,2018.0,6.0,4.0,6/4/18,2018-06-04 02:59:00,VV,Lasker18Sc124_17_D0078,Lasker18Sc124_17_D0078,,,,,,,,,,,,,,,,,,,,,,,,,,,,,,,,,,,,,,,,,,,
Lasker18Sc124_19,Merged2018,Lasker18Sc124_19_D0079_VV,34.0,VV34,VV34_ACTATCTG,ACTATCTG,GGWACWGGWTGAACWGTWTAYCCYCC,TAAACTTCAGGGTGACCAAAAAATCA,environmental,COI,34.0,Lasker18Sc124_19_D0079_S47_L001_R1_001.fastq.gz,Lasker18Sc124_19_D0079_S47_L001_R2_001.fastq.gz,marine biome  (ENVO:00000447),coastal water (ENVO:00001250),waterborne particulate matter (ENVO:01000436),mimarks survey,USA:California:SB Channel Islands,NGS Illumina Miseq,mimarks survey,0.22um,Poretics,LASKER2018,401,19.0,10.0,San Clemente (dusk),Project_Overview_Lasker_2018,LASKER,32.7175,-118.21,30.0,Lasker18,2018.0,6.0,4.0,6/4/18,2018-06-04 02:59:00,VV,Lasker18Sc124_19_D0079,Lasker18Sc124_19_D0079,,,,,,,,,,,,,,,,,,,,,,,,,,,,,,,,,,,,,,,,,,,
Lasker18Sc126_3,Merged2018,Lasker18Sc126_3_D0085_VV,35.0,VV35,VV35_TAGCGAGT,TAGCGAGT,GGWACWGGWTGAACWGTWTAYCCYCC,TAAACTTCAGGGTGACCAAAAAATCA,environmental,COI,35.0,Lasker18Sc126_3_D0085_S71_L001_R1_001.fastq.gz,Lasker18Sc126_3_D0085_S71_L001_R2_001.fastq.gz,marine biome  (ENVO:00000447),coastal water (ENVO:00001250),waterborne particulate matter (ENVO:01000436),mimarks survey,USA:California:SB Channel Islands,NGS Illumina Miseq,mimarks survey,0.22um,Poretics,LASKER2018,4002,3.0,100.0,San Nicholas (day),Project_Overview_Lasker_2018,LASKER,33.40027778,-119.405,21.0,Lasker18,2018.0,6.0,5.0,6/5/18,2018-06-05 17:20:07,VV,Lasker18Sc126_3_D0085,Lasker18Sc126_3_D0085,,,,,,,,,,,,,,,,,,,,,,,,,,,,,,,,,,,,,,,,,,,
Lasker18Sc126_5,Merged2018,Lasker18Sc126_5_D0086_VV,36.0,VV36,VV36_CTGCGTGT,CTGCGTGT,GGWACWGGWTGAACWGTWTAYCCYCC,TAAACTTCAGGGTGACCAAAAAATCA,environmental,COI,36.0,Lasker18Sc126_5_D0086_S76_L001_R1_001.fastq.gz,Lasker18Sc126_5_D0086_S76_L001_R2_001.fastq.gz,marine biome  (ENVO:00000447),coastal water (ENVO:00001250),waterborne particulate matter (ENVO:01000436),mimarks survey,USA:California:SB Channel Islands,NGS Illumina Miseq,mimarks survey,0.22um,Poretics,LASKER2018,4002,5.0,100.0,San Nicholas (day),Project_Overview_Lasker_2018,LASKER,33.40027778,-119.405,21.0,Lasker18,2018.0,6.0,5.0,6/5/18,2018-06-05 17:20:07,VV,Lasker18Sc126_5_D0086,Lasker18Sc126_5_D0086,,,,,,,,,,,,,,,,,,,,,,,,,,,,,,,,,,,,,,,,,,,
Lasker18Sc126_17,Merged2018,Lasker18Sc126_17_D0090_VV,37.0,VV37,VV37_TCATCGAG,TCATCGAG,GGWACWGGWTGAACWGTWTAYCCYCC,TAAACTTCAGGGTGACCAAAAAATCA,environmental,COI,37.0,Lasker18Sc126_17_D0090_S41_L001_R1_001.fastq.gz,Lasker18Sc126_17_D0090_S41_L001_R2_001.fastq.gz,marine biome  (ENVO:00000447),coastal water (ENVO:00001250),waterborne particulate matter (ENVO:01000436),mimarks survey,USA:California:SB Channel Islands,NGS Illumina Miseq,mimarks survey,0.22um,Poretics,LASKER2018,4002,17.0,4.0,San Nicholas (day),Project_Overview_Lasker_2018,LASKER,33.40027778,-119.405,21.0,Lasker18,2018.0,6.0,5.0,6/5/18,2018-06-05 17:20:07,VV,Lasker18Sc126_17_D0090,Lasker18Sc126_17_D0090,,,,,,,,,,,,,,,,,,,,,,,,,,,,,,,,,,,,,,,,,,,
Lasker18Sc127_3,Merged2018,Lasker18Sc127_3_D0095_VV,38.0,VV38,VV38_CGTGAGTG,CGTGAGTG,GGWACWGGWTGAACWGTWTAYCCYCC,TAAACTTCAGGGTGACCAAAAAATCA,environmental,COI,38.0,Lasker18Sc127_3_D0095_S50_L001_R1_001.fastq.gz,Lasker18Sc127_3_D0095_S50_L001_R2_001.fastq.gz,marine biome  (ENVO:00000447),coastal water (ENVO:00001250),waterborne particulate matter (ENVO:01000436),mimarks survey,USA:California:SB Channel Islands,NGS Illumina Miseq,mimarks survey,0.22um,Poretics,LASKER2018,412,3.0,100.0,San Nicholas (day),Project_Overview_Lasker_2018,LASKER,,-119.455,18.0,Lasker18,2018.0,6.0,5.0,6/5/18,2018-06-05 19:06:00,VV,Lasker18Sc127_3_D0095,Lasker18Sc127_3_D0095,,,,,,,,,,,,,,,,,,,,,,,,,,,,,,,,,,,,,,,,,,,
Lasker18Sc127_5,Merged2018,Lasker18Sc127_5_D0096_VV,39.0,VV39,VV39_GGATATCT,GGATATCT,GGWACWGGWTGAACWGTWTAYCCYCC,TAAACTTCAGGGTGACCAAAAAATCA,environmental,COI,39.0,Lasker18Sc127_5_D0096_S4_L001_R1_001.fastq.gz,Lasker18Sc127_5_D0096_S4_L001_R2_001.fastq.gz,marine biome  (ENVO:00000447),coastal water (ENVO:00001250),waterborne particulate matter (ENVO:01000436),mimarks survey,USA:California:SB Channel Islands,NGS Illumina Miseq,mimarks survey,0.22um,Poretics,LASKER2018,412,5.0,100.0,San Nicholas (day),Project_Overview_Lasker_2018,LASKER,,-119.455,18.0,Lasker18,2018.0,6.0,5.0,6/5/18,2018-06-05 19:06:00,VV,Lasker18Sc127_5_D0096,Lasker18Sc127_5_D0096,,,,,,,,,,,,,,,,,,,,,,,,,,,,,,,,,,,,,,,,,,,
Lasker18Sc127_17,Merged2018,Lasker18Sc127_17_D0100_VV,40.0,VV40,VV40_GACACCGT,GACACCGT,GGWACWGGWTGAACWGTWTAYCCYCC,TAAACTTCAGGGTGACCAAAAAATCA,environmental,COI,40.0,Lasker18Sc127_17_D0100_S86_L001_R1_001.fastq.gz,Lasker18Sc127_17_D0100_S86_L001_R2_001.fastq.gz,marine biome  (ENVO:00000447),coastal water (ENVO:00001250),waterborne particulate matter (ENVO:01000436),mimarks survey,USA:California:SB Channel Islands,NGS Illumina Miseq,mimarks survey,0.22um,Poretics,LASKER2018,412,17.0,10.0,San Nicholas (day),Project_Overview_Lasker_2018,LASKER,,-119.455,18.0,Lasker18,2018.0,6.0,5.0,6/5/18,2018-06-05 19:06:00,VV,Lasker18Sc127_17_D0100,Lasker18Sc127_17_D0100,,,,,,,,,,,,,,,,,,,,,,,,,,,,,,,,,,,,,,,,,,,
Lasker18Sc127_19,Merged2018,Lasker18Sc127_19_D0101_VV,41.0,VV41,VV41_ATCGTACG,ATCGTACG,GGWACWGGWTGAACWGTWTAYCCYCC,TAAACTTCAGGGTGACCAAAAAATCA,environmental,COI,41.0,Lasker18Sc127_19_D0101_S89_L001_R1_001.fastq.gz,Lasker18Sc127_19_D0101_S89_L001_R2_001.fastq.gz,marine biome  (ENVO:00000447),coastal water (ENVO:00001250),waterborne particulate matter (ENVO:01000436),mimarks survey,USA:California:SB Channel Islands,NGS Illumina Miseq,mimarks survey,0.22um,Poretics,LASKER2018,412,19.0,10.0,San Nicholas (day),Project_Overview_Lasker_2018,LASKER,,-119.455,18.0,Lasker18,2018.0,6.0,5.0,6/5/18,2018-06-05 19:06:00,VV,Lasker18Sc127_19_D0101,Lasker18Sc127_19_D0101,,,,,,,,,,,,,,,,,,,,,,,,,,,,,,,,,,,,,,,,,,,
Lasker18Sc128_3,Merged2018,Lasker18Sc128_3_D0105_VV,42.0,VV42,VV42_ACTATCTG,ACTATCTG,GGWACWGGWTGAACWGTWTAYCCYCC,TAAACTTCAGGGTGACCAAAAAATCA,environmental,COI,42.0,Lasker18Sc128_3_D0105_S91_L001_R1_001.fastq.gz,Lasker18Sc128_3_D0105_S91_L001_R2_001.fastq.gz,marine biome  (ENVO:00000447),coastal water (ENVO:00001250),waterborne particulate matter (ENVO:01000436),mimarks survey,USA:California:SB Channel Islands,NGS Illumina Miseq,mimarks survey,0.22um,Poretics,LASKER2018,411,3.0,100.0,San Nicholas (dusk),Project_Overview_Lasker_2018,LASKER,33.69083333,-119.2833333,18.0,Lasker18,2018.0,6.0,5.0,6/5/18,2018-06-05 02:37:00,VV,Lasker18Sc128_3_D0105,Lasker18Sc128_3_D0105,,,,,,,,,,,,,,,,,,,,,,,,,,,,,,,,,,,,,,,,,,,
Lasker18Sc128_7,Merged2018,Lasker18Sc128_7_D0107_VV,43.0,VV43,VV43_TAGCGAGT,TAGCGAGT,GGWACWGGWTGAACWGTWTAYCCYCC,TAAACTTCAGGGTGACCAAAAAATCA,environmental,COI,43.0,Lasker18Sc128_7_D0107_S1_L001_R1_001.fastq.gz,Lasker18Sc128_7_D0107_S1_L001_R2_001.fastq.gz,marine biome  (ENVO:00000447),coastal water (ENVO:00001250),waterborne particulate matter (ENVO:01000436),mimarks survey,USA:California:SB Channel Islands,NGS Illumina Miseq,mimarks survey,0.22um,Poretics,LASKER2018,411,7.0,100.0,San Nicholas (dusk),Project_Overview_Lasker_2018,LASKER,33.69083333,-119.2833333,18.0,Lasker18,2018.0,6.0,5.0,6/5/18,2018-06-05 02:37:00,VV,Lasker18Sc128_7_D0107,Lasker18Sc128_7_D0107,,,,,,,,,,,,,,,,,,,,,,,,,,,,,,,,,,,,,,,,,,,
Lasker18Sc128_16,Merged2018,Lasker18Sc128_16_D0110_VV,44.0,VV44,VV44_CTGCGTGT,CTGCGTGT,GGWACWGGWTGAACWGTWTAYCCYCC,TAAACTTCAGGGTGACCAAAAAATCA,environmental,COI,44.0,Lasker18Sc128_16_D0110_S17_L001_R1_001.fastq.gz,Lasker18Sc128_16_D0110_S17_L001_R2_001.fastq.gz,marine biome  (ENVO:00000447),coastal water (ENVO:00001250),waterborne particulate matter (ENVO:01000436),mimarks survey,USA:California:SB Channel Islands,NGS Illumina Miseq,mimarks survey,0.22um,Poretics,LASKER2018,411,16.0,10.0,San Nicholas (dusk),Project_Overview_Lasker_2018,LASKER,33.69083333,-119.2833333,18.0,Lasker18,2018.0,6.0,5.0,6/5/18,2018-06-05 02:37:00,VV,Lasker18Sc128_16_D0110,Lasker18Sc128_16_D0110,,,,,,,,,,,,,,,,,,,,,,,,,,,,,,,,,,,,,,,,,,,
Lasker18Sc128_19,Merged2018,Lasker18Sc128_19_D0111_VV,45.0,VV45,VV45_TCATCGAG,TCATCGAG,GGWACWGGWTGAACWGTWTAYCCYCC,TAAACTTCAGGGTGACCAAAAAATCA,environmental,COI,45.0,Lasker18Sc128_19_D0111_S18_L001_R1_001.fastq.gz,Lasker18Sc128_19_D0111_S18_L001_R2_001.fastq.gz,marine biome  (ENVO:00000447),coastal water (ENVO:00001250),waterborne particulate matter (ENVO:01000436),mimarks survey,USA:California:SB Channel Islands,NGS Illumina Miseq,mimarks survey,0.22um,Poretics,LASKER2018,411,19.0,10.0,San Nicholas (dusk),Project_Overview_Lasker_2018,LASKER,33.69083333,-119.2833333,18.0,Lasker18,2018.0,6.0,5.0,6/5/18,2018-06-05 02:37:00,VV,Lasker18Sc128_19_D0111,Lasker18Sc128_19_D0111,,,,,,,,,,,,,,,,,,,,,,,,,,,,,,,,,,,,,,,,,,,
Lasker18Sc129_3,Merged2018,Lasker18Sc129_3_D0116_VV,46.0,VV46,VV46_CGTGAGTG,CGTGAGTG,GGWACWGGWTGAACWGTWTAYCCYCC,TAAACTTCAGGGTGACCAAAAAATCA,environmental,COI,46.0,Lasker18Sc129_3_D0116_S8_L001_R1_001.fastq.gz,Lasker18Sc129_3_D0116_S8_L001_R2_001.fastq.gz,marine biome  (ENVO:00000447),coastal water (ENVO:00001250),waterborne particulate matter (ENVO:01000436),mimarks survey,USA:California:SB Channel Islands,NGS Illumina Miseq,mimarks survey,0.22um,Poretics,LASKER2018,414,3.0,50.0,San Nicholas (dawn),Project_Overview_Lasker_2018,LASKER,33.40777778,-119.8102778,7.0,Lasker18,2018.0,6.0,6.0,6/6/18,2018-06-06 12:31:00,VV,Lasker18Sc129_3_D0116,Lasker18Sc129_3_D0116,,,,,,,,,,,,,,,,,,,,,,,,,,,,,,,,,,,,,,,,,,,
Lasker18Sc129_5,Merged2018,Lasker18Sc129_5_D0117_VV,47.0,VV47,VV47_GGATATCT,GGATATCT,GGWACWGGWTGAACWGTWTAYCCYCC,TAAACTTCAGGGTGACCAAAAAATCA,environmental,COI,47.0,Lasker18Sc129_5_D0117_S46_L001_R1_001.fastq.gz,Lasker18Sc129_5_D0117_S46_L001_R2_001.fastq.gz,marine biome  (ENVO:00000447),coastal water (ENVO:00001250),waterborne particulate matter (ENVO:01000436),mimarks survey,USA:California:SB Channel Islands,NGS Illumina Miseq,mimarks survey,0.22um,Poretics,LASKER2018,414,5.0,50.0,San Nicholas (dawn),Project_Overview_Lasker_2018,LASKER,33.40777778,-119.8102778,7.0,Lasker18,2018.0,6.0,6.0,6/6/18,2018-06-06 12:31:00,VV,Lasker18Sc129_5_D0117,Lasker18Sc129_5_D0117,,,,,,,,,,,,,,,,,,,,,,,,,,,,,,,,,,,,,,,,,,,
Lasker18Sc129_17,Merged2018,Lasker18Sc129_17_D0121_VV,48.0,VV48,VV48_GACACCGT,GACACCGT,GGWACWGGWTGAACWGTWTAYCCYCC,TAAACTTCAGGGTGACCAAAAAATCA,environmental,COI,48.0,Lasker18Sc129_17_D0121_S10_L001_R1_001.fastq.gz,Lasker18Sc129_17_D0121_S10_L001_R2_001.fastq.gz,marine biome  (ENVO:00000447),coastal water (ENVO:00001250),waterborne particulate matter (ENVO:01000436),mimarks survey,USA:California:SB Channel Islands,NGS Illumina Miseq,mimarks survey,0.22um,Poretics,LASKER2018,414,17.0,8.0,San Nicholas (dawn),Project_Overview_Lasker_2018,LASKER,33.40777778,-119.8102778,7.0,Lasker18,2018.0,6.0,6.0,6/6/18,2018-06-06 12:31:00,VV,Lasker18Sc129_17_D0121,Lasker18Sc129_17_D0121,,,,,,,,,,,,,,,,,,,,,,,,,,,,,,,,,,,,,,,,,,,
Lasker18Sc129_19,Merged2018,Lasker18Sc129_19_D0122_VV,49.0,VV49,VV49_ATCGTACG,ATCGTACG,GGWACWGGWTGAACWGTWTAYCCYCC,TAAACTTCAGGGTGACCAAAAAATCA,environmental,COI,49.0,Lasker18Sc129_19_D0122_S15_L001_R1_001.fastq.gz,Lasker18Sc129_19_D0122_S15_L001_R2_001.fastq.gz,marine biome  (ENVO:00000447),coastal water (ENVO:00001250),waterborne particulate matter (ENVO:01000436),mimarks survey,USA:California:SB Channel Islands,NGS Illumina Miseq,mimarks survey,0.22um,Poretics,LASKER2018,414,19.0,8.0,San Nicholas (dawn),Project_Overview_Lasker_2018,LASKER,33.40777778,-119.8102778,7.0,Lasker18,2018.0,6.0,6.0,6/6/18,2018-06-06 12:31:00,VV,Lasker18Sc129_19_D0122,Lasker18Sc129_19_D0122,,,,,,,,,,,,,,,,,,,,,,,,,,,,,,,,,,,,,,,,,,,
Lasker18Sc130_3,Merged2018,Lasker18Sc130_3_D0127_VV,50.0,VV50,VV50_ACTATCTG,ACTATCTG,GGWACWGGWTGAACWGTWTAYCCYCC,TAAACTTCAGGGTGACCAAAAAATCA,environmental,COI,50.0,Lasker18Sc130_3_D0127_S3_L001_R1_001.fastq.gz,Lasker18Sc130_3_D0127_S3_L001_R2_001.fastq.gz,marine biome  (ENVO:00000447),coastal water (ENVO:00001250),waterborne particulate matter (ENVO:01000436),mimarks survey,USA:California:Monterey Bay,NGS Illumina Miseq,mimarks survey,0.22um,Poretics,LASKER2018,126,3.0,100.0,Davenport (dawn),Project_Overview_Lasker_2018,LASKER,36.98388889,-122.6005556,16.0,Lasker18,2018.0,6.0,7.0,6/7/18,2018-06-07 14:21:00,VV,Lasker18Sc130_3_D0127,Lasker18Sc130_3_D0127,,,,,,,,,,,,,,,,,,,,,,,,,,,,,,,,,,,,,,,,,,,
Lasker18Sc130_5,Merged2018,Lasker18Sc130_5_D0128_VV,51.0,VV51,VV51_TAGCGAGT,TAGCGAGT,GGWACWGGWTGAACWGTWTAYCCYCC,TAAACTTCAGGGTGACCAAAAAATCA,environmental,COI,51.0,Lasker18Sc130_5_D0128_S68_L001_R1_001.fastq.gz,Lasker18Sc130_5_D0128_S68_L001_R2_001.fastq.gz,marine biome  (ENVO:00000447),coastal water (ENVO:00001250),waterborne particulate matter (ENVO:01000436),mimarks survey,USA:California:Monterey Bay,NGS Illumina Miseq,mimarks survey,0.22um,Poretics,LASKER2018,126,5.0,100.0,Davenport (dawn),Project_Overview_Lasker_2018,LASKER,36.98388889,-122.6005556,16.0,Lasker18,2018.0,6.0,7.0,6/7/18,2018-06-07 14:21:00,VV,Lasker18Sc130_5_D0128,Lasker18Sc130_5_D0128,,,,,,,,,,,,,,,,,,,,,,,,,,,,,,,,,,,,,,,,,,,
Lasker18Sc130_17,Merged2018,Lasker18Sc130_17_D0132_VV,52.0,VV52,VV52_CTGCGTGT,CTGCGTGT,GGWACWGGWTGAACWGTWTAYCCYCC,TAAACTTCAGGGTGACCAAAAAATCA,environmental,COI,52.0,Lasker18Sc130_17_D0132_S32_L001_R1_001.fastq.gz,Lasker18Sc130_17_D0132_S32_L001_R2_001.fastq.gz,marine biome  (ENVO:00000447),coastal water (ENVO:00001250),waterborne particulate matter (ENVO:01000436),mimarks survey,USA:California:Monterey Bay,NGS Illumina Miseq,mimarks survey,0.22um,Poretics,LASKER2018,126,17.0,10.0,Davenport (dawn),Project_Overview_Lasker_2018,LASKER,36.98388889,-122.6005556,16.0,Lasker18,2018.0,6.0,7.0,6/7/18,2018-06-07 14:21:00,VV,Lasker18Sc130_17_D0132,Lasker18Sc130_17_D0132,,,,,,,,,,,,,,,,,,,,,,,,,,,,,,,,,,,,,,,,,,,
Lasker18Sc130_19,Merged2018,Lasker18Sc130_19_D0133_VV,53.0,VV53,VV53_TCATCGAG,TCATCGAG,GGWACWGGWTGAACWGTWTAYCCYCC,TAAACTTCAGGGTGACCAAAAAATCA,environmental,COI,53.0,Lasker18Sc130_19_D0133_S80_L001_R1_001.fastq.gz,Lasker18Sc130_19_D0133_S80_L001_R2_001.fastq.gz,marine biome  (ENVO:00000447),coastal water (ENVO:00001250),waterborne particulate matter (ENVO:01000436),mimarks survey,USA:California:Monterey Bay,NGS Illumina Miseq,mimarks survey,0.22um,Poretics,LASKER2018,126,19.0,10.0,Davenport (dawn),Project_Overview_Lasker_2018,LASKER,36.98388889,-122.6005556,16.0,Lasker18,2018.0,6.0,7.0,6/7/18,2018-06-07 14:21:00,VV,Lasker18Sc130_19_D0133,Lasker18Sc130_19_D0133,,,,,,,,,,,,,,,,,,,,,,,,,,,,,,,,,,,,,,,,,,,
Lasker18Sc132_3,Merged2018,Lasker18Sc132_3_D0137_VV,54.0,VV54,VV54_CGTGAGTG,CGTGAGTG,GGWACWGGWTGAACWGTWTAYCCYCC,TAAACTTCAGGGTGACCAAAAAATCA,environmental,COI,54.0,Lasker18Sc132_3_D0137_S27_L001_R1_001.fastq.gz,Lasker18Sc132_3_D0137_S27_L001_R2_001.fastq.gz,marine biome  (ENVO:00000447),coastal water (ENVO:00001250),waterborne particulate matter (ENVO:01000436),mimarks survey,USA:California:Monterey Bay,NGS Illumina Miseq,mimarks survey,0.22um,Poretics,LASKER2018,MB1,3.0,100.0,Davenport (day),Project_Overview_Lasker_2018,LASKER,36.99583333,-122.5180556,13.0,Lasker18,2018.0,6.0,7.0,6/7/18,2018-06-07 19:21:00,VV,Lasker18Sc132_3_D0137,Lasker18Sc132_3_D0137,,,,,,,,,,,,,,,,,,,,,,,,,,,,,,,,,,,,,,,,,,,
Lasker18Sc132_5,Merged2018,Lasker18Sc132_5_D0138_VV,55.0,VV55,VV55_GGATATCT,GGATATCT,GGWACWGGWTGAACWGTWTAYCCYCC,TAAACTTCAGGGTGACCAAAAAATCA,environmental,COI,55.0,Lasker18Sc132_5_D0138_S30_L001_R1_001.fastq.gz,Lasker18Sc132_5_D0138_S30_L001_R2_001.fastq.gz,marine biome  (ENVO:00000447),coastal water (ENVO:00001250),waterborne particulate matter (ENVO:01000436),mimarks survey,USA:California:Monterey Bay,NGS Illumina Miseq,mimarks survey,0.22um,Poretics,LASKER2018,MB1,5.0,100.0,Davenport (day),Project_Overview_Lasker_2018,LASKER,36.99583333,-122.5180556,13.0,Lasker18,2018.0,6.0,7.0,6/7/18,2018-06-07 19:21:00,VV,Lasker18Sc132_5_D0138,Lasker18Sc132_5_D0138,,,,,,,,,,,,,,,,,,,,,,,,,,,,,,,,,,,,,,,,,,,
Lasker18Sc132_17,Merged2018,Lasker18Sc132_17_D0142_VV,56.0,VV56,VV56_GACACCGT,GACACCGT,GGWACWGGWTGAACWGTWTAYCCYCC,TAAACTTCAGGGTGACCAAAAAATCA,environmental,COI,56.0,Lasker18Sc132_17_D0142_S25_L001_R1_001.fastq.gz,Lasker18Sc132_17_D0142_S25_L001_R2_001.fastq.gz,marine biome  (ENVO:00000447),coastal water (ENVO:00001250),waterborne particulate matter (ENVO:01000436),mimarks survey,USA:California:Monterey Bay,NGS Illumina Miseq,mimarks survey,0.22um,Poretics,LASKER2018,MB1,17.0,10.0,Davenport (day),Project_Overview_Lasker_2018,LASKER,36.99583333,-122.5180556,13.0,Lasker18,2018.0,6.0,7.0,6/7/18,2018-06-07 19:21:00,VV,Lasker18Sc132_17_D0142,Lasker18Sc132_17_D0142,,,,,,,,,,,,,,,,,,,,,,,,,,,,,,,,,,,,,,,,,,,
Lasker18Sc132_19,Merged2018,Lasker18Sc132_19_D0143_VV,57.0,VV57,VV57_ATCGTACG,ATCGTACG,GGWACWGGWTGAACWGTWTAYCCYCC,TAAACTTCAGGGTGACCAAAAAATCA,environmental,COI,57.0,Lasker18Sc132_19_D0143_S72_L001_R1_001.fastq.gz,Lasker18Sc132_19_D0143_S72_L001_R2_001.fastq.gz,marine biome  (ENVO:00000447),coastal water (ENVO:00001250),waterborne particulate matter (ENVO:01000436),mimarks survey,USA:California:Monterey Bay,NGS Illumina Miseq,mimarks survey,0.22um,Poretics,LASKER2018,MB1,19.0,10.0,Davenport (day),Project_Overview_Lasker_2018,LASKER,36.99583333,-122.5180556,13.0,Lasker18,2018.0,6.0,7.0,6/7/18,2018-06-07 19:21:00,VV,Lasker18Sc132_19_D0143,Lasker18Sc132_19_D0143,,,,,,,,,,,,,,,,,,,,,,,,,,,,,,,,,,,,,,,,,,,
Lasker18Sc133_3,Merged2018,Lasker18Sc133_3_D0147_VV,58.0,VV58,VV58_ACTATCTG,ACTATCTG,GGWACWGGWTGAACWGTWTAYCCYCC,TAAACTTCAGGGTGACCAAAAAATCA,environmental,COI,58.0,Lasker18Sc133_3_D0147_S67_L001_R1_001.fastq.gz,Lasker18Sc133_3_D0147_S67_L001_R2_001.fastq.gz,marine biome  (ENVO:00000447),coastal water (ENVO:00001250),waterborne particulate matter (ENVO:01000436),mimarks survey,USA:California:Monterey Bay,NGS Illumina Miseq,mimarks survey,0.22um,Poretics,LASKER2018,123,3.0,70.0,Davenport (dusk),Project_Overview_Lasker_2018,LASKER,36.99527778,-122.5186111,3.0,Lasker18,2018.0,6.0,7.0,6/7/18,2018-06-07 02:36:00,VV,Lasker18Sc133_3_D0147,Lasker18Sc133_3_D0147,,,,,,,,,,,,,,,,,,,,,,,,,,,,,,,,,,,,,,,,,,,
Lasker18Sc133_5,Merged2018,Lasker18Sc133_5_D0148_VV,59.0,VV59,VV59_TAGCGAGT,TAGCGAGT,GGWACWGGWTGAACWGTWTAYCCYCC,TAAACTTCAGGGTGACCAAAAAATCA,environmental,COI,59.0,Lasker18Sc133_5_D0148_S92_L001_R1_001.fastq.gz,Lasker18Sc133_5_D0148_S92_L001_R2_001.fastq.gz,marine biome  (ENVO:00000447),coastal water (ENVO:00001250),waterborne particulate matter (ENVO:01000436),mimarks survey,USA:California:Monterey Bay,NGS Illumina Miseq,mimarks survey,0.22um,Poretics,LASKER2018,123,5.0,70.0,Davenport (dusk),Project_Overview_Lasker_2018,LASKER,36.99527778,-122.5186111,3.0,Lasker18,2018.0,6.0,7.0,6/7/18,2018-06-07 02:36:00,VV,Lasker18Sc133_5_D0148,Lasker18Sc133_5_D0148,,,,,,,,,,,,,,,,,,,,,,,,,,,,,,,,,,,,,,,,,,,
Lasker18Sc133_17,Merged2018,Lasker18Sc133_17_D0152_VV,60.0,VV60,VV60_CTGCGTGT,CTGCGTGT,GGWACWGGWTGAACWGTWTAYCCYCC,TAAACTTCAGGGTGACCAAAAAATCA,environmental,COI,60.0,Lasker18Sc133_17_D0152_S5_L001_R1_001.fastq.gz,Lasker18Sc133_17_D0152_S5_L001_R2_001.fastq.gz,marine biome  (ENVO:00000447),coastal water (ENVO:00001250),waterborne particulate matter (ENVO:01000436),mimarks survey,USA:California:Monterey Bay,NGS Illumina Miseq,mimarks survey,0.22um,Poretics,LASKER2018,123,17.0,10.0,Davenport (dusk),Project_Overview_Lasker_2018,LASKER,36.99527778,-122.5186111,3.0,Lasker18,2018.0,6.0,7.0,6/7/18,2018-06-07 02:36:00,VV,Lasker18Sc133_17_D0152,Lasker18Sc133_17_D0152,,,,,,,,,,,,,,,,,,,,,,,,,,,,,,,,,,,,,,,,,,,
Lasker18Sc133_19,Merged2018,Lasker18Sc133_19_D0153_VV,61.0,VV61,VV61_TCATCGAG,TCATCGAG,GGWACWGGWTGAACWGTWTAYCCYCC,TAAACTTCAGGGTGACCAAAAAATCA,environmental,COI,61.0,Lasker18Sc133_19_D0153_S37_L001_R1_001.fastq.gz,Lasker18Sc133_19_D0153_S37_L001_R2_001.fastq.gz,marine biome  (ENVO:00000447),coastal water (ENVO:00001250),waterborne particulate matter (ENVO:01000436),mimarks survey,USA:California:Monterey Bay,NGS Illumina Miseq,mimarks survey,0.22um,Poretics,LASKER2018,123,19.0,10.0,Davenport (dusk),Project_Overview_Lasker_2018,LASKER,36.99527778,-122.5186111,3.0,Lasker18,2018.0,6.0,7.0,6/7/18,2018-06-07 02:36:00,VV,Lasker18Sc133_19_D0153,Lasker18Sc133_19_D0153,,,,,,,,,,,,,,,,,,,,,,,,,,,,,,,,,,,,,,,,,,,
Lasker18Sc134_3,Merged2018,Lasker18Sc134_3_D0158_VV,62.0,VV62,VV62_CGTGAGTG,CGTGAGTG,GGWACWGGWTGAACWGTWTAYCCYCC,TAAACTTCAGGGTGACCAAAAAATCA,environmental,COI,62.0,Lasker18Sc134_3_D0158_S84_L001_R1_001.fastq.gz,Lasker18Sc134_3_D0158_S84_L001_R2_001.fastq.gz,marine biome  (ENVO:00000447),coastal water (ENVO:00001250),waterborne particulate matter (ENVO:01000436),mimarks survey,USA:California:Monterey Bay,NGS Illumina Miseq,mimarks survey,0.22um,Poretics,LASKER2018,125,3.0,50.0,Davenport (midnight),Project_Overview_Lasker_2018,LASKER,36.99055556,-122.4558333,3.0,Lasker18,2018.0,6.0,8.0,6/8/18,2018-06-08 08:32:00,VV,Lasker18Sc134_3_D0158,Lasker18Sc134_3_D0158,,,,,,,,,,,,,,,,,,,,,,,,,,,,,,,,,,,,,,,,,,,
Lasker18Sc134_5,Merged2018,Lasker18Sc134_5_D0159_VV,63.0,VV63,VV63_GGATATCT,GGATATCT,GGWACWGGWTGAACWGTWTAYCCYCC,TAAACTTCAGGGTGACCAAAAAATCA,environmental,COI,63.0,Lasker18Sc134_5_D0159_S90_L001_R1_001.fastq.gz,Lasker18Sc134_5_D0159_S90_L001_R2_001.fastq.gz,marine biome  (ENVO:00000447),coastal water (ENVO:00001250),waterborne particulate matter (ENVO:01000436),mimarks survey,USA:California:Monterey Bay,NGS Illumina Miseq,mimarks survey,0.22um,Poretics,LASKER2018,125,5.0,50.0,Davenport (midnight),Project_Overview_Lasker_2018,LASKER,36.99055556,-122.4558333,3.0,Lasker18,2018.0,6.0,8.0,6/8/18,2018-06-08 08:32:00,VV,Lasker18Sc134_5_D0159,Lasker18Sc134_5_D0159,,,,,,,,,,,,,,,,,,,,,,,,,,,,,,,,,,,,,,,,,,,
Lasker18Sc134_17,Merged2018,Lasker18Sc134_17_D0163_VV,65.0,VV65,VV65_ATCGTACG,ATCGTACG,GGWACWGGWTGAACWGTWTAYCCYCC,TAAACTTCAGGGTGACCAAAAAATCA,environmental,COI,65.0,Lasker18Sc134_17_D0163_S44_L001_R1_001.fastq.gz,Lasker18Sc134_17_D0163_S44_L001_R2_001.fastq.gz,marine biome  (ENVO:00000447),coastal water (ENVO:00001250),waterborne particulate matter (ENVO:01000436),mimarks survey,USA:California:Monterey Bay,NGS Illumina Miseq,mimarks survey,0.22um,Poretics,LASKER2018,125,17.0,10.0,Davenport (midnight),Project_Overview_Lasker_2018,LASKER,36.99055556,-122.4558333,3.0,Lasker18,2018.0,6.0,8.0,6/8/18,2018-06-08 08:32:00,VV,Lasker18Sc134_17_D0163,Lasker18Sc134_17_D0163,,,,,,,,,,,,,,,,,,,,,,,,,,,,,,,,,,,,,,,,,,,
Lasker18Sc134_19,Merged2018,Lasker18Sc134_19_D0164_VV,66.0,VV66,VV66_ACTATCTG,ACTATCTG,GGWACWGGWTGAACWGTWTAYCCYCC,TAAACTTCAGGGTGACCAAAAAATCA,environmental,COI,66.0,Lasker18Sc134_19_D0164_S57_L001_R1_001.fastq.gz,Lasker18Sc134_19_D0164_S57_L001_R2_001.fastq.gz,marine biome  (ENVO:00000447),coastal water (ENVO:00001250),waterborne particulate matter (ENVO:01000436),mimarks survey,USA:California:Monterey Bay,NGS Illumina Miseq,mimarks survey,0.22um,Poretics,LASKER2018,125,19.0,10.0,Davenport (midnight),Project_Overview_Lasker_2018,LASKER,36.99055556,-122.4558333,3.0,Lasker18,2018.0,6.0,8.0,6/8/18,2018-06-08 08:32:00,VV,Lasker18Sc134_19_D0164,Lasker18Sc134_19_D0164,,,,,,,,,,,,,,,,,,,,,,,,,,,,,,,,,,,,,,,,,,,
Lasker18Sc135_17,Merged2018,Lasker18Sc135_17_D0173_VV,67.0,VV67,VV67_TAGCGAGT,TAGCGAGT,GGWACWGGWTGAACWGTWTAYCCYCC,TAAACTTCAGGGTGACCAAAAAATCA,environmental,COI,67.0,Lasker18Sc135_17_D0173_S62_L001_R1_001.fastq.gz,Lasker18Sc135_17_D0173_S62_L001_R2_001.fastq.gz,marine biome  (ENVO:00000447),coastal water (ENVO:00001250),waterborne particulate matter (ENVO:01000436),mimarks survey,USA:California:Monterey Bay,NGS Illumina Miseq,mimarks survey,0.22um,Poretics,LASKER2018,127,17.0,10.0,Davenport (dawn),Project_Overview_Lasker_2018,LASKER,37.00888889,-122.8005556,4.0,Lasker18,2018.0,6.0,8.0,6/8/18,2018-06-08 12:39:00,VV,Lasker18Sc135_17_D0173,Lasker18Sc135_17_D0173,,,,,,,,,,,,,,,,,,,,,,,,,,,,,,,,,,,,,,,,,,,
Lasker18Sc135_19,Merged2018,Lasker18Sc135_19_D0174_VV,68.0,VV68,VV68_CTGCGTGT,CTGCGTGT,GGWACWGGWTGAACWGTWTAYCCYCC,TAAACTTCAGGGTGACCAAAAAATCA,environmental,COI,68.0,Lasker18Sc135_19_D0174_S51_L001_R1_001.fastq.gz,Lasker18Sc135_19_D0174_S51_L001_R2_001.fastq.gz,marine biome  (ENVO:00000447),coastal water (ENVO:00001250),waterborne particulate matter (ENVO:01000436),mimarks survey,USA:California:Monterey Bay,NGS Illumina Miseq,mimarks survey,0.22um,Poretics,LASKER2018,127,19.0,10.0,Davenport (dawn),Project_Overview_Lasker_2018,LASKER,37.00888889,-122.8005556,4.0,Lasker18,2018.0,6.0,8.0,6/8/18,2018-06-08 12:39:00,VV,Lasker18Sc135_19_D0174,Lasker18Sc135_19_D0174,,,,,,,,,,,,,,,,,,,,,,,,,,,,,,,,,,,,,,,,,,,
Lasker18Sc145_3,Merged2018,Lasker18Sc145_3_D0219_VV,69.0,VV69,VV69_TCATCGAG,TCATCGAG,GGWACWGGWTGAACWGTWTAYCCYCC,TAAACTTCAGGGTGACCAAAAAATCA,environmental,COI,69.0,Lasker18Sc145_3_D0219_S14_L001_R1_001.fastq.gz,Lasker18Sc145_3_D0219_S14_L001_R2_001.fastq.gz,marine biome  (ENVO:00000447),coastal water (ENVO:00001250),waterborne particulate matter (ENVO:01000436),mimarks survey,USA:California:Monterey Bay,NGS Illumina Miseq,mimarks survey,0.22um,Poretics,LASKER2018,MB8,3.0,100.0,Monterey Inside (day),Project_Overview_Lasker_2018,LASKER,36.98694444,-122.5236111,10.0,Lasker18,2018.0,6.0,9.0,6/9/18,2018-06-09 18:02:00,VV,Lasker18Sc145_3_D0219,Lasker18Sc145_3_D0219,,,,,,,,,,,,,,,,,,,,,,,,,,,,,,,,,,,,,,,,,,,
Lasker18Sc145_5,Merged2018,Lasker18Sc145_5_D0220_VV,70.0,VV70,VV70_CGTGAGTG,CGTGAGTG,GGWACWGGWTGAACWGTWTAYCCYCC,TAAACTTCAGGGTGACCAAAAAATCA,environmental,COI,70.0,Lasker18Sc145_5_D0220_S69_L001_R1_001.fastq.gz,Lasker18Sc145_5_D0220_S69_L001_R2_001.fastq.gz,marine biome  (ENVO:00000447),coastal water (ENVO:00001250),waterborne particulate matter (ENVO:01000436),mimarks survey,USA:California:Monterey Bay,NGS Illumina Miseq,mimarks survey,0.22um,Poretics,LASKER2018,MB8,5.0,100.0,Monterey Inside (day),Project_Overview_Lasker_2018,LASKER,36.98694444,-122.5236111,10.0,Lasker18,2018.0,6.0,9.0,6/9/18,2018-06-09 18:02:00,VV,Lasker18Sc145_5_D0220,Lasker18Sc145_5_D0220,,,,,,,,,,,,,,,,,,,,,,,,,,,,,,,,,,,,,,,,,,,
Lasker18Sc145_17,Merged2018,Lasker18Sc145_17_D0224_VV,71.0,VV71,VV71_GGATATCT,GGATATCT,GGWACWGGWTGAACWGTWTAYCCYCC,TAAACTTCAGGGTGACCAAAAAATCA,environmental,COI,71.0,Lasker18Sc145_17_D0224_S49_L001_R1_001.fastq.gz,Lasker18Sc145_17_D0224_S49_L001_R2_001.fastq.gz,marine biome  (ENVO:00000447),coastal water (ENVO:00001250),waterborne particulate matter (ENVO:01000436),mimarks survey,USA:California:Monterey Bay,NGS Illumina Miseq,mimarks survey,0.22um,Poretics,LASKER2018,MB8,17.0,10.0,Monterey Inside (day),Project_Overview_Lasker_2018,LASKER,36.98694444,-122.5236111,10.0,Lasker18,2018.0,6.0,9.0,6/9/18,2018-06-09 18:02:00,VV,Lasker18Sc145_17_D0224,Lasker18Sc145_17_D0224,,,,,,,,,,,,,,,,,,,,,,,,,,,,,,,,,,,,,,,,,,,
Lasker18Sc145_19,Merged2018,Lasker18Sc145_19_D0225_VV,72.0,VV72,VV72_GACACCGT,GACACCGT,GGWACWGGWTGAACWGTWTAYCCYCC,TAAACTTCAGGGTGACCAAAAAATCA,environmental,COI,72.0,Lasker18Sc145_19_D0225_S65_L001_R1_001.fastq.gz,Lasker18Sc145_19_D0225_S65_L001_R2_001.fastq.gz,marine biome  (ENVO:00000447),coastal water (ENVO:00001250),waterborne particulate matter (ENVO:01000436),mimarks survey,USA:California:Monterey Bay,NGS Illumina Miseq,mimarks survey,0.22um,Poretics,LASKER2018,MB8,19.0,10.0,Monterey Inside (day),Project_Overview_Lasker_2018,LASKER,36.98694444,-122.5236111,10.0,Lasker18,2018.0,6.0,9.0,6/9/18,2018-06-09 18:02:00,VV,Lasker18Sc145_19_D0225,Lasker18Sc145_19_D0225,,,,,,,,,,,,,,,,,,,,,,,,,,,,,,,,,,,,,,,,,,,
Lasker18Sc150_3,Merged2018,Lasker18Sc150_3_D0229_VV,73.0,VV73,VV73_ATCGTACG,ATCGTACG,GGWACWGGWTGAACWGTWTAYCCYCC,TAAACTTCAGGGTGACCAAAAAATCA,environmental,COI,73.0,Lasker18Sc150_3_D0229_S61_L001_R1_001.fastq.gz,Lasker18Sc150_3_D0229_S61_L001_R2_001.fastq.gz,marine biome  (ENVO:00000447),coastal water (ENVO:00001250),waterborne particulate matter (ENVO:01000436),mimarks survey,USA:California:Monterey Bay,NGS Illumina Miseq,mimarks survey,0.22um,Poretics,LASKER2018,119,3.0,50.0,Monterey Inside (dusk),Project_Overview_Lasker_2018,LASKER,36.85194444,-121.9911111,8.0,Lasker18,2018.0,6.0,9.0,6/9/18,2018-06-09 02:49:00,VV,Lasker18Sc150_3_D0229,Lasker18Sc150_3_D0229,,,,,,,,,,,,,,,,,,,,,,,,,,,,,,,,,,,,,,,,,,,
Lasker18Sc150_5,Merged2018,Lasker18Sc150_5_D0230_VV,74.0,VV74,VV74_ACTATCTG,ACTATCTG,GGWACWGGWTGAACWGTWTAYCCYCC,TAAACTTCAGGGTGACCAAAAAATCA,environmental,COI,74.0,Lasker18Sc150_5_D0230_S21_L001_R1_001.fastq.gz,Lasker18Sc150_5_D0230_S21_L001_R2_001.fastq.gz,marine biome  (ENVO:00000447),coastal water (ENVO:00001250),waterborne particulate matter (ENVO:01000436),mimarks survey,USA:California:Monterey Bay,NGS Illumina Miseq,mimarks survey,0.22um,Poretics,LASKER2018,119,5.0,50.0,Monterey Inside (dusk),Project_Overview_Lasker_2018,LASKER,36.85194444,-121.9911111,8.0,Lasker18,2018.0,6.0,9.0,6/9/18,2018-06-09 02:49:00,VV,Lasker18Sc150_5_D0230,Lasker18Sc150_5_D0230,,,,,,,,,,,,,,,,,,,,,,,,,,,,,,,,,,,,,,,,,,,
Lasker18Sc150_17,Merged2018,Lasker18Sc150_17_D0234_VV,75.0,VV75,VV75_TAGCGAGT,TAGCGAGT,GGWACWGGWTGAACWGTWTAYCCYCC,TAAACTTCAGGGTGACCAAAAAATCA,environmental,COI,75.0,Lasker18Sc150_17_D0234_S16_L001_R1_001.fastq.gz,Lasker18Sc150_17_D0234_S16_L001_R2_001.fastq.gz,marine biome  (ENVO:00000447),coastal water (ENVO:00001250),waterborne particulate matter (ENVO:01000436),mimarks survey,USA:California:Monterey Bay,NGS Illumina Miseq,mimarks survey,0.22um,Poretics,LASKER2018,119,17.0,10.0,Monterey Inside (dusk),Project_Overview_Lasker_2018,LASKER,36.85194444,-121.9911111,8.0,Lasker18,2018.0,6.0,9.0,6/9/18,2018-06-09 02:49:00,VV,Lasker18Sc150_17_D0234,Lasker18Sc150_17_D0234,,,,,,,,,,,,,,,,,,,,,,,,,,,,,,,,,,,,,,,,,,,
Lasker18Sc150_19,Merged2018,Lasker18Sc150_19_D0235_VV,76.0,VV76,VV76_CTGCGTGT,CTGCGTGT,GGWACWGGWTGAACWGTWTAYCCYCC,TAAACTTCAGGGTGACCAAAAAATCA,environmental,COI,76.0,Lasker18Sc150_19_D0235_S34_L001_R1_001.fastq.gz,Lasker18Sc150_19_D0235_S34_L001_R2_001.fastq.gz,marine biome  (ENVO:00000447),coastal water (ENVO:00001250),waterborne particulate matter (ENVO:01000436),mimarks survey,USA:California:Monterey Bay,NGS Illumina Miseq,mimarks survey,0.22um,Poretics,LASKER2018,119,19.0,10.0,Monterey Inside (dusk),Project_Overview_Lasker_2018,LASKER,36.85194444,-121.9911111,8.0,Lasker18,2018.0,6.0,9.0,6/9/18,2018-06-09 02:49:00,VV,Lasker18Sc150_19_D0235,Lasker18Sc150_19_D0235,,,,,,,,,,,,,,,,,,,,,,,,,,,,,,,,,,,,,,,,,,,
Lasker18Sc151_3,Merged2018,Lasker18Sc151_3_D0240_VV,77.0,VV77,VV77_TCATCGAG,TCATCGAG,GGWACWGGWTGAACWGTWTAYCCYCC,TAAACTTCAGGGTGACCAAAAAATCA,environmental,COI,77.0,Lasker18Sc151_3_D0240_S39_L001_R1_001.fastq.gz,Lasker18Sc151_3_D0240_S39_L001_R2_001.fastq.gz,marine biome  (ENVO:00000447),coastal water (ENVO:00001250),waterborne particulate matter (ENVO:01000436),mimarks survey,USA:California:Monterey Bay,NGS Illumina Miseq,mimarks survey,0.22um,Poretics,LASKER2018,114,3.0,100.0,Monterey Inside (midnight),Project_Overview_Lasker_2018,LASKER,36.79138889,-121.9022222,20.0,Lasker18,2018.0,6.0,10.0,6/10/18,2018-06-10 07:53:00,VV,Lasker18Sc151_3_D0240,Lasker18Sc151_3_D0240,,,,,,,,,,,,,,,,,,,,,,,,,,,,,,,,,,,,,,,,,,,
Lasker18Sc151_5,Merged2018,Lasker18Sc151_5_D0241_VV,78.0,VV78,VV78_CGTGAGTG,CGTGAGTG,GGWACWGGWTGAACWGTWTAYCCYCC,TAAACTTCAGGGTGACCAAAAAATCA,environmental,COI,78.0,Lasker18Sc151_5_D0241_S20_L001_R1_001.fastq.gz,Lasker18Sc151_5_D0241_S20_L001_R2_001.fastq.gz,marine biome  (ENVO:00000447),coastal water (ENVO:00001250),waterborne particulate matter (ENVO:01000436),mimarks survey,USA:California:Monterey Bay,NGS Illumina Miseq,mimarks survey,0.22um,Poretics,LASKER2018,114,5.0,100.0,Monterey Inside (midnight),Project_Overview_Lasker_2018,LASKER,36.79138889,-121.9022222,20.0,Lasker18,2018.0,6.0,10.0,6/10/18,2018-06-10 07:53:00,VV,Lasker18Sc151_5_D0241,Lasker18Sc151_5_D0241,,,,,,,,,,,,,,,,,,,,,,,,,,,,,,,,,,,,,,,,,,,
Lasker18Sc151_17,Merged2018,Lasker18Sc151_17_D0245_VV,79.0,VV79,VV79_GGATATCT,GGATATCT,GGWACWGGWTGAACWGTWTAYCCYCC,TAAACTTCAGGGTGACCAAAAAATCA,environmental,COI,79.0,Lasker18Sc151_17_D0245_S55_L001_R1_001.fastq.gz,Lasker18Sc151_17_D0245_S55_L001_R2_001.fastq.gz,marine biome  (ENVO:00000447),coastal water (ENVO:00001250),waterborne particulate matter (ENVO:01000436),mimarks survey,USA:California:Monterey Bay,NGS Illumina Miseq,mimarks survey,0.22um,Poretics,LASKER2018,114,17.0,10.0,Monterey Inside (midnight),Project_Overview_Lasker_2018,LASKER,36.79138889,-121.9022222,20.0,Lasker18,2018.0,6.0,10.0,6/10/18,2018-06-10 07:53:00,VV,Lasker18Sc151_17_D0245,Lasker18Sc151_17_D0245,,,,,,,,,,,,,,,,,,,,,,,,,,,,,,,,,,,,,,,,,,,
Lasker18Sc151_19,Merged2018,Lasker18Sc151_19_D0246_VV,80.0,VV80,VV80_GACACCGT,GACACCGT,GGWACWGGWTGAACWGTWTAYCCYCC,TAAACTTCAGGGTGACCAAAAAATCA,environmental,COI,80.0,Lasker18Sc151_19_D0246_S79_L001_R1_001.fastq.gz,Lasker18Sc151_19_D0246_S79_L001_R2_001.fastq.gz,marine biome  (ENVO:00000447),coastal water (ENVO:00001250),waterborne particulate matter (ENVO:01000436),mimarks survey,USA:California:Monterey Bay,NGS Illumina Miseq,mimarks survey,0.22um,Poretics,LASKER2018,114,19.0,10.0,Monterey Inside (midnight),Project_Overview_Lasker_2018,LASKER,36.79138889,-121.9022222,20.0,Lasker18,2018.0,6.0,10.0,6/10/18,2018-06-10 07:53:00,VV,Lasker18Sc151_19_D0246,Lasker18Sc151_19_D0246,,,,,,,,,,,,,,,,,,,,,,,,,,,,,,,,,,,,,,,,,,,
Lasker18Sc153_3,Merged2018,Lasker18Sc153_3_D0250_VV,81.0,VV81,VV81_ATCGTACG,ATCGTACG,GGWACWGGWTGAACWGTWTAYCCYCC,TAAACTTCAGGGTGACCAAAAAATCA,environmental,COI,81.0,Lasker18Sc153_3_D0250_S24_L001_R1_001.fastq.gz,Lasker18Sc153_3_D0250_S24_L001_R2_001.fastq.gz,marine biome  (ENVO:00000447),coastal water (ENVO:00001250),waterborne particulate matter (ENVO:01000436),mimarks survey,USA:California:Monterey Bay,NGS Illumina Miseq,mimarks survey,0.22um,Poretics,LASKER2018,112,3.0,50.0,Monterey Inside (dawn),Project_Overview_Lasker_2018,LASKER,36.66888889,-121.9580556,7.0,Lasker18,2018.0,6.0,10.0,6/10/18,2018-06-10 12:59:00,VV,Lasker18Sc153_3_D0250,Lasker18Sc153_3_D0250,,,,,,,,,,,,,,,,,,,,,,,,,,,,,,,,,,,,,,,,,,,
Lasker18Sc153_5,Merged2018,Lasker18Sc153_5_D0251_VV,82.0,VV82,VV82_ACTATCTG,ACTATCTG,GGWACWGGWTGAACWGTWTAYCCYCC,TAAACTTCAGGGTGACCAAAAAATCA,environmental,COI,82.0,Lasker18Sc153_5_D0251_S85_L001_R1_001.fastq.gz,Lasker18Sc153_5_D0251_S85_L001_R2_001.fastq.gz,marine biome  (ENVO:00000447),coastal water (ENVO:00001250),waterborne particulate matter (ENVO:01000436),mimarks survey,USA:California:Monterey Bay,NGS Illumina Miseq,mimarks survey,0.22um,Poretics,LASKER2018,112,5.0,50.0,Monterey Inside (dawn),Project_Overview_Lasker_2018,LASKER,36.66888889,-121.9580556,7.0,Lasker18,2018.0,6.0,10.0,6/10/18,2018-06-10 12:59:00,VV,Lasker18Sc153_5_D0251,Lasker18Sc153_5_D0251,,,,,,,,,,,,,,,,,,,,,,,,,,,,,,,,,,,,,,,,,,,
Lasker18Sc153_17,Merged2018,Lasker18Sc153_17_D0255_VV,83.0,VV83,VV83_TAGCGAGT,TAGCGAGT,GGWACWGGWTGAACWGTWTAYCCYCC,TAAACTTCAGGGTGACCAAAAAATCA,environmental,COI,83.0,Lasker18Sc153_17_D0255_S94_L001_R1_001.fastq.gz,Lasker18Sc153_17_D0255_S94_L001_R2_001.fastq.gz,marine biome  (ENVO:00000447),coastal water (ENVO:00001250),waterborne particulate matter (ENVO:01000436),mimarks survey,USA:California:Monterey Bay,NGS Illumina Miseq,mimarks survey,0.22um,Poretics,LASKER2018,112,17.0,6.0,Monterey Inside (dawn),Project_Overview_Lasker_2018,LASKER,36.66888889,-121.9580556,7.0,Lasker18,2018.0,6.0,10.0,6/10/18,2018-06-10 12:59:00,VV,Lasker18Sc153_17_D0255,Lasker18Sc153_17_D0255,,,,,,,,,,,,,,,,,,,,,,,,,,,,,,,,,,,,,,,,,,,
Lasker18Sc153_19,Merged2018,Lasker18Sc153_19_D0256_VV,84.0,VV84,VV84_CTGCGTGT,CTGCGTGT,GGWACWGGWTGAACWGTWTAYCCYCC,TAAACTTCAGGGTGACCAAAAAATCA,environmental,COI,84.0,Lasker18Sc153_19_D0256_S22_L001_R1_001.fastq.gz,Lasker18Sc153_19_D0256_S22_L001_R2_001.fastq.gz,marine biome  (ENVO:00000447),coastal water (ENVO:00001250),waterborne particulate matter (ENVO:01000436),mimarks survey,USA:California:Monterey Bay,NGS Illumina Miseq,mimarks survey,0.22um,Poretics,LASKER2018,112,19.0,6.0,Monterey Inside (dawn),Project_Overview_Lasker_2018,LASKER,36.66888889,-121.9580556,7.0,Lasker18,2018.0,6.0,10.0,6/10/18,2018-06-10 12:59:00,VV,Lasker18Sc153_19_D0256,Lasker18Sc153_19_D0256,,,,,,,,,,,,,,,,,,,,,,,,,,,,,,,,,,,,,,,,,,,
Lasker18Sc154_3,Merged2018,Lasker18Sc154_3_D0260_VV,85.0,VV85,VV85_TCATCGAG,TCATCGAG,GGWACWGGWTGAACWGTWTAYCCYCC,TAAACTTCAGGGTGACCAAAAAATCA,environmental,COI,85.0,Lasker18Sc154_3_D0260_S31_L001_R1_001.fastq.gz,Lasker18Sc154_3_D0260_S31_L001_R2_001.fastq.gz,marine biome  (ENVO:00000447),coastal water (ENVO:00001250),waterborne particulate matter (ENVO:01000436),mimarks survey,USA:California:Monterey Bay,NGS Illumina Miseq,mimarks survey,0.22um,Poretics,LASKER2018,116,3.0,100.0,Monterey Inside 2 (day),Project_Overview_Lasker_2018,LASKER,36.7425,-121.9713889,20.0,Lasker18,2018.0,6.0,10.0,6/10/18,2018-06-10 20:08:00,VV,Lasker18Sc154_3_D0260,Lasker18Sc154_3_D0260,,,,,,,,,,,,,,,,,,,,,,,,,,,,,,,,,,,,,,,,,,,
Lasker18Sc154_5,Merged2018,Lasker18Sc154_5_D0261_VV,86.0,VV86,VV86_CGTGAGTG,CGTGAGTG,GGWACWGGWTGAACWGTWTAYCCYCC,TAAACTTCAGGGTGACCAAAAAATCA,environmental,COI,86.0,Lasker18Sc154_5_D0261_S95_L001_R1_001.fastq.gz,Lasker18Sc154_5_D0261_S95_L001_R2_001.fastq.gz,marine biome  (ENVO:00000447),coastal water (ENVO:00001250),waterborne particulate matter (ENVO:01000436),mimarks survey,USA:California:Monterey Bay,NGS Illumina Miseq,mimarks survey,0.22um,Poretics,LASKER2018,116,5.0,100.0,Monterey Inside 2 (day),Project_Overview_Lasker_2018,LASKER,36.7425,-121.9713889,20.0,Lasker18,2018.0,6.0,10.0,6/10/18,2018-06-10 20:08:00,VV,Lasker18Sc154_5_D0261,Lasker18Sc154_5_D0261,,,,,,,,,,,,,,,,,,,,,,,,,,,,,,,,,,,,,,,,,,,
Lasker18Sc154_17,Merged2018,Lasker18Sc154_17_D0265_VV,87.0,VV87,VV87_GGATATCT,GGATATCT,GGWACWGGWTGAACWGTWTAYCCYCC,TAAACTTCAGGGTGACCAAAAAATCA,environmental,COI,87.0,Lasker18Sc154_17_D0265_S38_L001_R1_001.fastq.gz,Lasker18Sc154_17_D0265_S38_L001_R2_001.fastq.gz,marine biome  (ENVO:00000447),coastal water (ENVO:00001250),waterborne particulate matter (ENVO:01000436),mimarks survey,USA:California:Monterey Bay,NGS Illumina Miseq,mimarks survey,0.22um,Poretics,LASKER2018,116,17.0,10.0,Monterey Inside 2 (day),Project_Overview_Lasker_2018,LASKER,36.7425,-121.9713889,20.0,Lasker18,2018.0,6.0,10.0,6/10/18,2018-06-10 20:08:00,VV,Lasker18Sc154_17_D0265,Lasker18Sc154_17_D0265,,,,,,,,,,,,,,,,,,,,,,,,,,,,,,,,,,,,,,,,,,,
Lasker18Sc154_19,Merged2018,Lasker18Sc154_19_D0266_VV,88.0,VV88,VV88_GACACCGT,GACACCGT,GGWACWGGWTGAACWGTWTAYCCYCC,TAAACTTCAGGGTGACCAAAAAATCA,environmental,COI,88.0,Lasker18Sc154_19_D0266_S23_L001_R1_001.fastq.gz,Lasker18Sc154_19_D0266_S23_L001_R2_001.fastq.gz,marine biome  (ENVO:00000447),coastal water (ENVO:00001250),waterborne particulate matter (ENVO:01000436),mimarks survey,USA:California:Monterey Bay,NGS Illumina Miseq,mimarks survey,0.22um,Poretics,LASKER2018,116,19.0,10.0,Monterey Inside 2 (day),Project_Overview_Lasker_2018,LASKER,36.7425,-121.9713889,20.0,Lasker18,2018.0,6.0,10.0,6/10/18,2018-06-10 20:08:00,VV,Lasker18Sc154_19_D0266,Lasker18Sc154_19_D0266,,,,,,,,,,,,,,,,,,,,,,,,,,,,,,,,,,,,,,,,,,,
Lasker18Sc158_3,Merged2018,Lasker18Sc158_3_D0270_VV,89.0,VV89,VV89_ATCGTACG,ATCGTACG,GGWACWGGWTGAACWGTWTAYCCYCC,TAAACTTCAGGGTGACCAAAAAATCA,environmental,COI,89.0,Lasker18Sc158_3_D0270_S26_L001_R1_001.fastq.gz,Lasker18Sc158_3_D0270_S26_L001_R2_001.fastq.gz,marine biome  (ENVO:00000447),coastal water (ENVO:00001250),waterborne particulate matter (ENVO:01000436),mimarks survey,USA:California:Monterey Bay,NGS Illumina Miseq,mimarks survey,0.22um,Poretics,LASKER2018,115,3.0,70.0,Monterey Inside 2 (dusk),Project_Overview_Lasker_2018,LASKER,36.71083333,-121.915,3.0,Lasker18,2018.0,6.0,10.0,6/10/18,2018-06-10 02:34:00,VV,Lasker18Sc158_3_D0270,Lasker18Sc158_3_D0270,,,,,,,,,,,,,,,,,,,,,,,,,,,,,,,,,,,,,,,,,,,
Lasker18Sc158_5,Merged2018,Lasker18Sc158_5_D0271_VV,90.0,VV90,VV90_ACTATCTG,ACTATCTG,GGWACWGGWTGAACWGTWTAYCCYCC,TAAACTTCAGGGTGACCAAAAAATCA,environmental,COI,90.0,Lasker18Sc158_5_D0271_S52_L001_R1_001.fastq.gz,Lasker18Sc158_5_D0271_S52_L001_R2_001.fastq.gz,marine biome  (ENVO:00000447),coastal water (ENVO:00001250),waterborne particulate matter (ENVO:01000436),mimarks survey,USA:California:Monterey Bay,NGS Illumina Miseq,mimarks survey,0.22um,Poretics,LASKER2018,115,5.0,70.0,Monterey Inside 2 (dusk),Project_Overview_Lasker_2018,LASKER,36.71083333,-121.915,3.0,Lasker18,2018.0,6.0,10.0,6/10/18,2018-06-10 02:34:00,VV,Lasker18Sc158_5_D0271,Lasker18Sc158_5_D0271,,,,,,,,,,,,,,,,,,,,,,,,,,,,,,,,,,,,,,,,,,,
Lasker18Sc158_17,Merged2018,Lasker18Sc158_17_D0275_VV,91.0,VV91,VV91_TAGCGAGT,TAGCGAGT,GGWACWGGWTGAACWGTWTAYCCYCC,TAAACTTCAGGGTGACCAAAAAATCA,environmental,COI,91.0,Lasker18Sc158_17_D0275_S35_L001_R1_001.fastq.gz,Lasker18Sc158_17_D0275_S35_L001_R2_001.fastq.gz,marine biome  (ENVO:00000447),coastal water (ENVO:00001250),waterborne particulate matter (ENVO:01000436),mimarks survey,USA:California:Monterey Bay,NGS Illumina Miseq,mimarks survey,0.22um,Poretics,LASKER2018,115,17.0,20.0,Monterey Inside 2 (dusk),Project_Overview_Lasker_2018,LASKER,36.71083333,-121.915,3.0,Lasker18,2018.0,6.0,10.0,6/10/18,2018-06-10 02:34:00,VV,Lasker18Sc158_17_D0275,Lasker18Sc158_17_D0275,,,,,,,,,,,,,,,,,,,,,,,,,,,,,,,,,,,,,,,,,,,
Lasker18Sc158_19,Merged2018,Lasker18Sc158_19_D0276_VV,92.0,VV92,VV92_CTGCGTGT,CTGCGTGT,GGWACWGGWTGAACWGTWTAYCCYCC,TAAACTTCAGGGTGACCAAAAAATCA,environmental,COI,92.0,Lasker18Sc158_19_D0276_S43_L001_R1_001.fastq.gz,Lasker18Sc158_19_D0276_S43_L001_R2_001.fastq.gz,marine biome  (ENVO:00000447),coastal water (ENVO:00001250),waterborne particulate matter (ENVO:01000436),mimarks survey,USA:California:Monterey Bay,NGS Illumina Miseq,mimarks survey,0.22um,Poretics,LASKER2018,115,19.0,20.0,Monterey Inside 2 (dusk),Project_Overview_Lasker_2018,LASKER,36.71083333,-121.915,3.0,Lasker18,2018.0,6.0,10.0,6/10/18,2018-06-10 02:34:00,VV,Lasker18Sc158_19_D0276,Lasker18Sc158_19_D0276,,,,,,,,,,,,,,,,,,,,,,,,,,,,,,,,,,,,,,,,,,,
CN18FESPkoa_SC1,Merged2018,,,,,,,,,,,,,,,,,,,,,,,,,,,,,,,,,,,,,,,,,,,,,,,,,,,,,,,,,,,,,,,,,,,,,,,,,,,,,,,,,,,
CN18FESPkoa_SC59,Merged2018,,,,,,,,,,,,,,,,,,,,,,,,,,,,,,,,,,,,,,,,,,,,,,,,,,,,,,,,,,,,,,,,,,,,,,,,,,,,,,,,,,,
CN18Fc35_5_eDNA,Merged2018,,,,,,,,,,,,,,,,,,,,,,,,,,,,,,,,,,,,,,,,,,,,,,,,,,,,,,,,,,,,,,,,,,,,,,,,,,,,,,,,,,,
CN18S_koa3G_BN1post,Merged2018,,,,,,,,,,,,,,,,,,,,,,,,,,,,,,,,,,,,,,,,,,,,,,,,,,,,,,,,,,,,,,,,,,,,,,,,,,,,,,,,,,,
CN18S_koa3G_BN1pre,Merged2018,,,,,,,,,,,,,,,,,,,,,,,,,,,,,,,,,,,,,,,,,,,,,,,,,,,,,,,,,,,,,,,,,,,,,,,,,,,,,,,,,,,
CN18S_koa3G_BN2post,Merged2018,,,,,,,,,,,,,,,,,,,,,,,,,,,,,,,,,,,,,,,,,,,,,,,,,,,,,,,,,,,,,,,,,,,,,,,,,,,,,,,,,,,
CN18S_koa3G_BN2pre,Merged2018,,,,,,,,,,,,,,,,,,,,,,,,,,,,,,,,,,,,,,,,,,,,,,,,,,,,,,,,,,,,,,,,,,,,,,,,,,,,,,,,,,,
CN18S_koa3G_BN3post,Merged2018,,,,,,,,,,,,,,,,,,,,,,,,,,,,,,,,,,,,,,,,,,,,,,,,,,,,,,,,,,,,,,,,,,,,,,,,,,,,,,,,,,,
CN18S_koa3G_BN3pre,Merged2018,,,,,,,,,,,,,,,,,,,,,,,,,,,,,,,,,,,,,,,,,,,,,,,,,,,,,,,,,,,,,,,,,,,,,,,,,,,,,,,,,,,
CN18S_koa3G_SC29,Merged2018,,,,,,,,,,,,,,,,,,,,,,,,,,,,,,,,,,,,,,,,,,,,,,,,,,,,,,,,,,,,,,,,,,,,,,,,,,,,,,,,,,,
CN18S_koa3G_SC30,Merged2018,,,,,,,,,,,,,,,,,,,,,,,,,,,,,,,,,,,,,,,,,,,,,,,,,,,,,,,,,,,,,,,,,,,,,,,,,,,,,,,,,,,
CN18S_koa3G_SC31,Merged2018,,,,,,,,,,,,,,,,,,,,,,,,,,,,,,,,,,,,,,,,,,,,,,,,,,,,,,,,,,,,,,,,,,,,,,,,,,,,,,,,,,,
CN18S_koa3G_SC57,Merged2018,,,,,,,,,,,,,,,,,,,,,,,,,,,,,,,,,,,,,,,,,,,,,,,,,,,,,,,,,,,,,,,,,,,,,,,,,,,,,,,,,,,
CN18S_koa3G_SC58,Merged2018,,,,,,,,,,,,,,,,,,,,,,,,,,,,,,,,,,,,,,,,,,,,,,,,,,,,,,,,,,,,,,,,,,,,,,,,,,,,,,,,,,,
CN18S_koa3G_SC59,Merged2018,,,,,,,,,,,,,,,,,,,,,,,,,,,,,,,,,,,,,,,,,,,,,,,,,,,,,,,,,,,,,,,,,,,,,,,,,,,,,,,,,,,
Flyer18Fc03_10_1,Merged2018,,,,,,,,,,,,,,,,,,,,,,,,,,,,,,,,,,,,,,,,,,,,,,,,,,,,,,,,,,,,,,,,,,,,,,,,,,,,,,,,,,,
Flyer18Fc03_3_1,Merged2018,,,,,,,,,,,,,,,,,,,,,,,,,,,,,,,,,,,,,,,,,,,,,,,,,,,,,,,,,,,,,,,,,,,,,,,,,,,,,,,,,,,
Flyer18Fc09_10_1,Merged2018,,,,,,,,,,,,,,,,,,,,,,,,,,,,,,,,,,,,,,,,,,,,,,,,,,,,,,,,,,,,,,,,,,,,,,,,,,,,,,,,,,,
Flyer18Fc09_4_1,Merged2018,,,,,,,,,,,,,,,,,,,,,,,,,,,,,,,,,,,,,,,,,,,,,,,,,,,,,,,,,,,,,,,,,,,,,,,,,,,,,,,,,,,
Flyer18Fc13_10_1,Merged2018,,,,,,,,,,,,,,,,,,,,,,,,,,,,,,,,,,,,,,,,,,,,,,,,,,,,,,,,,,,,,,,,,,,,,,,,,,,,,,,,,,,
Flyer18Fc13_3_1,Merged2018,,,,,,,,,,,,,,,,,,,,,,,,,,,,,,,,,,,,,,,,,,,,,,,,,,,,,,,,,,,,,,,,,,,,,,,,,,,,,,,,,,,
Lasker18Sc126_15,Merged2018,,,,,,,,,,,,,,,,,,,,,,,,,,,,,,,,,,,,,,,,,,,,,,,,,,,,,,,,,,,,,,,,,,,,,,,,,,,,,,,,,,,
Lasker18Sc126_15_turt,Merged2018,,,,,,,,,,,,,,,,,,,,,,,,,,,,,,,,,,,,,,,,,,,,,,,,,,,,,,,,,,,,,,,,,,,,,,,,,,,,,,,,,,,
Lasker18Sc126_17_turt,Merged2018,,,,,,,,,,,,,,,,,,,,,,,,,,,,,,,,,,,,,,,,,,,,,,,,,,,,,,,,,,,,,,,,,,,,,,,,,,,,,,,,,,,
Lasker18Sc135_1,Merged2018,,,,,,,,,,,,,,,,,,,,,,,,,,,,,,,,,,,,,,,,,,,,,,,,,,,,,,,,,,,,,,,,,,,,,,,,,,,,,,,,,,,
Lasker18Sc138_1,Merged2018,,,,,,,,,,,,,,,,,,,,,,,,,,,,,,,,,,,,,,,,,,,,,,,,,,,,,,,,,,,,,,,,,,,,,,,,,,,,,,,,,,,
Lasker18Sc138_15,Merged2018,,,,,,,,,,,,,,,,,,,,,,,,,,,,,,,,,,,,,,,,,,,,,,,,,,,,,,,,,,,,,,,,,,,,,,,,,,,,,,,,,,,
Lasker18Sc140_1,Merged2018,,,,,,,,,,,,,,,,,,,,,,,,,,,,,,,,,,,,,,,,,,,,,,,,,,,,,,,,,,,,,,,,,,,,,,,,,,,,,,,,,,,
Lasker18Sc140_15,Merged2018,,,,,,,,,,,,,,,,,,,,,,,,,,,,,,,,,,,,,,,,,,,,,,,,,,,,,,,,,,,,,,,,,,,,,,,,,,,,,,,,,,,
Lasker18Sc142_1,Merged2018,,,,,,,,,,,,,,,,,,,,,,,,,,,,,,,,,,,,,,,,,,,,,,,,,,,,,,,,,,,,,,,,,,,,,,,,,,,,,,,,,,,
Lasker18Sc142_15,Merged2018,,,,,,,,,,,,,,,,,,,,,,,,,,,,,,,,,,,,,,,,,,,,,,,,,,,,,,,,,,,,,,,,,,,,,,,,,,,,,,,,,,,
Lasker18Sc143_1,Merged2018,,,,,,,,,,,,,,,,,,,,,,,,,,,,,,,,,,,,,,,,,,,,,,,,,,,,,,,,,,,,,,,,,,,,,,,,,,,,,,,,,,,
Lasker18Sc143_15,Merged2018,,,,,,,,,,,,,,,,,,,,,,,,,,,,,,,,,,,,,,,,,,,,,,,,,,,,,,,,,,,,,,,,,,,,,,,,,,,,,,,,,,,
