,Kingdom,Phylum,Class,Order,Family,Genus,Species
ASV_1,Eukaryota,Chordata,Actinopteri,Clupeiformes,Engraulidae,Engraulis,Engraulis mordax
ASV_2,Eukaryota,Chordata,Actinopteri,Myctophiformes,Myctophidae,Diaphus,Diaphus theta
ASV_4,Eukaryota,Chordata,Actinopteri,Gadiformes,Merlucciidae,Merluccius,Merluccius productus
ASV_5,Eukaryota,Chordata,Actinopteri,Myctophiformes,Myctophidae,Stenobrachius,Stenobrachius leucopsarus
ASV_6,Eukaryota,Chordata,Actinopteri,Argentiniformes,Bathylagidae,Leuroglossus,Leuroglossus schmidti
ASV_10,Eukaryota,Chordata,Actinopteri,Clupeiformes,Clupeidae,Sardinops,Sardinops melanostictus
ASV_13,Eukaryota,Chordata,Actinopteri,Argentiniformes,Bathylagidae,Lipolagus,Lipolagus ochotensis
ASV_16,Eukaryota,Chordata,Actinopteri,Clupeiformes,Clupeidae,Sardinops,Sardinops melanostictus
ASV_17,Eukaryota,Chordata,Actinopteri,Pleuronectiformes,Paralichthyidae,Citharichthys,Citharichthys sordidus
ASV_22,Eukaryota,Chordata,Actinopteri,Carangiformes,Carangidae,Seriola,Seriola lalandi
ASV_23,Eukaryota,Chordata,Actinopteri,Clupeiformes,Clupeidae,Sardinops,Sardinops melanostictus
ASV_24,Eukaryota,Chordata,Actinopteri,Myctophiformes,Myctophidae,Stenobrachius,Stenobrachius leucopsarus
ASV_25,Eukaryota,Chordata,Actinopteri,Perciformes,Sebastidae,Sebastes,unassigned
ASV_27,Eukaryota,Chordata,Actinopteri,Carangiformes,Carangidae,Trachurus,Trachurus symmetricus
ASV_29,Eukaryota,Chordata,Actinopteri,Atheriniformes,Atherinopsidae,g_,s_
ASV_31,Eukaryota,Chordata,Actinopteri,Perciformes,Sebastidae,Sebastes,unassigned
ASV_32,Eukaryota,Chordata,Actinopteri,Beloniformes,Belonidae,Cololabis,Cololabis saira
ASV_33,Eukaryota,Chordata,Actinopteri,Tetraodontiformes,Molidae,Mola,unassigned
ASV_34,Eukaryota,Chordata,Actinopteri,Clupeiformes,Engraulidae,Engraulis,Engraulis mordax
ASV_38,Eukaryota,Chordata,Actinopteri,Clupeiformes,Clupeidae,Clupea,Clupea harengus
ASV_39,Eukaryota,Chordata,Actinopteri,Perciformes,Sebastidae,Sebastes,unassigned
ASV_43,Eukaryota,Chordata,Actinopteri,Perciformes,Sebastidae,Sebastes,unassigned
ASV_44,Eukaryota,Chordata,Actinopteri,unknown,Sciaenidae,Genyonemus,Genyonemus lineatus
ASV_45,Eukaryota,Chordata,Actinopteri,Myctophiformes,Myctophidae,Symbolophorus,Symbolophorus californiensis
ASV_50,Eukaryota,Chordata,Actinopteri,Scombriformes,Scombridae,Scomber,unassigned
ASV_56,Eukaryota,Chordata,Actinopteri,Scombriformes,Centrolophidae,Icichthys,Icichthys lockingtoni
ASV_57,Eukaryota,Chordata,Actinopteri,Scombriformes,Scombridae,Thunnus,Thunnus alalunga
ASV_58,Eukaryota,Chordata,Actinopteri,Perciformes,Hexagrammidae,Ophiodon,Ophiodon elongatus
ASV_66,Eukaryota,Chordata,Actinopteri,Clupeiformes,Engraulidae,Engraulis,Engraulis mordax
ASV_68,Eukaryota,Chordata,Actinopteri,Salmoniformes,Salmonidae,Salmo,Salmo salar
ASV_71,Eukaryota,Chordata,Actinopteri,Perciformes,Sebastidae,Sebastes,unassigned
ASV_74,Eukaryota,Chordata,Actinopteri,Clupeiformes,Engraulidae,Engraulis,Engraulis mordax
ASV_75,Eukaryota,Chordata,Actinopteri,Perciformes,Sebastidae,Sebastes,Sebastes paucispinis
ASV_78,Eukaryota,Chordata,Actinopteri,Scombriformes,Scombridae,Sarda,Sarda chiliensis
ASV_79,Eukaryota,Chordata,Actinopteri,Scombriformes,Stromateidae,Peprilus,Peprilus medius
ASV_85,Eukaryota,Chordata,Actinopteri,Pleuronectiformes,Pleuronectidae,unassigned,unassigned
ASV_87,Eukaryota,Chordata,Actinopteri,Perciformes,Sebastidae,Sebastes,unassigned
ASV_89,Eukaryota,Chordata,Actinopteri,Perciformes,Sebastidae,Sebastes,unassigned
ASV_94,Eukaryota,Chordata,Actinopteri,Labriformes,Labridae,Oxyjulis,Oxyjulis californica
ASV_100,Eukaryota,Chordata,Actinopteri,Pleuronectiformes,Pleuronectidae,Lyopsetta,Lyopsetta exilis
ASV_102,Eukaryota,Chordata,Actinopteri,Myctophiformes,Myctophidae,Stenobrachius,Stenobrachius leucopsarus
ASV_109,Eukaryota,Chordata,Actinopteri,Clupeiformes,Engraulidae,Engraulis,Engraulis mordax
ASV_111,Eukaryota,Chordata,Actinopteri,Perciformes,Hexagrammidae,Hexagrammos,Hexagrammos decagrammus
ASV_115,Eukaryota,Chordata,Actinopteri,Myctophiformes,Myctophidae,Symbolophorus,Symbolophorus californiensis
ASV_124,Eukaryota,Chordata,Actinopteri,Salmoniformes,Salmonidae,Oncorhynchus,Oncorhynchus kisutch
ASV_126,Eukaryota,Chordata,Actinopteri,Clupeiformes,Engraulidae,Engraulis,Engraulis mordax
ASV_127,Eukaryota,Chordata,Actinopteri,Salmoniformes,Salmonidae,Oncorhynchus,Oncorhynchus tshawytscha
ASV_156,Eukaryota,Chordata,Actinopteri,Clupeiformes,Engraulidae,Engraulis,Engraulis mordax
ASV_158,Eukaryota,Chordata,Actinopteri,Clupeiformes,Engraulidae,Engraulis,Engraulis mordax
ASV_160,Eukaryota,Chordata,Actinopteri,Clupeiformes,Engraulidae,Engraulis,Engraulis mordax
ASV_164,Eukaryota,Chordata,Actinopteri,Clupeiformes,Engraulidae,Engraulis,Engraulis mordax
ASV_178,Eukaryota,Chordata,Actinopteri,Clupeiformes,Engraulidae,Engraulis,Engraulis ringens
ASV_188,Eukaryota,Chordata,Actinopteri,Clupeiformes,Engraulidae,Engraulis,Engraulis mordax
ASV_204,Eukaryota,Chordata,Mammalia,Cetacea,Delphinidae,unassigned,unassigned
ASV_207,Eukaryota,Chordata,Actinopteri,Myctophiformes,Myctophidae,Symbolophorus,Symbolophorus californiensis
ASV_209,Eukaryota,Chordata,Actinopteri,Tetraodontiformes,Molidae,Mola,Mola mola
ASV_233,Eukaryota,Chordata,Actinopteri,Clupeiformes,Clupeidae,Sardinops,Sardinops melanostictus
ASV_237,Eukaryota,Chordata,Actinopteri,Clupeiformes,Engraulidae,Engraulis,Engraulis mordax
ASV_262,Eukaryota,Chordata,Mammalia,Cetacea,Balaenopteridae,Megaptera,Megaptera novaeangliae
ASV_275,Eukaryota,Chordata,Actinopteri,Perciformes,Cottidae,Chitonotus,Chitonotus pugetensis
ASV_287,Eukaryota,Chordata,Actinopteri,Myctophiformes,Myctophidae,Lampadena,Lampadena urophaos
ASV_302,Eukaryota,Chordata,Actinopteri,unknown,Embiotocidae,Embiotoca,Embiotoca jacksoni
ASV_304,Eukaryota,Chordata,Actinopteri,Perciformes,Sebastidae,Sebastes,unassigned
ASV_315,Eukaryota,Chordata,Mammalia,Cetacea,Balaenopteridae,Balaenoptera,Balaenoptera physalus
ASV_316,Eukaryota,Chordata,Actinopteri,Argentiniformes,Bathylagidae,Leuroglossus,Leuroglossus schmidti
ASV_321,Eukaryota,Chordata,Actinopteri,Clupeiformes,Engraulidae,Engraulis,Engraulis mordax
ASV_335,Eukaryota,Chordata,Actinopteri,Clupeiformes,Engraulidae,Engraulis,Engraulis mordax
ASV_347,Eukaryota,Chordata,Mammalia,Cetacea,Balaenopteridae,Megaptera,Megaptera novaeangliae
ASV_357,Eukaryota,Chordata,Actinopteri,Salmoniformes,Salmonidae,Oncorhynchus,Oncorhynchus tshawytscha
ASV_360,Eukaryota,Chordata,Actinopteri,unknown,Sciaenidae,g_,s_
ASV_365,Eukaryota,Chordata,Actinopteri,Clupeiformes,Clupeidae,Alosa,unassigned
ASV_381,Eukaryota,Chordata,Actinopteri,unknown,Embiotocidae,Rhacochilus,Rhacochilus vacca
ASV_413,Eukaryota,Chordata,Actinopteri,Myctophiformes,Myctophidae,Stenobrachius,Stenobrachius leucopsarus
ASV_418,Eukaryota,Chordata,Actinopteri,Argentiniformes,Bathylagidae,Leuroglossus,Leuroglossus schmidti
ASV_458,Eukaryota,Chordata,Actinopteri,Clupeiformes,Clupeidae,Sardinops,Sardinops melanostictus
ASV_462,Eukaryota,Chordata,Actinopteri,Clupeiformes,Engraulidae,Engraulis,Engraulis mordax
ASV_501,Eukaryota,Chordata,Actinopteri,Argentiniformes,Bathylagidae,Leuroglossus,Leuroglossus schmidti
ASV_513,Eukaryota,Chordata,Mammalia,Carnivora,Otariidae,Zalophus,Zalophus californianus
ASV_529,Eukaryota,Chordata,Actinopteri,Clupeiformes,Engraulidae,g_,s_
ASV_537,Eukaryota,Chordata,Mammalia,Cetacea,Balaenopteridae,Balaenoptera,Balaenoptera musculus
ASV_548,Eukaryota,Chordata,Mammalia,Cetacea,Delphinidae,Tursiops,Tursiops truncatus
ASV_559,Eukaryota,Chordata,Actinopteri,Pleuronectiformes,Paralichthyidae,Paralichthys,Paralichthys albigutta
ASV_576,Eukaryota,Chordata,Actinopteri,Argentiniformes,Bathylagidae,Leuroglossus,Leuroglossus schmidti
ASV_588,Eukaryota,Chordata,Actinopteri,Argentiniformes,Bathylagidae,Leuroglossus,Leuroglossus schmidti
ASV_609,Eukaryota,Chordata,Actinopteri,Clupeiformes,Clupeidae,Clupea,Clupea harengus
ASV_611,Eukaryota,Chordata,Actinopteri,Clupeiformes,Engraulidae,Engraulis,Engraulis mordax
ASV_612,Eukaryota,Chordata,Actinopteri,Argentiniformes,Bathylagidae,Leuroglossus,Leuroglossus schmidti
ASV_627,Eukaryota,Chordata,Actinopteri,Clupeiformes,Engraulidae,Engraulis,Engraulis mordax
ASV_632,Eukaryota,Chordata,Actinopteri,Argentiniformes,Bathylagidae,Leuroglossus,Leuroglossus schmidti
ASV_640,Eukaryota,Chordata,Actinopteri,Clupeiformes,Engraulidae,Engraulis,Engraulis mordax
ASV_692,Eukaryota,Chordata,Actinopteri,Perciformes,Stichaeidae,unassigned,unassigned
ASV_710,Eukaryota,Chordata,Actinopteri,Clupeiformes,Engraulidae,Engraulis,Engraulis mordax
ASV_728,Eukaryota,Chordata,Actinopteri,Argentiniformes,Bathylagidae,Leuroglossus,Leuroglossus schmidti
ASV_739,Eukaryota,Chordata,Actinopteri,Clupeiformes,Engraulidae,Engraulis,Engraulis mordax
ASV_742,Eukaryota,Chordata,Actinopteri,Atheriniformes,Atherinopsidae,Odontesthes,unassigned
ASV_756,Eukaryota,Chordata,Mammalia,Cetacea,Delphinidae,unassigned,unassigned
ASV_758,Eukaryota,Chordata,Actinopteri,Atheriniformes,Atherinopsidae,g_,s_
ASV_771,Eukaryota,Chordata,Actinopteri,Clupeiformes,Engraulidae,Engraulis,Engraulis mordax
ASV_827,Eukaryota,Chordata,Actinopteri,Centrarchiformes,Kyphosidae,Medialuna,Medialuna californiensis
ASV_863,Eukaryota,Chordata,Actinopteri,Clupeiformes,Clupeidae,Sardinops,Sardinops melanostictus
ASV_893,Eukaryota,Chordata,Actinopteri,Clupeiformes,Engraulidae,Engraulis,Engraulis mordax
ASV_898,Eukaryota,Chordata,Actinopteri,Atheriniformes,Atherinopsidae,Odontesthes,unassigned
ASV_993,Eukaryota,Chordata,Actinopteri,Pleuronectiformes,Paralichthyidae,Citharichthys,Citharichthys sordidus
ASV_994,Eukaryota,Chordata,Actinopteri,Clupeiformes,Engraulidae,Engraulis,Engraulis mordax
ASV_1037,Eukaryota,Chordata,Actinopteri,Argentiniformes,Bathylagidae,Leuroglossus,Leuroglossus schmidti
ASV_1045,Eukaryota,Chordata,Actinopteri,Scombriformes,Scombridae,Thunnus,unassigned
ASV_1078,Eukaryota,Chordata,Actinopteri,Perciformes,Sebastidae,Sebastes,unassigned
ASV_1098,Eukaryota,Chordata,Actinopteri,Argentiniformes,Bathylagidae,Leuroglossus,Leuroglossus schmidti
ASV_1101,Eukaryota,Chordata,Actinopteri,Argentiniformes,Bathylagidae,Leuroglossus,Leuroglossus schmidti
ASV_1128,Eukaryota,Chordata,Actinopteri,Perciformes,Sebastidae,Sebastes,unassigned
ASV_1148,Eukaryota,Chordata,Actinopteri,Lutjaniformes,Haemulidae,g_,s_
ASV_1150,Eukaryota,Chordata,Actinopteri,Clupeiformes,Engraulidae,Engraulis,s_
ASV_1168,Eukaryota,Chordata,Actinopteri,Perciformes,Liparidae,Nectoliparis,Nectoliparis pelagicus
ASV_1186,Eukaryota,Chordata,Mammalia,Cetacea,Delphinidae,Grampus,Grampus griseus
ASV_1203,Eukaryota,Chordata,Actinopteri,Clupeiformes,Engraulidae,Engraulis,Engraulis mordax
ASV_1220,Eukaryota,Chordata,Mammalia,Cetacea,Phocoenidae,Phocoena,Phocoena phocoena
ASV_1249,Eukaryota,Chordata,Actinopteri,unknown,Sciaenidae,Bairdiella,s_
ASV_1257,Eukaryota,Chordata,Actinopteri,Perciformes,Sebastidae,Sebastes,unassigned
ASV_1264,Eukaryota,Chordata,Actinopteri,Clupeiformes,Clupeidae,Ethmidium,Ethmidium maculatum
ASV_1271,Eukaryota,Chordata,Actinopteri,Clupeiformes,Clupeidae,Sardinops,Sardinops melanostictus
ASV_1293,Eukaryota,Chordata,Actinopteri,Clupeiformes,Engraulidae,Engraulis,Engraulis ringens
ASV_1316,Eukaryota,Chordata,Actinopteri,Blenniiformes,Labrisomidae,g_,s_
ASV_1330,Eukaryota,Chordata,Actinopteri,unknown,Sciaenidae,g_,s_
ASV_1341,Eukaryota,Chordata,Actinopteri,Myctophiformes,Myctophidae,Stenobrachius,Stenobrachius leucopsarus
ASV_1385,Eukaryota,Chordata,Actinopteri,Argentiniformes,Bathylagidae,Leuroglossus,Leuroglossus schmidti
ASV_1529,Eukaryota,Chordata,Actinopteri,Myctophiformes,Myctophidae,Tarletonbeania,Tarletonbeania crenularis
ASV_1565,Eukaryota,Chordata,Actinopteri,Clupeiformes,Engraulidae,Engraulis,Engraulis mordax
ASV_1569,Eukaryota,Chordata,Actinopteri,Clupeiformes,Engraulidae,Engraulis,Engraulis mordax
ASV_1572,Eukaryota,Chordata,Actinopteri,Perciformes,Cottidae,unassigned,unassigned
ASV_1609,Eukaryota,Chordata,Actinopteri,unassigned,unassigned,g_,s_
ASV_1619,Eukaryota,Chordata,Actinopteri,Clupeiformes,Clupeidae,Sardinops,Sardinops melanostictus
ASV_1649,Eukaryota,Chordata,Actinopteri,unknown,Sciaenidae,Genyonemus,Genyonemus lineatus
ASV_1655,Eukaryota,Chordata,Chondrichthyes,Squaliformes,Squalidae,Squalus,unassigned
ASV_1685,Eukaryota,Chordata,Actinopteri,Argentiniformes,Bathylagidae,Leuroglossus,Leuroglossus schmidti
ASV_1688,Eukaryota,Chordata,Actinopteri,Perciformes,Sebastidae,Sebastes,unassigned
ASV_1693,Eukaryota,Chordata,Actinopteri,Clupeiformes,Engraulidae,Engraulis,Engraulis mordax
ASV_1737,Eukaryota,Chordata,Actinopteri,Clupeiformes,Clupeidae,Sardinops,Sardinops melanostictus
ASV_1793,Eukaryota,Chordata,Actinopteri,Clupeiformes,Engraulidae,Engraulis,Engraulis mordax
ASV_1802,Eukaryota,Chordata,Actinopteri,Scombriformes,Scombridae,Scomber,unassigned
ASV_1804,Eukaryota,Chordata,Actinopteri,Carangiformes,Carangidae,Seriola,Seriola lalandi
ASV_1821,Eukaryota,Chordata,Actinopteri,Clupeiformes,Engraulidae,Engraulis,Engraulis mordax
ASV_1823,Eukaryota,Chordata,Actinopteri,Carangiformes,Carangidae,Seriola,Seriola lalandi
ASV_1833,Eukaryota,Chordata,Actinopteri,Scombriformes,Scombridae,Scomber,unassigned
ASV_1906,Eukaryota,Chordata,Actinopteri,Clupeiformes,Clupeidae,Sardinops,Sardinops melanostictus
ASV_1910,Eukaryota,Chordata,Actinopteri,Clupeiformes,Engraulidae,Engraulis,s_
ASV_1924,Eukaryota,Chordata,Actinopteri,Perciformes,Sebastidae,Sebastes,unassigned
ASV_1938,Eukaryota,Chordata,Actinopteri,Argentiniformes,Bathylagidae,Leuroglossus,Leuroglossus schmidti
ASV_1956,Eukaryota,Chordata,Mammalia,Cetacea,Delphinidae,Orcinus,Orcinus orca
ASV_1964,Eukaryota,Chordata,Actinopteri,Clupeiformes,Clupeidae,Sardinops,Sardinops melanostictus
ASV_1997,Eukaryota,Chordata,Actinopteri,unknown,Sciaenidae,g_,s_
ASV_2015,Eukaryota,Chordata,Actinopteri,Clupeiformes,Engraulidae,Engraulis,Engraulis mordax
ASV_2025,Eukaryota,Chordata,Actinopteri,Clupeiformes,Engraulidae,Engraulis,Engraulis mordax
ASV_2061,Eukaryota,Chordata,Actinopteri,Clupeiformes,Engraulidae,Engraulis,Engraulis mordax
ASV_2064,Eukaryota,Chordata,Actinopteri,Perciformes,Sebastidae,Sebastes,unassigned
ASV_2073,Eukaryota,Chordata,Actinopteri,Scombriformes,Scombridae,Scomber,unassigned
ASV_2125,Eukaryota,Chordata,Actinopteri,unknown,Sciaenidae,g_,s_
ASV_2260,Eukaryota,Chordata,Actinopteri,Argentiniformes,Bathylagidae,Leuroglossus,Leuroglossus schmidti
ASV_2268,Eukaryota,Chordata,Actinopteri,Clupeiformes,Engraulidae,Engraulis,Engraulis mordax
ASV_2323,Eukaryota,Chordata,Actinopteri,Salmoniformes,Salmonidae,Oncorhynchus,Oncorhynchus tshawytscha
ASV_2330,Eukaryota,Chordata,Actinopteri,Clupeiformes,Clupeidae,Sardinops,Sardinops melanostictus
ASV_2331,Eukaryota,Chordata,Actinopteri,Scombriformes,Bramidae,Pteraclis,Pteraclis aesticola
ASV_2378,Eukaryota,Chordata,Actinopteri,Pleuronectiformes,Paralichthyidae,Citharichthys,Citharichthys sordidus
ASV_2393,Eukaryota,Chordata,Actinopteri,Argentiniformes,Bathylagidae,Leuroglossus,Leuroglossus schmidti
ASV_2422,Eukaryota,Chordata,Actinopteri,Myctophiformes,Myctophidae,Stenobrachius,Stenobrachius leucopsarus
ASV_2441,Eukaryota,Chordata,Actinopteri,Clupeiformes,Engraulidae,Engraulis,Engraulis ringens
ASV_2468,Eukaryota,Chordata,Actinopteri,Atheriniformes,Atherinopsidae,g_,s_
ASV_2519,Eukaryota,Chordata,Actinopteri,Clupeiformes,Clupeidae,Sardinops,Sardinops melanostictus
ASV_2521,Eukaryota,Chordata,Actinopteri,Pleuronectiformes,Paralichthyidae,Citharichthys,Citharichthys stigmaeus
ASV_2580,Eukaryota,Chordata,Actinopteri,Myctophiformes,Myctophidae,Symbolophorus,Symbolophorus californiensis
ASV_2606,Eukaryota,Chordata,Actinopteri,Gadiformes,Merlucciidae,Merluccius,Merluccius productus
ASV_2628,Eukaryota,Chordata,Actinopteri,Myctophiformes,Myctophidae,Stenobrachius,Stenobrachius leucopsarus
ASV_2652,Eukaryota,Chordata,Actinopteri,Carangiformes,Carangidae,Seriola,unassigned
ASV_2694,Eukaryota,Chordata,Actinopteri,Argentiniformes,Bathylagidae,Leuroglossus,Leuroglossus schmidti
ASV_2714,Eukaryota,Chordata,Actinopteri,Clupeiformes,Clupeidae,Sardinops,Sardinops melanostictus
ASV_2723,Eukaryota,Chordata,Actinopteri,Clupeiformes,Clupeidae,Sardinops,Sardinops melanostictus
ASV_2784,Eukaryota,Chordata,Actinopteri,Clupeiformes,Clupeidae,Sardinops,Sardinops melanostictus
ASV_2817,Eukaryota,Chordata,Actinopteri,Carangiformes,Carangidae,Seriola,Seriola lalandi
ASV_2842,Eukaryota,Chordata,Actinopteri,Clupeiformes,Engraulidae,Engraulis,s_
ASV_2849,Eukaryota,Chordata,Actinopteri,Carangiformes,Carangidae,Trachurus,Trachurus symmetricus
ASV_2887,Eukaryota,Chordata,Actinopteri,Clupeiformes,Engraulidae,Engraulis,Engraulis ringens
ASV_2944,Eukaryota,Chordata,Actinopteri,Stomiiformes,Stomiidae,Stomias,unassigned
ASV_2964,Eukaryota,Chordata,Actinopteri,Carangiformes,Carangidae,Seriola,Seriola lalandi
ASV_3014,Eukaryota,Chordata,Actinopteri,Carangiformes,Carangidae,Seriola,Seriola lalandi
ASV_3040,Eukaryota,Chordata,Actinopteri,Clupeiformes,Engraulidae,Engraulis,Engraulis mordax
ASV_3062,Eukaryota,Chordata,Actinopteri,unassigned,unassigned,g_,s_
ASV_3065,Eukaryota,Chordata,Actinopteri,Argentiniformes,Bathylagidae,Leuroglossus,Leuroglossus schmidti
ASV_3085,Eukaryota,Chordata,Actinopteri,Salmoniformes,Salmonidae,Oncorhynchus,Oncorhynchus tshawytscha
ASV_3105,Eukaryota,Chordata,Actinopteri,Tetraodontiformes,Molidae,Mola,unassigned
ASV_3111,Eukaryota,Chordata,Actinopteri,Clupeiformes,Engraulidae,Engraulis,Engraulis mordax
ASV_3139,Eukaryota,Chordata,Actinopteri,Argentiniformes,Bathylagidae,Leuroglossus,Leuroglossus schmidti
ASV_3144,Eukaryota,Chordata,Actinopteri,Pleuronectiformes,Paralichthyidae,Citharichthys,Citharichthys sordidus
ASV_3165,Eukaryota,Chordata,Actinopteri,Argentiniformes,Bathylagidae,Leuroglossus,Leuroglossus schmidti
ASV_3195,Eukaryota,Chordata,Actinopteri,Clupeiformes,Engraulidae,Engraulis,Engraulis mordax
ASV_3202,Eukaryota,Chordata,Actinopteri,unknown,Sciaenidae,g_,s_
ASV_3232,Eukaryota,Chordata,Actinopteri,Scombriformes,Scombridae,Scomber,unassigned
ASV_3266,Eukaryota,Chordata,Actinopteri,Carangiformes,Carangidae,Trachurus,Trachurus symmetricus
ASV_3301,Eukaryota,Chordata,Actinopteri,Mugiliformes,Mugilidae,Mugil,Mugil cephalus
ASV_3404,Eukaryota,Chordata,Actinopteri,Gadiformes,Merlucciidae,Merluccius,Merluccius productus
ASV_3426,Eukaryota,Chordata,Actinopteri,Perciformes,Sebastidae,Sebastes,unassigned
ASV_3630,Eukaryota,Chordata,Actinopteri,Scombriformes,Scombridae,Sarda,Sarda chiliensis
ASV_3661,Eukaryota,Chordata,Actinopteri,Carangiformes,Carangidae,Seriola,Seriola lalandi
ASV_3662,Eukaryota,Chordata,Actinopteri,Atheriniformes,Atherinopsidae,g_,s_
ASV_3678,Eukaryota,Chordata,Actinopteri,Cypriniformes,Catostomidae,Catostomus,s_
ASV_3723,Eukaryota,Chordata,Actinopteri,Clupeiformes,Engraulidae,Engraulis,Engraulis mordax
ASV_3746,Eukaryota,Chordata,Actinopteri,Argentiniformes,Bathylagidae,Leuroglossus,Leuroglossus schmidti
ASV_3748,Eukaryota,Chordata,Actinopteri,Clupeiformes,Clupeidae,Sardinops,Sardinops melanostictus
ASV_3753,Eukaryota,Chordata,Actinopteri,Myctophiformes,Myctophidae,Symbolophorus,Symbolophorus californiensis
ASV_3799,Eukaryota,Chordata,Actinopteri,Clupeiformes,Clupeidae,Sardinops,Sardinops melanostictus
ASV_3802,Eukaryota,Chordata,Actinopteri,Carangiformes,Carangidae,Trachurus,Trachurus symmetricus
ASV_3829,Eukaryota,Chordata,Actinopteri,Pleuronectiformes,Pleuronectidae,Lyopsetta,Lyopsetta exilis
ASV_3885,Eukaryota,Chordata,Actinopteri,Perciformes,Sebastidae,Sebastes,Sebastes paucispinis
ASV_3940,Eukaryota,Chordata,Actinopteri,Argentiniformes,Bathylagidae,Leuroglossus,Leuroglossus schmidti
ASV_3993,Eukaryota,Chordata,Actinopteri,Carangiformes,Carangidae,Seriola,Seriola lalandi
ASV_4006,Eukaryota,Chordata,Actinopteri,Centrarchiformes,Cheilodactylidae,Cheilodactylus,Cheilodactylus variegatus
ASV_4059,Eukaryota,Chordata,Actinopteri,Perciformes,Sebastidae,Sebastes,unassigned
ASV_4102,Eukaryota,Chordata,Actinopteri,Tetraodontiformes,Molidae,Mola,unassigned
ASV_4151,Eukaryota,Chordata,Actinopteri,Clupeiformes,Engraulidae,Engraulis,Engraulis mordax
ASV_4198,Eukaryota,Chordata,Actinopteri,Clupeiformes,Engraulidae,Engraulis,Engraulis mordax
ASV_4312,Eukaryota,Chordata,Mammalia,Cetacea,Delphinidae,Grampus,Grampus griseus
ASV_4342,Eukaryota,Chordata,Actinopteri,Clupeiformes,Engraulidae,Engraulis,Engraulis mordax
ASV_4396,Eukaryota,Chordata,Actinopteri,unknown,Sciaenidae,Genyonemus,Genyonemus lineatus
ASV_4422,Eukaryota,Chordata,Actinopteri,Perciformes,Sebastidae,Sebastes,Sebastes paucispinis
ASV_4434,Eukaryota,Chordata,Actinopteri,Perciformes,Sebastidae,Sebastes,unassigned
ASV_4494,Eukaryota,Chordata,Mammalia,Cetacea,Ziphiidae,g_,s_
ASV_4519,Eukaryota,Chordata,Actinopteri,Clupeiformes,Engraulidae,Engraulis,Engraulis mordax
ASV_4667,Eukaryota,Chordata,Actinopteri,Clupeiformes,Clupeidae,Clupea,Clupea harengus
ASV_4680,Eukaryota,Chordata,Actinopteri,Atheriniformes,Atherinopsidae,g_,s_
ASV_4714,Eukaryota,Chordata,Actinopteri,Perciformes,Hexagrammidae,Ophiodon,Ophiodon elongatus
ASV_4735,Eukaryota,Chordata,Actinopteri,Clupeiformes,Engraulidae,g_,s_
ASV_4736,Eukaryota,Chordata,Actinopteri,Argentiniformes,Bathylagidae,Leuroglossus,Leuroglossus schmidti
ASV_4761,Eukaryota,Chordata,Actinopteri,Perciformes,Sebastidae,Sebastes,unassigned
ASV_4846,Eukaryota,Chordata,Actinopteri,Carangiformes,Carangidae,Seriola,Seriola lalandi
ASV_4847,Eukaryota,Chordata,Aves,Procellariiformes,Procellariidae,Puffinus,unassigned
ASV_4873,Eukaryota,Chordata,Actinopteri,Scombriformes,Scombridae,Sarda,Sarda chiliensis
ASV_4915,Eukaryota,Chordata,Actinopteri,Carangiformes,Carangidae,Trachurus,Trachurus symmetricus
ASV_4957,Eukaryota,Chordata,Actinopteri,Clupeiformes,Clupeidae,Sardinops,Sardinops melanostictus
ASV_5059,Eukaryota,Chordata,Actinopteri,Clupeiformes,Engraulidae,Engraulis,Engraulis mordax
ASV_5105,Eukaryota,Chordata,Actinopteri,unknown,Sciaenidae,g_,s_
ASV_5274,Eukaryota,Chordata,Actinopteri,Atheriniformes,Atherinopsidae,g_,s_
ASV_5313,Eukaryota,Chordata,Actinopteri,Myctophiformes,Myctophidae,Stenobrachius,Stenobrachius leucopsarus
ASV_5352,Eukaryota,Chordata,Actinopteri,Argentiniformes,Bathylagidae,Lipolagus,Lipolagus ochotensis
ASV_5391,Eukaryota,Chordata,Actinopteri,Myctophiformes,Myctophidae,Symbolophorus,Symbolophorus californiensis
ASV_5511,Eukaryota,Chordata,Actinopteri,Argentiniformes,Bathylagidae,Leuroglossus,Leuroglossus schmidti
ASV_5595,Eukaryota,Chordata,Actinopteri,Clupeiformes,Clupeidae,Sardinops,Sardinops melanostictus
ASV_5735,Eukaryota,Chordata,Actinopteri,Clupeiformes,Engraulidae,Engraulis,Engraulis mordax
ASV_5795,Eukaryota,Chordata,Chondrichthyes,Lamniformes,Alopiidae,Alopias,Alopias vulpinus
ASV_5808,Eukaryota,Chordata,Actinopteri,Clupeiformes,Engraulidae,Engraulis,Engraulis mordax
ASV_5810,Eukaryota,Chordata,Actinopteri,Pleuronectiformes,Pleuronectidae,unassigned,unassigned
ASV_5840,Eukaryota,Chordata,Actinopteri,Clupeiformes,Engraulidae,Engraulis,Engraulis mordax
ASV_5867,Eukaryota,Chordata,Actinopteri,unknown,Sciaenidae,Genyonemus,Genyonemus lineatus
ASV_5868,Eukaryota,Chordata,Actinopteri,Clupeiformes,Engraulidae,Engraulis,Engraulis mordax
ASV_5869,Eukaryota,Chordata,Actinopteri,Myctophiformes,Myctophidae,Diaphus,Diaphus theta
ASV_5933,Eukaryota,Chordata,Actinopteri,Myctophiformes,Myctophidae,Stenobrachius,Stenobrachius leucopsarus
ASV_5964,Eukaryota,Chordata,Actinopteri,Pleuronectiformes,Paralichthyidae,Citharichthys,Citharichthys sordidus
ASV_6137,Eukaryota,Chordata,Actinopteri,Salmoniformes,Salmonidae,Oncorhynchus,Oncorhynchus tshawytscha
ASV_6182,Eukaryota,Chordata,Actinopteri,Perciformes,Sebastidae,Sebastes,unassigned
ASV_6236,Eukaryota,Chordata,Actinopteri,Clupeiformes,Engraulidae,Engraulis,Engraulis mordax
ASV_6288,Eukaryota,Chordata,Actinopteri,Myctophiformes,Myctophidae,Symbolophorus,Symbolophorus californiensis
ASV_6471,Eukaryota,Chordata,Actinopteri,Clupeiformes,Engraulidae,Engraulis,Engraulis mordax
ASV_6516,Eukaryota,Chordata,Actinopteri,Clupeiformes,Engraulidae,Engraulis,Engraulis mordax
ASV_6525,Eukaryota,Chordata,Actinopteri,unknown,Embiotocidae,Rhacochilus,Rhacochilus vacca
ASV_6550,Eukaryota,Chordata,unknown,Myxiniformes,Myxinidae,Eptatretus,unassigned
ASV_6551,Eukaryota,Chordata,Actinopteri,Perciformes,Cottidae,Chitonotus,Chitonotus pugetensis
ASV_6940,Eukaryota,Chordata,Actinopteri,Myctophiformes,Myctophidae,Symbolophorus,Symbolophorus californiensis
ASV_7044,Eukaryota,Chordata,Mammalia,Cetacea,Delphinidae,g_,s_
ASV_7075,Eukaryota,Chordata,Actinopteri,Pleuronectiformes,Paralichthyidae,Citharichthys,Citharichthys sordidus
ASV_7076,Eukaryota,Chordata,Actinopteri,Gadiformes,Merlucciidae,Merluccius,Merluccius productus
ASV_7115,Eukaryota,Chordata,Actinopteri,Gadiformes,Merlucciidae,Merluccius,Merluccius productus
ASV_7197,Eukaryota,Chordata,Actinopteri,Clupeiformes,Engraulidae,Engraulis,Engraulis mordax
ASV_7324,Eukaryota,Chordata,Actinopteri,Myctophiformes,Myctophidae,Symbolophorus,Symbolophorus californiensis
ASV_7593,Eukaryota,Chordata,Actinopteri,Clupeiformes,Engraulidae,Engraulis,Engraulis mordax
ASV_7595,Eukaryota,Chordata,Actinopteri,Scombriformes,Scombridae,Sarda,Sarda chiliensis
ASV_7599,Eukaryota,Chordata,Mammalia,Cetacea,Ziphiidae,g_,s_
ASV_7611,Eukaryota,Chordata,Actinopteri,Gadiformes,Merlucciidae,Merluccius,Merluccius productus
ASV_7650,Eukaryota,Chordata,Mammalia,Cetacea,Delphinidae,unassigned,unassigned
ASV_7773,Eukaryota,Chordata,Chondrichthyes,Rajiformes,Rajidae,Raja,Raja inornata
ASV_7909,Eukaryota,Chordata,Actinopteri,Clupeiformes,Engraulidae,Engraulis,s_
ASV_8307,Eukaryota,Chordata,Actinopteri,Clupeiformes,Engraulidae,g_,s_
ASV_8892,Eukaryota,Chordata,Actinopteri,Clupeiformes,Engraulidae,Engraulis,s_
ASV_8963,Eukaryota,Chordata,Actinopteri,Scombriformes,Gempylidae,Gempylus,Gempylus serpens
ASV_8976,Eukaryota,Chordata,Mammalia,Cetacea,Balaenopteridae,Megaptera,Megaptera novaeangliae
ASV_9036,Eukaryota,Chordata,Actinopteri,Gadiformes,Merlucciidae,Merluccius,Merluccius productus
ASV_9485,Eukaryota,Chordata,Mammalia,Cetacea,Delphinidae,g_,s_
ASV_9667,Eukaryota,Chordata,Actinopteri,Scombriformes,Stromateidae,Peprilus,Peprilus medius
ASV_9676,Eukaryota,Chordata,Actinopteri,Perciformes,Sebastidae,Sebastes,unassigned
ASV_9988,Eukaryota,Chordata,Actinopteri,Myctophiformes,Myctophidae,g_,s_
ASV_10658,Eukaryota,Chordata,Actinopteri,Argentiniformes,Bathylagidae,g_,s_
ASV_10676,Eukaryota,Chordata,Mammalia,Artiodactyla,unassigned,g_,s_
ASV_10838,Eukaryota,Chordata,Actinopteri,Myctophiformes,Myctophidae,Tarletonbeania,Tarletonbeania taylori
ASV_11533,Eukaryota,Chordata,Actinopteri,Argentiniformes,Bathylagidae,Leuroglossus,s_
ASV_12188,Eukaryota,Chordata,Chondrichthyes,Rajiformes,Rajidae,unassigned,unassigned
ASV_12665,Eukaryota,Chordata,Actinopteri,Argentiniformes,Bathylagidae,Leuroglossus,Leuroglossus schmidti
ASV_15661,Eukaryota,Chordata,Mammalia,Cetacea,Delphinidae,g_,s_
ASV_16135,Eukaryota,Chordata,Actinopteri,Stomiiformes,Sternoptychidae,Sternoptyx,Sternoptyx obscura
ASV_16287,Eukaryota,Chordata,Mammalia,Artiodactyla,unassigned,g_,s_
ASV_18027,Eukaryota,Chordata,Actinopteri,Clupeiformes,Engraulidae,Engraulis,Engraulis mordax
ASV_19182,Eukaryota,Chordata,Mammalia,Cetacea,Ziphiidae,g_,s_
ASV_20633,Eukaryota,Chordata,Actinopteri,Argentiniformes,Bathylagidae,Leuroglossus,Leuroglossus schmidti
ASV_20636,Eukaryota,Chordata,Actinopteri,Clupeiformes,Engraulidae,Engraulis,Engraulis mordax
ASV_23335,Eukaryota,Chordata,Mammalia,Cetacea,Ziphiidae,g_,s_
ASV_23395,Eukaryota,Chordata,Actinopteri,Clupeiformes,Clupeidae,Sardinops,s_
ASV_23402,Eukaryota,Chordata,Actinopteri,Clupeiformes,Engraulidae,Engraulis,Engraulis mordax
ASV_23410,Eukaryota,Chordata,Actinopteri,Clupeiformes,Engraulidae,Engraulis,Engraulis mordax
ASV_34301,Eukaryota,Chordata,Actinopteri,Clupeiformes,Engraulidae,g_,s_
