sample_name,seqID,Dataset,order,NOAA_ID,library,library_tag_combo,tag_sequence,primer_sequence_F,primer_sequence_R,sample_type,sample_locus,tag_number,R1,R2,env_biome,env_feature,env_material,env_package,geo_loc_name,samp_filter_size_ext,samp_filter_ext_type,SAMPLING_cruise,SAMPLING_station_number,SAMPLING_bottle,depth,SAMPLING_station,SAMPLING_project,SAMPLING_platform,SAMPLING_dec_lat,SAMPLING_dec_long,chlorophyll,SAMPLING_campaign,year,month,day,collection_date,SAMPLING_date_time,PlateID,original_name,project_name,vessel,ESP_sample_match,year_Flyer,season,collection_date_Flyer,sampling_platform,sampling_device,filtration_device,control_status,station,bottom_depth_m,bottom_depth_group_m,CTD_cast,depth_m,temp_C,salinity_PSU,O2_mL_L,O2_group,density_kG_m3,chlA_ug_L,fluor_volt,latitude,lat_group,longitude,PO4,SiO4,NO3,NO2,NH4,volume_filtered_ml,filter_type,filter_pore_size_um,target_subfragment,F_primer,R_primer,primers_FR,seq_platform,seq_model,seq_chemistry,run_center,run_date,Description,cruise
CN18FESPkoa_SC24,CN18FESPkoa_SC24_CC,Merged2018,,,,,,,,,,,,,,,,,,,,,,,,,,,,,,,,,,,,,,eCruises_2018,Tethys,CN18Fc51_5_eDNA,2018.0,Fall,20180911.0,Tethys,AUV,ESP,Exp,,130.0,100-300,51.0,35.0,12.0849,33.6492,3.87004,3-3.9,25.5248,0.8294,0.0532,36.9175,36.5-37,-122.2742,1.07,12.47,15.11,1.12,0.026,1000.0,PVDF,0.22,V4,515F (Parada),806R (Apprill),515F_806R,Illumina,MiSeq,2x150bp PE,Laragen,July_2019,Spring and fall 2018 Flyer cruise and paired ESP samples,CN18F
CN18Fc21_6_eDNA,CN18Fc21_6_eDNA_HH,Merged2018,,,,,,,,,,,,,,,,,,,,,,,,,,,,,,,,,,,,,,eCruises_2018,Flyer,CN18FESPkoa_SC56,2018.0,Fall,20180908.0,Flyer,CTD,peristaltic,Exp,ESP,135.0,100-300,21.0,25.0,11.9639,33.6603,3.70764,3-3.9,25.5561,0.5054,0.0402,36.9898,36.5-37,-122.4682,1.49,10.8,11.98,0.24,0.017,1000.0,PVDF,0.2,V4,515F (Parada),806R (Apprill),515F_806R,Illumina,MiSeq,2x150bp PE,Laragen,July_2019,Spring and fall 2018 Flyer cruise and paired ESP samples,CN18F
CN18Fc22_6_eDNA,CN18Fc22_6_eDNA_HH,Merged2018,,,,,,,,,,,,,,,,,,,,,,,,,,,,,,,,,,,,,,eCruises_2018,Flyer,CN18FESPkoa_SC55,2018.0,Fall,20180908.0,Flyer,CTD,peristaltic,Exp,ESP,130.0,100-300,22.0,35.0,12.0074,33.653,3.83292,3-3.9,25.5425,0.5684,0.0427,37.006,37-37.5,-122.467,0.88,13.24,14.32,0.07,0.022,1000.0,PVDF,0.2,V4,515F (Parada),806R (Apprill),515F_806R,Illumina,MiSeq,2x150bp PE,Laragen,July_2019,Spring and fall 2018 Flyer cruise and paired ESP samples,CN18F
CN18Fc24_6_eDNA,CN18Fc24_6_eDNA_HH,Merged2018,,,,,,,,,,,,,,,,,,,,,,,,,,,,,,,,,,,,,,eCruises_2018,Flyer,CN18FESPkoa_SC53,2018.0,Fall,20180908.0,Flyer,CTD,peristaltic,Exp,ESP,122.0,100-300,24.0,25.0,12.001,33.6574,3.7499,3-3.9,25.5468,0.5379,0.0415,37.0077,37-37.5,-122.4493,1.42,14.04,14.86,0.29,0.052,1000.0,PVDF,0.2,V4,515F (Parada),806R (Apprill),515F_806R,Illumina,MiSeq,2x150bp PE,Laragen,July_2019,Spring and fall 2018 Flyer cruise and paired ESP samples,CN18F
CN18Fc25_5_eDNA,CN18Fc25_5_eDNA_HH,Merged2018,,,,,,,,,,,,,,,,,,,,,,,,,,,,,,,,,,,,,,eCruises_2018,Flyer,CN18FESPkoa_SC52,2018.0,Fall,20180908.0,Flyer,CTD,peristaltic,Exp,ESP,122.0,100-300,25.0,30.0,11.5667,33.6788,3.61299,3-3.9,25.6445,0.4625,0.0385,37.0127,37-37.5,-122.4413,1.48,14.12,19.08,0.38,0.003,1000.0,PVDF,0.2,V4,515F (Parada),806R (Apprill),515F_806R,Illumina,MiSeq,2x150bp PE,Laragen,July_2019,Spring and fall 2018 Flyer cruise and paired ESP samples,CN18F
CN18Fc27_4_eDNA,CN18Fc27_4_eDNA_HH,Merged2018,,,,,,,,,,,,,,,,,,,,,,,,,,,,,,,,,,,,,,eCruises_2018,Flyer,CN18FESPkoa_SC49,2018.0,Fall,20180909.0,Flyer,CTD,peristaltic,Exp,ESP,150.0,100-300,27.0,45.0,12.0194,33.6541,3.82541,3-3.9,25.5412,0.5684,0.0427,37.0052,37-37.5,-122.4185,1.35,11.98,15.63,0.23,0.024,1000.0,PVDF,0.2,V4,515F (Parada),806R (Apprill),515F_806R,Illumina,MiSeq,2x150bp PE,Laragen,July_2019,Spring and fall 2018 Flyer cruise and paired ESP samples,CN18F
CN18Fc29_6_eDNA,CN18Fc29_6_eDNA_HH,Merged2018,,,,,,,,,,,,,,,,,,,,,,,,,,,,,,,,,,,,,,eCruises_2018,Flyer,CN18FESPkoa_SC47,2018.0,Fall,20180909.0,Flyer,CTD,peristaltic,Exp,ESP,320.0,300-500,29.0,30.0,11.9849,33.6557,3.82099,3-3.9,25.5486,0.5535,0.0421,36.9977,36.5-37,-122.4128,1.08,12.61,15.31,0.24,0.035,1000.0,PVDF,0.2,V4,515F (Parada),806R (Apprill),515F_806R,Illumina,MiSeq,2x150bp PE,Laragen,July_2019,Spring and fall 2018 Flyer cruise and paired ESP samples,CN18F
CN18Fc30_4_eDNA,CN18Fc30_4_eDNA_HH,Merged2018,,,,,,,,,,,,,,,,,,,,,,,,,,,,,,,,,,,,,,eCruises_2018,Flyer,CN18FESPkoa_SC46,2018.0,Fall,20180909.0,Flyer,CTD,peristaltic,Exp,ESP,220.0,100-300,30.0,40.0,11.7004,33.6699,3.65703,3-3.9,25.6131,0.4768,0.0391,36.9977,36.5-37,-122.4165,1.53,14.95,17.46,0.27,0.001,1000.0,PVDF,0.2,V4,515F (Parada),806R (Apprill),515F_806R,Illumina,MiSeq,2x150bp PE,Laragen,July_2019,Spring and fall 2018 Flyer cruise and paired ESP samples,CN18F
CN18Fc33_5_eDNA,CN18Fc33_5_eDNA_HH,Merged2018,,,,,,,,,,,,,,,,,,,,,,,,,,,,,,,,,,,,,,eCruises_2018,Flyer,CN18FESPkoa_SC43,2018.0,Fall,20180909.0,Flyer,CTD,peristaltic,Exp,ESP,135.0,100-300,33.0,35.0,12.0147,33.6576,3.75316,3-3.9,25.5446,0.546,0.0418,36.9898,36.5-37,-122.4055,1.56,12.7,14.96,0.36,0.001,1000.0,PVDF,0.2,V4,515F (Parada),806R (Apprill),515F_806R,Illumina,MiSeq,2x150bp PE,Laragen,July_2019,Spring and fall 2018 Flyer cruise and paired ESP samples,CN18F
CN18Fc19_5_eDNA,CN18Fc19_5_eDNA_HH,Merged2018,,,,,,,,,,,,,,,,,,,,,,,,,,,,,,,,,,,,,,eCruises_2018,Flyer,CN18FESPkoa_SC57,2018.0,Fall,20180908.0,Flyer,CTD,peristaltic,Exp,ESP,135.0,100-300,19.0,40.0,12.254,33.6436,4.21523,4-4.9,25.4884,0.5777,0.0431,36.9937,36.5-37,-122.468,1.38,12.28,15.24,0.27,0.023,1000.0,PVDF,0.2,V4,515F (Parada),806R (Apprill),515F_806R,Illumina,MiSeq,2x150bp PE,Laragen,July_2019,Spring and fall 2018 Flyer cruise and paired ESP samples,CN18F
CN18Fc36_6_eDNA,CN18Fc36_6_eDNA_HH,Merged2018,,,,,,,,,,,,,,,,,,,,,,,,,,,,,,,,,,,,,,eCruises_2018,Flyer,CN18FESPkoa_SC40,2018.0,Fall,20180909.0,Flyer,CTD,peristaltic,Exp,ESP,135.0,100-300,36.0,20.0,11.9012,33.6626,3.67785,3-3.9,25.5695,0.5217,0.0409,37.0012,37-37.5,-122.3755,1.33,14.1,16.51,0.19,0.003,1000.0,PVDF,0.2,V4,515F (Parada),806R (Apprill),515F_806R,Illumina,MiSeq,2x150bp PE,Laragen,July_2019,Spring and fall 2018 Flyer cruise and paired ESP samples,CN18F
CN18Fc40_6_eDNA,CN18Fc40_6_eDNA_HH,Merged2018,,,,,,,,,,,,,,,,,,,,,,,,,,,,,,,,,,,,,,eCruises_2018,Flyer,CN18FESPkoa_SC35,2018.0,Fall,20180910.0,Flyer,CTD,peristaltic,Exp,ESP,120.0,100-300,40.0,25.0,11.9661,33.6585,3.80235,3-3.9,25.5542,0.5535,0.0421,36.9662,36.5-37,-122.3437,1.08,13.68,15.3,0.16,0.076,1000.0,PVDF,0.2,V4,515F (Parada),806R (Apprill),515F_806R,Illumina,MiSeq,2x150bp PE,Laragen,July_2019,Spring and fall 2018 Flyer cruise and paired ESP samples,CN18F
CN18Fc41_6_eDNA,CN18Fc41_6_eDNA_HH,Merged2018,,,,,,,,,,,,,,,,,,,,,,,,,,,,,,,,,,,,,,eCruises_2018,Flyer,CN18FESPkoa_SC34,2018.0,Fall,20180910.0,Flyer,CTD,peristaltic,Exp,ESP,125.0,100-300,41.0,25.0,11.9131,33.6601,3.79566,3-3.9,25.5654,0.5684,0.0427,36.9607,36.5-37,-122.3422,1.61,13.73,15.74,0.19,0.012,1000.0,PVDF,0.2,V4,515F (Parada),806R (Apprill),515F_806R,Illumina,MiSeq,2x150bp PE,Laragen,July_2019,Spring and fall 2018 Flyer cruise and paired ESP samples,CN18F
CN18Fc43_5_eDNA,CN18Fc43_5_eDNA_HH,Merged2018,,,,,,,,,,,,,,,,,,,,,,,,,,,,,,,,,,,,,,eCruises_2018,Flyer,CN18FESPkoa_SC32,2018.0,Fall,20180910.0,Flyer,CTD,peristaltic,Exp,ESP,125.0,100-300,43.0,30.0,12.2441,33.6459,3.87245,3-3.9,25.4918,0.6269,0.0451,36.9545,36.5-37,-122.337,1.53,5.62,14.91,0.17,0.0,1000.0,PVDF,0.2,V4,515F (Parada),806R (Apprill),515F_806R,Illumina,MiSeq,2x150bp PE,Laragen,July_2019,Spring and fall 2018 Flyer cruise and paired ESP samples,CN18F
CN18Fc44_8_eDNA,CN18Fc44_8_eDNA_HH,Merged2018,,,,,,,,,,,,,,,,,,,,,,,,,,,,,,,,,,,,,,eCruises_2018,Flyer,CN18FESPkoa_SC31,2018.0,Fall,20180910.0,Flyer,CTD,peristaltic,Exp,ESP,125.0,100-300,44.0,20.0,12.0207,33.658,3.79052,3-3.9,25.5434,0.6076,0.0443,36.9543,36.5-37,-122.3333,1.6,7.17,14.42,0.15,0.01,900.0,PVDF,0.2,V4,515F (Parada),806R (Apprill),515F_806R,Illumina,MiSeq,2x150bp PE,Laragen,July_2019,Spring and fall 2018 Flyer cruise and paired ESP samples,CN18F
CN18Fc46_8_eDNA,CN18Fc46_8_eDNA_HH,Merged2018,,,,,,,,,,,,,,,,,,,,,,,,,,,,,,,,,,,,,,eCruises_2018,Flyer,CN18FESPkoa_SC30,2018.0,Fall,20180910.0,Flyer,CTD,peristaltic,Exp,ESP,110.0,100-300,46.0,10.0,13.0871,33.6144,4.43183,4-4.9,25.3025,1.6411,0.0856,36.9405,36.5-37,-122.2938,0.91,6.03,10.59,0.39,0.082,1000.0,PVDF,0.2,V4,515F (Parada),806R (Apprill),515F_806R,Illumina,MiSeq,2x150bp PE,Laragen,July_2019,Spring and fall 2018 Flyer cruise and paired ESP samples,CN18F
CN18Fc47_6_eDNA,CN18Fc47_6_eDNA_HH,Merged2018,,,,,,,,,,,,,,,,,,,,,,,,,,,,,,,,,,,,,,eCruises_2018,Flyer,CN18FESPkoa_SC29,2018.0,Fall,20180910.0,Flyer,CTD,peristaltic,Exp,ESP,140.0,100-300,47.0,25.0,11.9996,33.6597,3.73847,3-3.9,25.5489,0.6294,0.0452,36.9267,36.5-37,-122.2925,1.02,7.1,14.05,0.14,0.116,1000.0,PVDF,0.2,V4,515F (Parada),806R (Apprill),515F_806R,Illumina,MiSeq,2x150bp PE,Laragen,July_2019,Spring and fall 2018 Flyer cruise and paired ESP samples,CN18F
CN18Fc49_6_eDNA,CN18Fc49_6_eDNA_HH,Merged2018,,,,,,,,,,,,,,,,,,,,,,,,,,,,,,,,,,,,,,eCruises_2018,Flyer,CN18FESPkoa_SC26,2018.0,Fall,20180911.0,Flyer,CTD,peristaltic,Exp,ESP,120.0,100-300,49.0,25.0,12.7123,33.6352,4.49015,4-4.9,25.393,2.0529,0.1021,36.927,36.5-37,-122.284,0.82,10.18,9.69,0.27,0.029,1000.0,PVDF,0.2,V4,515F (Parada),806R (Apprill),515F_806R,Illumina,MiSeq,2x150bp PE,Laragen,July_2019,Spring and fall 2018 Flyer cruise and paired ESP samples,CN18F
CN18Fc51_5_eDNA,CN18Fc51_5_eDNA_HH,Merged2018,,,,,,,,,,,,,,,,,,,,,,,,,,,,,,,,,,,,,,eCruises_2018,Flyer,CN18FESPkoa_SC24,2018.0,Fall,20180911.0,Flyer,CTD,peristaltic,Exp,ESP,130.0,100-300,51.0,35.0,12.0849,33.6492,3.87004,3-3.9,25.5248,0.8294,0.0532,36.9175,36.5-37,-122.2742,1.07,12.47,15.11,1.12,0.026,1000.0,PVDF,0.2,V4,515F (Parada),806R (Apprill),515F_806R,Illumina,MiSeq,2x150bp PE,Laragen,July_2019,Spring and fall 2018 Flyer cruise and paired ESP samples,CN18F
CN18Fc38_5_eDNA,CN18Fc38_5_eDNA_HH,Merged2018,,,,,,,,,,,,,,,,,,,,,,,,,,,,,,,,,,,,,,eCruises_2018,Flyer,CN18FESPkoa_SC37,2018.0,Fall,20180910.0,Flyer,CTD,peristaltic,Exp,ESP,125.0,100-300,38.0,30.0,12.0575,33.6557,3.84982,3-3.9,25.5349,0.5684,0.0427,36.9742,36.5-37,-122.3533,1.03,12.35,14.63,0.33,0.006,1000.0,PVDF,0.2,V4,515F (Parada),806R (Apprill),515F_806R,Illumina,MiSeq,2x150bp PE,Laragen,July_2019,Spring and fall 2018 Flyer cruise and paired ESP samples,CN18F
CN18Fc12_8_eDNA,CN18Fc12_8_eDNA_HH,Merged2018,,,,,,,,,,,,,,,,,,,,,,,,,,,,,,,,,,,,,,eCruises_2018,Flyer,CN18FESPkoa_SC58,2018.0,Fall,20180907.0,Flyer,CTD,peristaltic,Exp,TS,230.0,100-300,12.0,30.0,13.0777,33.6197,4.21222,4-4.9,25.3091,0.5466,0.0418,36.9848,36.5-37,-122.519,1.25,12.23,14.92,0.31,0.002,1000.0,PVDF,0.2,V4,515F (Parada),806R (Apprill),515F_806R,Illumina,MiSeq,2x150bp PE,Laragen,July_2019,Spring and fall 2018 Flyer cruise and paired ESP samples,CN18F
CN18Fc32_4_eDNA,CN18Fc32_4_eDNA_HH,Merged2018,,,,,,,,,,,,,,,,,,,,,,,,,,,,,,,,,,,,,,eCruises_2018,Flyer,CN18FESPkoa_SC44,2018.0,Fall,20180909.0,Flyer,CTD,peristaltic,Exp,ESP,185.0,100-300,32.0,40.0,11.3054,33.6943,3.38028,3-3.9,25.7046,0.4463,0.0379,36.9973,36.5-37,-122.4083,1.58,16.92,19.22,0.24,0.001,1000.0,PVDF,0.2,V4,515F (Parada),806R (Apprill),515F_806R,Illumina,MiSeq,2x150bp PE,Laragen,July_2019,Spring and fall 2018 Flyer cruise and paired ESP samples,CN18F
CN18FESPkoa_SC57,CN18FESPkoa_SC57_CC,Merged2018,,,,,,,,,,,,,,,,,,,,,,,,,,,,,,,,,,,,,,eCruises_2018,Tethys,CN18Fc19_5_eDNA,2018.0,Fall,20180908.0,Tethys,AUV,ESP,Exp,,135.0,100-300,19.0,35.0,12.254,33.6436,4.21523,4-4.9,25.4884,0.5777,0.0431,36.9937,36.5-37,-122.468,1.38,12.28,15.24,0.27,0.026,1000.0,PVDF,0.22,V4,515F (Parada),806R (Apprill),515F_806R,Illumina,MiSeq,2x150bp PE,Laragen,July_2019,Spring and fall 2018 Flyer cruise and paired ESP samples,CN18F
CN18FESPkoa_SC58,CN18FESPkoa_SC58_CC,Merged2018,,,,,,,,,,,,,,,,,,,,,,,,,,,,,,,,,,,,,,eCruises_2018,Tethys,CN18Fc12_8_eDNA,2018.0,Fall,20180907.0,Tethys,AUV,ESP,Exp,,230.0,100-300,12.0,29.0,13.0777,33.6197,4.21222,4-4.9,25.3091,0.5466,0.0418,36.9848,36.5-37,-122.519,1.25,12.23,14.92,0.31,0.002,1000.0,PVDF,0.22,V4,515F (Parada),806R (Apprill),515F_806R,Illumina,MiSeq,2x150bp PE,Laragen,July_2019,Spring and fall 2018 Flyer cruise and paired ESP samples,CN18F
CN18FESPkoa_SC29,CN18FESPkoa_SC29_CC,Merged2018,,,,,,,,,,,,,,,,,,,,,,,,,,,,,,,,,,,,,,eCruises_2018,Tethys,CN18Fc47_6_eDNA,2018.0,Fall,20180910.0,Tethys,AUV,ESP,Exp,,140.0,100-300,47.0,22.0,11.9996,33.6597,3.73847,3-3.9,25.5489,0.6294,0.0452,36.9267,36.5-37,-122.2925,1.02,7.1,14.05,0.14,0.116,1000.0,PVDF,0.22,V4,515F (Parada),806R (Apprill),515F_806R,Illumina,MiSeq,2x150bp PE,Laragen,July_2019,Spring and fall 2018 Flyer cruise and paired ESP samples,CN18F
CN18FESPkoa_SC30,CN18FESPkoa_SC30_CC,Merged2018,,,,,,,,,,,,,,,,,,,,,,,,,,,,,,,,,,,,,,eCruises_2018,Tethys,CN18Fc46_8_eDNA,2018.0,Fall,20180910.0,Tethys,AUV,ESP,Exp,,110.0,100-300,46.0,13.0,13.0871,33.6144,4.43183,4-4.9,25.3025,1.6411,0.0856,36.9405,36.5-37,-122.2938,0.91,6.03,10.59,0.39,0.082,1000.0,PVDF,0.22,V4,515F (Parada),806R (Apprill),515F_806R,Illumina,MiSeq,2x150bp PE,Laragen,July_2019,Spring and fall 2018 Flyer cruise and paired ESP samples,CN18F
CN18FESPkoa_SC31,CN18FESPkoa_SC31_CC,Merged2018,,,,,,,,,,,,,,,,,,,,,,,,,,,,,,,,,,,,,,eCruises_2018,Tethys,CN18Fc44_8_eDNA,2018.0,Fall,20180910.0,Tethys,AUV,ESP,Exp,,125.0,100-300,44.0,19.0,12.0207,33.658,3.79052,3-3.9,25.5434,0.6076,0.0443,36.9543,36.5-37,-122.3333,1.6,7.17,14.42,0.15,0.01,1000.0,PVDF,0.22,V4,515F (Parada),806R (Apprill),515F_806R,Illumina,MiSeq,2x150bp PE,Laragen,July_2019,Spring and fall 2018 Flyer cruise and paired ESP samples,CN18F
CN18FESPkoa_SC32,CN18FESPkoa_SC32_CC,Merged2018,,,,,,,,,,,,,,,,,,,,,,,,,,,,,,,,,,,,,,eCruises_2018,Tethys,CN18Fc43_5_eDNA,2018.0,Fall,20180910.0,Tethys,AUV,ESP,Exp,,125.0,100-300,43.0,35.0,12.2441,33.6459,3.87245,3-3.9,25.4918,0.6269,0.0451,36.9545,36.5-37,-122.337,1.53,5.62,14.91,0.17,0.0,1000.0,PVDF,0.22,V4,515F (Parada),806R (Apprill),515F_806R,Illumina,MiSeq,2x150bp PE,Laragen,July_2019,Spring and fall 2018 Flyer cruise and paired ESP samples,CN18F
CN18FESPkoa_SC34,CN18FESPkoa_SC34_CC,Merged2018,,,,,,,,,,,,,,,,,,,,,,,,,,,,,,,,,,,,,,eCruises_2018,Tethys,CN18Fc41_6_eDNA,2018.0,Fall,20180910.0,Tethys,AUV,ESP,Exp,,125.0,100-300,41.0,25.0,11.9131,33.6601,3.79566,3-3.9,25.5654,0.5684,0.0427,36.9607,36.5-37,-122.3422,1.61,13.73,15.74,0.19,0.012,1000.0,PVDF,0.22,V4,515F (Parada),806R (Apprill),515F_806R,Illumina,MiSeq,2x150bp PE,Laragen,July_2019,Spring and fall 2018 Flyer cruise and paired ESP samples,CN18F
CN18FESPkoa_SC37,CN18FESPkoa_SC37_CC,Merged2018,,,,,,,,,,,,,,,,,,,,,,,,,,,,,,,,,,,,,,eCruises_2018,Tethys,CN18Fc38_5_eDNA,2018.0,Fall,20180910.0,Tethys,AUV,ESP,Exp,,125.0,100-300,38.0,31.0,12.0575,33.6557,3.84982,3-3.9,25.5349,0.5684,0.0427,36.9742,36.5-37,-122.3533,1.03,12.35,14.63,0.33,0.006,1000.0,PVDF,0.22,V4,515F (Parada),806R (Apprill),515F_806R,Illumina,MiSeq,2x150bp PE,Laragen,July_2019,Spring and fall 2018 Flyer cruise and paired ESP samples,CN18F
CN18FESPkoa_SC40,CN18FESPkoa_SC40_CC,Merged2018,,,,,,,,,,,,,,,,,,,,,,,,,,,,,,,,,,,,,,eCruises_2018,Tethys,CN18Fc36_6_eDNA,2018.0,Fall,20180909.0,Tethys,AUV,ESP,Exp,,135.0,100-300,36.0,25.0,11.9012,33.6626,3.67785,3-3.9,25.5695,0.5217,0.0409,37.0012,37-37.5,-122.3755,1.33,14.1,16.51,0.19,0.003,1000.0,PVDF,0.22,V4,515F (Parada),806R (Apprill),515F_806R,Illumina,MiSeq,2x150bp PE,Laragen,July_2019,Spring and fall 2018 Flyer cruise and paired ESP samples,CN18F
CN18FESPkoa_SC41,CN18FESPkoa_SC41_CC,Merged2018,,,,,,,,,,,,,,,,,,,,,,,,,,,,,,,,,,,,,,eCruises_2018,Tethys,CN18Fc35_5_eDNA,2018.0,Fall,20180909.0,Tethys,AUV,ESP,Exp,,145.0,100-300,35.0,28.0,11.3956,33.6851,3.47134,3-3.9,25.6808,0.4463,0.0379,37.0005,37-37.5,-122.384,1.92,16.45,18.48,0.28,0.047,1000.0,PVDF,0.22,V4,515F (Parada),806R (Apprill),515F_806R,Illumina,MiSeq,2x150bp PE,Laragen,July_2019,Spring and fall 2018 Flyer cruise and paired ESP samples,CN18F
CN18FESPkoa_SC26,CN18FESPkoa_SC26_CC,Merged2018,,,,,,,,,,,,,,,,,,,,,,,,,,,,,,,,,,,,,,eCruises_2018,Tethys,CN18Fc49_6_eDNA,2018.0,Fall,20180911.0,Tethys,AUV,ESP,Exp,,120.0,100-300,49.0,27.0,12.7123,33.6352,4.49015,4-4.9,25.393,2.0529,0.1021,36.927,36.5-37,-122.284,0.82,10.18,9.69,0.27,0.029,1000.0,PVDF,0.22,V4,515F (Parada),806R (Apprill),515F_806R,Illumina,MiSeq,2x150bp PE,Laragen,July_2019,Spring and fall 2018 Flyer cruise and paired ESP samples,CN18F
CN18FESPkoa_SC44,CN18FESPkoa_SC44_CC,Merged2018,,,,,,,,,,,,,,,,,,,,,,,,,,,,,,,,,,,,,,eCruises_2018,Tethys,CN18Fc32_4_eDNA,2018.0,Fall,20180909.0,Tethys,AUV,ESP,Exp,,185.0,100-300,32.0,37.0,11.3054,33.6943,3.38028,3-3.9,25.7046,0.4463,0.0379,36.9973,36.5-37,-122.4083,1.58,16.92,19.22,0.24,0.001,1000.0,PVDF,0.22,V4,515F (Parada),806R (Apprill),515F_806R,Illumina,MiSeq,2x150bp PE,Laragen,July_2019,Spring and fall 2018 Flyer cruise and paired ESP samples,CN18F
CN18FESPkoa_SC43,CN18FESPkoa_SC43_CC,Merged2018,,,,,,,,,,,,,,,,,,,,,,,,,,,,,,,,,,,,,,eCruises_2018,Tethys,CN18Fc33_5_eDNA,2018.0,Fall,20180909.0,Tethys,AUV,ESP,Exp,,135.0,100-300,33.0,32.0,12.0147,33.6576,3.75316,3-3.9,25.5446,0.546,0.0418,36.9898,36.5-37,-122.4055,1.56,12.7,14.96,0.36,0.001,1000.0,PVDF,0.22,V4,515F (Parada),806R (Apprill),515F_806R,Illumina,MiSeq,2x150bp PE,Laragen,July_2019,Spring and fall 2018 Flyer cruise and paired ESP samples,CN18F
CN18FESPkoa_SC55,CN18FESPkoa_SC55_CC,Merged2018,,,,,,,,,,,,,,,,,,,,,,,,,,,,,,,,,,,,,,eCruises_2018,Tethys,CN18Fc22_6_eDNA,2018.0,Fall,20180908.0,Tethys,AUV,ESP,Exp,,130.0,100-300,22.0,35.0,12.0074,33.653,3.83292,3-3.9,25.5425,0.5684,0.0427,37.006,37-37.5,-122.467,0.88,13.24,14.32,0.07,0.022,1000.0,PVDF,0.22,V4,515F (Parada),806R (Apprill),515F_806R,Illumina,MiSeq,2x150bp PE,Laragen,July_2019,Spring and fall 2018 Flyer cruise and paired ESP samples,CN18F
CN18FESPkoa_SC53,CN18FESPkoa_SC53_CC,Merged2018,,,,,,,,,,,,,,,,,,,,,,,,,,,,,,,,,,,,,,eCruises_2018,Tethys,CN18Fc24_6_eDNA,2018.0,Fall,20180908.0,Tethys,AUV,ESP,Exp,,122.0,100-300,24.0,34.0,12.001,33.6574,3.7499,3-3.9,25.5468,0.5379,0.0415,37.0077,37-37.5,-122.4493,1.42,14.04,14.86,0.29,0.052,1000.0,PVDF,0.22,V4,515F (Parada),806R (Apprill),515F_806R,Illumina,MiSeq,2x150bp PE,Laragen,July_2019,Spring and fall 2018 Flyer cruise and paired ESP samples,CN18F
CN18FESPkoa_SC52,CN18FESPkoa_SC52_CC,Merged2018,,,,,,,,,,,,,,,,,,,,,,,,,,,,,,,,,,,,,,eCruises_2018,Tethys,CN18Fc25_5_eDNA,2018.0,Fall,20180908.0,Tethys,AUV,ESP,Exp,,122.0,100-300,25.0,28.0,11.5667,33.6788,3.61299,3-3.9,25.6445,0.4625,0.0385,37.0127,37-37.5,-122.4413,1.48,14.12,19.08,0.38,0.003,1000.0,PVDF,0.22,V4,515F (Parada),806R (Apprill),515F_806R,Illumina,MiSeq,2x150bp PE,Laragen,July_2019,Spring and fall 2018 Flyer cruise and paired ESP samples,CN18F
CN18FESPkoa_SC56,CN18FESPkoa_SC56_CC,Merged2018,,,,,,,,,,,,,,,,,,,,,,,,,,,,,,,,,,,,,,eCruises_2018,Tethys,CN18Fc21_6_eDNA,2018.0,Fall,20180908.0,Tethys,AUV,ESP,Exp,,135.0,100-300,21.0,38.0,11.9639,33.6603,3.70764,3-3.9,25.5561,0.5054,0.0402,36.9898,36.5-37,-122.4682,1.49,10.8,11.98,0.24,0.017,1000.0,PVDF,0.22,V4,515F (Parada),806R (Apprill),515F_806R,Illumina,MiSeq,2x150bp PE,Laragen,July_2019,Spring and fall 2018 Flyer cruise and paired ESP samples,CN18F
CN18FESPkoa_SC47,CN18FESPkoa_SC47_CC,Merged2018,,,,,,,,,,,,,,,,,,,,,,,,,,,,,,,,,,,,,,eCruises_2018,Tethys,CN18Fc29_6_eDNA,2018.0,Fall,20180909.0,Tethys,AUV,ESP,Exp,,320.0,300-500,29.0,29.0,11.9849,33.6557,3.82099,3-3.9,25.5486,0.5535,0.0421,36.9977,36.5-37,-122.4128,1.08,12.61,15.31,0.24,0.035,1000.0,PVDF,0.22,V4,515F (Parada),806R (Apprill),515F_806R,Illumina,MiSeq,2x150bp PE,Laragen,July_2019,Spring and fall 2018 Flyer cruise and paired ESP samples,CN18F
CN18FESPkoa_SC46,CN18FESPkoa_SC46_CC,Merged2018,,,,,,,,,,,,,,,,,,,,,,,,,,,,,,,,,,,,,,eCruises_2018,Tethys,CN18Fc30_4_eDNA,2018.0,Fall,20180909.0,Tethys,AUV,ESP,Exp,,220.0,100-300,30.0,39.0,11.7004,33.6699,3.65703,3-3.9,25.6131,0.4768,0.0391,36.9977,36.5-37,-122.4165,1.53,14.95,17.46,0.27,0.001,1000.0,PVDF,0.22,V4,515F (Parada),806R (Apprill),515F_806R,Illumina,MiSeq,2x150bp PE,Laragen,July_2019,Spring and fall 2018 Flyer cruise and paired ESP samples,CN18F
CN18FESPkoa_SC49,CN18FESPkoa_SC49_CC,Merged2018,,,,,,,,,,,,,,,,,,,,,,,,,,,,,,,,,,,,,,eCruises_2018,Tethys,CN18Fc27_4_eDNA,2018.0,Fall,20180909.0,Tethys,AUV,ESP,Exp,,150.0,100-300,27.0,48.0,12.0194,33.6541,3.82541,3-3.9,25.5412,0.5684,0.0427,37.0052,37-37.5,-122.4185,1.35,11.98,15.63,0.23,0.024,1000.0,PVDF,0.22,V4,515F (Parada),806R (Apprill),515F_806R,Illumina,MiSeq,2x150bp PE,Laragen,July_2019,Spring and fall 2018 Flyer cruise and paired ESP samples,CN18F
CN18Sc15_2_eDNA,CN18Sc15_2_eDNA_AA,Merged2018,,,,,,,,,,,,,,,,,,,,,,,,,,,,,,,,,,,,,,eCruises_2018,Flyer,CN18SESPkoa_SC42,2018.0,Spring,20180607.0,Flyer,CTD,peristaltic,Exp,TS,310.0,300-500,15.0,195.0,8.5451,34.0481,1.74591,1-1.9,25.8382,0.05536,0.1351,36.98,36.5-37,-122.5313,1.306,0.302,16.23,12.635,,1000.0,PVDF,0.22,V4,515F (Parada),806R (Apprill),515F_806R,Illumina,MiSeq,2x150bp PE,Laragen,July_2019,Spring and fall 2018 Flyer cruise and paired ESP samples,CN18S
CN18Sc10_2_eDNA,CN18Sc10_2_eDNA_Z,Merged2018,,,,,,,,,,,,,,,,,,,,,,,,,,,,,,,,,,,,,,eCruises_2018,Flyer,CN18SESPkoa_SC47,2018.0,Spring,20180606.0,Flyer,CTD,peristaltic,Exp,TS,290.0,100-300,10.0,200.0,8.4878,34.0568,1.71053,1-1.9,26.4628,0.042508571,0.036,36.9783,36.5-37,-122.5182,2.304,0.153,30.207,41.488,,1000.0,PVDF,0.22,V4,515F (Parada),806R (Apprill),515F_806R,Illumina,MiSeq,2x150bp PE,Laragen,July_2019,Spring and fall 2018 Flyer cruise and paired ESP samples,CN18S
CN18Sc14_2_eDNA,CN18Sc14_2_eDNA_AA,Merged2018,,,,,,,,,,,,,,,,,,,,,,,,,,,,,,,,,,,,,,eCruises_2018,Flyer,CN18SESPkoa_SC45,2018.0,Spring,20180607.0,Flyer,CTD,peristaltic,Exp,TS,200.0,100-300,14.0,195.0,8.3564,34.0504,1.78734,1-1.9,26.0042,0.043793714,0.0501,36.9882,36.5-37,-122.5198,2.24,0.337,21.908,23.141,,1000.0,PVDF,0.22,V4,515F (Parada),806R (Apprill),515F_806R,Illumina,MiSeq,2x150bp PE,Laragen,July_2019,Spring and fall 2018 Flyer cruise and paired ESP samples,CN18S
CN18Sc14_8_eDNA,CN18Sc14_8_eDNA_AA,Merged2018,,,,,,,,,,,,,,,,,,,,,,,,,,,,,,,,,,,,,,eCruises_2018,Flyer,CN18SESPkoa_SC44,2018.0,Spring,20180607.0,Flyer,CTD,peristaltic,Exp,TS,200.0,100-300,14.0,30.0,10.0097,33.7876,3.37559,3-3.9,26.4776,0.632685714,0.0366,36.9882,36.5-37,-122.5198,2.116,0.045,22.695,29.267,,1000.0,PVDF,0.22,V4,515F (Parada),806R (Apprill),515F_806R,Illumina,MiSeq,2x150bp PE,Laragen,July_2019,Spring and fall 2018 Flyer cruise and paired ESP samples,CN18S
CN18Sc18_8_eDNA,CN18Sc18_8_eDNA_Z,Merged2018,,,,,,,,,,,,,,,,,,,,,,,,,,,,,,,,,,,,,,eCruises_2018,Flyer,CN18SESPkoa_SC39,2018.0,Spring,20180608.0,Flyer,CTD,peristaltic,Exp,TS,200.0,100-300,18.0,30.0,10.5804,33.7643,3.92993,4-4.9,26.401,0.632685714,0.0366,36.9882,36.5-37,-122.5198,2.141,0.174,26.182,33.56,,1000.0,PVDF,0.22,V4,515F (Parada),806R (Apprill),515F_806R,Illumina,MiSeq,2x150bp PE,Laragen,July_2019,Spring and fall 2018 Flyer cruise and paired ESP samples,CN18S
CN18Sc15_8_eDNA,CN18Sc15_8_eDNA_Z,Merged2018,,,,,,,,,,,,,,,,,,,,,,,,,,,,,,,,,,,,,,eCruises_2018,Flyer,CN18SESPkoa_SC41,2018.0,Spring,20180607.0,Flyer,CTD,peristaltic,Exp,TS,310.0,300-500,15.0,30.0,10.9701,33.7886,5.02883,5-5.9,26.4471,4.942857143,0.0359,36.98,36.5-37,-122.5313,2.242,0.113,30.198,38.65,,1000.0,PVDF,0.22,V4,515F (Parada),806R (Apprill),515F_806R,Illumina,MiSeq,2x150bp PE,Laragen,July_2019,Spring and fall 2018 Flyer cruise and paired ESP samples,CN18S
CN18Sc18_2_eDNA,CN18Sc18_2_eDNA_AA,Merged2018,,,,,,,,,,,,,,,,,,,,,,,,,,,,,,,,,,,,,,eCruises_2018,Flyer,CN18SESPkoa_SC40,2018.0,Spring,20180608.0,Flyer,CTD,peristaltic,Exp,TS,200.0,100-300,18.0,200.0,8.5901,33.9981,2.05723,2-2.9,25.8881,0.070188571,0.0583,36.9882,36.5-37,-122.5198,1.137,0.291,20.201,21.612,,1000.0,PVDF,0.22,V4,515F (Parada),806R (Apprill),515F_806R,Illumina,MiSeq,2x150bp PE,Laragen,July_2019,Spring and fall 2018 Flyer cruise and paired ESP samples,CN18S
CN18Sc27_2_eDNA,CN18Sc27_2_eDNA_AA,Merged2018,,,,,,,,,,,,,,,,,,,,,,,,,,,,,,,,,,,,,,eCruises_2018,Flyer,CN18SESPkoa_SC37,2018.0,Spring,20180608.0,Flyer,CTD,peristaltic,Exp,TS,200.0,100-300,27.0,200.0,7.8489,34.1077,1.43017,1-1.9,25.8896,0.033611429,0.0753,36.9882,36.5-37,-122.5202,1.443,0.332,14.487,16.572,,1000.0,PVDF,0.22,V4,515F (Parada),806R (Apprill),515F_806R,Illumina,MiSeq,2x150bp PE,Laragen,July_2019,Spring and fall 2018 Flyer cruise and paired ESP samples,CN18S
CN18Sc27_8_eDNA,CN18Sc27_8_eDNA_AA,Merged2018,,,,,,,,,,,,,,,,,,,,,,,,,,,,,,,,,,,,,,eCruises_2018,Flyer,CN18SESPkoa_SC36,2018.0,Spring,20180608.0,Flyer,CTD,peristaltic,Exp,TS,200.0,100-300,27.0,30.0,10.5551,33.7606,4.07827,4-4.9,26.5982,1.423542857,0.036,36.9882,36.5-37,-122.5202,2.29,0.093,30.236,46.112,,1000.0,PVDF,0.22,V4,515F (Parada),806R (Apprill),515F_806R,Illumina,MiSeq,2x150bp PE,Laragen,July_2019,Spring and fall 2018 Flyer cruise and paired ESP samples,CN18S
CN18Sc09_2_eDNA,CN18Sc09_2_eDNA_Z,Merged2018,,,,,,,,,,,,,,,,,,,,,,,,,,,,,,,,,,,,,,eCruises_2018,Flyer,CN18SESPkoa_SC49,2018.0,Spring,20180606.0,Flyer,CTD,peristaltic,Exp,TS,190.0,100-300,9.0,200.0,8.4613,34.0447,1.79102,1-1.9,26.4573,0.044485714,0.0362,36.9875,36.5-37,-122.517,2.545,0.101,29.831,41.235,,1000.0,PVDF,0.22,V4,515F (Parada),806R (Apprill),515F_806R,Illumina,MiSeq,2x150bp PE,Laragen,July_2019,Spring and fall 2018 Flyer cruise and paired ESP samples,CN18S
CN18SESPkoa_SC49,CN18SESPkoa_SC49_AA,Merged2018,,,,,,,,,,,,,,,,,,,,,,,,,,,,,,,,,,,,,,eCruises_2018,Makai,CN18Sc09_2_eDNA,2018.0,Spring,20180606.0,Makai,AUV,ESP,Exp,,190.0,100-300,9.0,200.0,8.391116438,34.06403946,2.093012776,2-2.9,26.4573,0.08075001,0.0362,36.9875,36.5-37,-122.517,,,,,,1000.0,PVDF,0.22,V4,515F (Parada),806R (Apprill),515F_806R,Illumina,MiSeq,2x150bp PE,Laragen,July_2019,Spring and fall 2018 Flyer cruise and paired ESP samples,CN18S
CN18SESPkoa_SC36,CN18SESPkoa_SC36_AA,Merged2018,,,,,,,,,,,,,,,,,,,,,,,,,,,,,,,,,,,,,,eCruises_2018,Makai,CN18Sc27_8_eDNA,2018.0,Spring,20180608.0,Makai,AUV,ESP,Exp,,200.0,100-300,27.0,30.0,10.26982819,33.77007034,4.385419519,4-4.9,26.5982,0.474012862,0.036,36.9882,36.5-37,-122.5202,,,,,,1000.0,PVDF,0.22,V4,515F (Parada),806R (Apprill),515F_806R,Illumina,MiSeq,2x150bp PE,Laragen,July_2019,Spring and fall 2018 Flyer cruise and paired ESP samples,CN18S
CN18SESPkoa_SC37,CN18SESPkoa_SC37_Z,Merged2018,,,,,,,,,,,,,,,,,,,,,,,,,,,,,,,,,,,,,,eCruises_2018,Makai,CN18Sc27_2_eDNA,2018.0,Spring,20180608.0,Makai,AUV,ESP,Exp,,200.0,100-300,27.0,200.0,8.288688442,34.08066089,1.975259282,1-1.9,25.8896,0.080833281,0.0753,36.9882,36.5-37,-122.5202,,,,,,1000.0,PVDF,0.22,V4,515F (Parada),806R (Apprill),515F_806R,Illumina,MiSeq,2x150bp PE,Laragen,July_2019,Spring and fall 2018 Flyer cruise and paired ESP samples,CN18S
CN18SESPkoa_SC39,CN18SESPkoa_SC39_AA,Merged2018,,,,,,,,,,,,,,,,,,,,,,,,,,,,,,,,,,,,,,eCruises_2018,Makai,CN18Sc18_8_eDNA,2018.0,Spring,20180607.0,Makai,AUV,ESP,Exp,,200.0,100-300,18.0,30.0,10.86568478,33.73652772,5.203633739,5-5.9,26.401,1.465760174,0.0366,36.9882,36.5-37,-122.5198,,,,,,1000.0,PVDF,0.22,V4,515F (Parada),806R (Apprill),515F_806R,Illumina,MiSeq,2x150bp PE,Laragen,July_2019,Spring and fall 2018 Flyer cruise and paired ESP samples,CN18S
CN18SESPkoa_SC40,CN18SESPkoa_SC40_AA,Merged2018,,,,,,,,,,,,,,,,,,,,,,,,,,,,,,,,,,,,,,eCruises_2018,Makai,CN18Sc18_2_eDNA,2018.0,Spring,20180607.0,Makai,AUV,ESP,Exp,,200.0,100-300,18.0,200.0,8.27519063,34.08876802,1.926070169,1-1.9,25.8881,0.105150356,0.0583,36.9882,36.5-37,-122.5198,,,,,,1000.0,PVDF,0.22,V4,515F (Parada),806R (Apprill),515F_806R,Illumina,MiSeq,2x150bp PE,Laragen,July_2019,Spring and fall 2018 Flyer cruise and paired ESP samples,CN18S
CN18SESPkoa_SC41,CN18SESPkoa_SC41_AA,Merged2018,,,,,,,,,,,,,,,,,,,,,,,,,,,,,,,,,,,,,,eCruises_2018,Makai,CN18Sc15_8_eDNA,2018.0,Spring,20180607.0,Makai,AUV,ESP,Exp,,310.0,300-500,15.0,30.0,11.03750838,33.80190099,6.052118077,6-6.9,26.4471,1.700372405,0.0359,36.98,36.5-37,-122.5313,,,,,,1000.0,PVDF,0.22,V4,515F (Parada),806R (Apprill),515F_806R,Illumina,MiSeq,2x150bp PE,Laragen,July_2019,Spring and fall 2018 Flyer cruise and paired ESP samples,CN18S
CN18SESPkoa_SC42,CN18SESPkoa_SC42_AA,Merged2018,,,,,,,,,,,,,,,,,,,,,,,,,,,,,,,,,,,,,,eCruises_2018,Makai,CN18Sc15_2_eDNA,2018.0,Spring,20180607.0,Makai,AUV,ESP,Exp,,310.0,300-500,15.0,200.0,8.57032722,34.02819963,2.323526505,2-2.9,25.8382,0.080470672,0.1351,36.98,36.5-37,-122.5313,,,,,,1000.0,PVDF,0.22,V4,515F (Parada),806R (Apprill),515F_806R,Illumina,MiSeq,2x150bp PE,Laragen,July_2019,Spring and fall 2018 Flyer cruise and paired ESP samples,CN18S
CN18SESPkoa_SC44,CN18SESPkoa_SC44_AA,Merged2018,,,,,,,,,,,,,,,,,,,,,,,,,,,,,,,,,,,,,,eCruises_2018,Makai,CN18Sc14_8_eDNA,2018.0,Spring,20180607.0,Makai,AUV,ESP,Exp,,200.0,100-300,14.0,30.0,11.01622571,33.7998778,6.145907252,6-6.9,26.4776,1.747639134,0.0366,36.9882,36.5-37,-122.5198,,,,,,1000.0,PVDF,0.22,V4,515F (Parada),806R (Apprill),515F_806R,Illumina,MiSeq,2x150bp PE,Laragen,July_2019,Spring and fall 2018 Flyer cruise and paired ESP samples,CN18S
CN18SESPkoa_SC45,CN18SESPkoa_SC45_AA,Merged2018,,,,,,,,,,,,,,,,,,,,,,,,,,,,,,,,,,,,,,eCruises_2018,Makai,CN18Sc14_2_eDNA,2018.0,Spring,20180607.0,Makai,AUV,ESP,Exp,,200.0,100-300,14.0,200.0,8.418864762,34.06005362,2.122532881,2-2.9,26.0042,0.085174884,0.0501,36.9882,36.5-37,-122.5198,,,,,,1000.0,PVDF,0.22,V4,515F (Parada),806R (Apprill),515F_806R,Illumina,MiSeq,2x150bp PE,Laragen,July_2019,Spring and fall 2018 Flyer cruise and paired ESP samples,CN18S
CN18SESPkoa_SC47,CN18SESPkoa_SC47_AA,Merged2018,,,,,,,,,,,,,,,,,,,,,,,,,,,,,,,,,,,,,,eCruises_2018,Makai,CN18Sc10_2_eDNA,2018.0,Spring,20180606.0,Makai,AUV,ESP,Exp,,290.0,100-300,10.0,200.0,8.405669543,34.0578001,2.144559356,2-2.9,26.4628,0.079528255,0.036,36.9783,36.5-37,-122.5182,,,,,,1000.0,PVDF,0.22,V4,515F (Parada),806R (Apprill),515F_806R,Illumina,MiSeq,2x150bp PE,Laragen,July_2019,Spring and fall 2018 Flyer cruise and paired ESP samples,CN18S
Lasker18Sc145_5,Lasker18Sc145_5_D0220_UU,Merged2018,70.0,D0220,UU70,UU70_TCGACGAG,TCGACGAG,ACACTGACGACATGGTTCTACAGTACACACCGCCCGTC,TACGGTAGCAGAGACTTGGTCTTGATCCTTCTGCAGGTTCACCTAC,environmental,18S,70.0,Lasker18Sc145_5_D0220_S40_L001_R1_001.fastq.gz,Lasker18Sc145_5_D0220_S40_L001_R2_001.fastq.gz,marine biome  (ENVO:00000447),coastal water (ENVO:00001250),waterborne particulate matter (ENVO:01000436),mimarks survey,USA:California:Monterey Bay,0.22um,Poretics,LASKER2018,MB8,5.0,100.0,Monterey Inside (day),Project_Overview_Lasker_2018,LASKER,36.98694444,-122.5236111,10.0,Lasker18,2018.0,6.0,9.0,6/9/18,2018-06-09 18:02:00,UU,Lasker18Sc145_5_D0220,,,,,,,,,,,,,,,,,,,,,,,,,,,,,,,,,,,,,,,,,,,,Lasker
Lasker18Sc145_3,Lasker18Sc145_3_D0219_UU,Merged2018,69.0,D0219,UU69,UU69_ACGTCTCG,ACGTCTCG,ACACTGACGACATGGTTCTACAGTACACACCGCCCGTC,TACGGTAGCAGAGACTTGGTCTTGATCCTTCTGCAGGTTCACCTAC,environmental,18S,69.0,Lasker18Sc145_3_D0219_S10_L001_R1_001.fastq.gz,Lasker18Sc145_3_D0219_S10_L001_R2_001.fastq.gz,marine biome  (ENVO:00000447),coastal water (ENVO:00001250),waterborne particulate matter (ENVO:01000436),mimarks survey,USA:California:Monterey Bay,0.22um,Poretics,LASKER2018,MB8,3.0,100.0,Monterey Inside (day),Project_Overview_Lasker_2018,LASKER,36.98694444,-122.5236111,10.0,Lasker18,2018.0,6.0,9.0,6/9/18,2018-06-09 18:02:00,UU,Lasker18Sc145_3_D0219,,,,,,,,,,,,,,,,,,,,,,,,,,,,,,,,,,,,,,,,,,,,Lasker
Lasker18Sc145_19,Lasker18Sc145_19_D0225_UU,Merged2018,72.0,D0225,UU72,UU72_GTCAGATA,GTCAGATA,ACACTGACGACATGGTTCTACAGTACACACCGCCCGTC,TACGGTAGCAGAGACTTGGTCTTGATCCTTCTGCAGGTTCACCTAC,environmental,18S,72.0,Lasker18Sc145_19_D0225_S92_L001_R1_001.fastq.gz,Lasker18Sc145_19_D0225_S92_L001_R2_001.fastq.gz,marine biome  (ENVO:00000447),coastal water (ENVO:00001250),waterborne particulate matter (ENVO:01000436),mimarks survey,USA:California:Monterey Bay,0.22um,Poretics,LASKER2018,MB8,19.0,10.0,Monterey Inside (day),Project_Overview_Lasker_2018,LASKER,36.98694444,-122.5236111,10.0,Lasker18,2018.0,6.0,9.0,6/9/18,2018-06-09 18:02:00,UU,Lasker18Sc145_19_D0225,,,,,,,,,,,,,,,,,,,,,,,,,,,,,,,,,,,,,,,,,,,,Lasker
Lasker18Sc145_17,Lasker18Sc145_17_D0224_UU,Merged2018,71.0,D0224,UU71,UU71_GATCGTGT,GATCGTGT,ACACTGACGACATGGTTCTACAGTACACACCGCCCGTC,TACGGTAGCAGAGACTTGGTCTTGATCCTTCTGCAGGTTCACCTAC,environmental,18S,71.0,Lasker18Sc145_17_D0224_S69_L001_R1_001.fastq.gz,Lasker18Sc145_17_D0224_S69_L001_R2_001.fastq.gz,marine biome  (ENVO:00000447),coastal water (ENVO:00001250),waterborne particulate matter (ENVO:01000436),mimarks survey,USA:California:Monterey Bay,0.22um,Poretics,LASKER2018,MB8,17.0,10.0,Monterey Inside (day),Project_Overview_Lasker_2018,LASKER,36.98694444,-122.5236111,10.0,Lasker18,2018.0,6.0,9.0,6/9/18,2018-06-09 18:02:00,UU,Lasker18Sc145_17_D0224,,,,,,,,,,,,,,,,,,,,,,,,,,,,,,,,,,,,,,,,,,,,Lasker
Lasker18Sc135_19,Lasker18Sc135_19_D0174_UU,Merged2018,68.0,D0174,UU68,UU68_TACGAGAC,TACGAGAC,ACACTGACGACATGGTTCTACAGTACACACCGCCCGTC,TACGGTAGCAGAGACTTGGTCTTGATCCTTCTGCAGGTTCACCTAC,environmental,18S,68.0,Lasker18Sc135_19_D0174_S77_L001_R1_001.fastq.gz,Lasker18Sc135_19_D0174_S77_L001_R2_001.fastq.gz,marine biome  (ENVO:00000447),coastal water (ENVO:00001250),waterborne particulate matter (ENVO:01000436),mimarks survey,USA:California:Monterey Bay,0.22um,Poretics,LASKER2018,127,19.0,10.0,Davenport (dawn),Project_Overview_Lasker_2018,LASKER,37.00888889,-122.8005556,4.0,Lasker18,2018.0,6.0,8.0,6/8/18,2018-06-08 12:39:00,UU,Lasker18Sc135_19_D0174,,,,,,,,,,,,,,,,,,,,,,,,,,,,,,,,,,,,,,,,,,,,Lasker
Lasker18Sc135_17,Lasker18Sc135_17_D0173_UU,Merged2018,67.0,D0173,UU67,UU67_AGAGTCAC,AGAGTCAC,ACACTGACGACATGGTTCTACAGTACACACCGCCCGTC,TACGGTAGCAGAGACTTGGTCTTGATCCTTCTGCAGGTTCACCTAC,environmental,18S,67.0,Lasker18Sc135_17_D0173_S45_L001_R1_001.fastq.gz,Lasker18Sc135_17_D0173_S45_L001_R2_001.fastq.gz,marine biome  (ENVO:00000447),coastal water (ENVO:00001250),waterborne particulate matter (ENVO:01000436),mimarks survey,USA:California:Monterey Bay,0.22um,Poretics,LASKER2018,127,17.0,10.0,Davenport (dawn),Project_Overview_Lasker_2018,LASKER,37.00888889,-122.8005556,4.0,Lasker18,2018.0,6.0,8.0,6/8/18,2018-06-08 12:39:00,UU,Lasker18Sc135_17_D0173,,,,,,,,,,,,,,,,,,,,,,,,,,,,,,,,,,,,,,,,,,,,Lasker
Lasker18Sc134_17,Lasker18Sc134_17_D0163_UU,Merged2018,65.0,D0163,UU65,UU65_CTACTATA,CTACTATA,ACACTGACGACATGGTTCTACAGTACACACCGCCCGTC,TACGGTAGCAGAGACTTGGTCTTGATCCTTCTGCAGGTTCACCTAC,environmental,18S,65.0,Lasker18Sc134_17_D0163_S51_L001_R1_001.fastq.gz,Lasker18Sc134_17_D0163_S51_L001_R2_001.fastq.gz,marine biome  (ENVO:00000447),coastal water (ENVO:00001250),waterborne particulate matter (ENVO:01000436),mimarks survey,USA:California:Monterey Bay,0.22um,Poretics,LASKER2018,125,17.0,10.0,Davenport (midnight),Project_Overview_Lasker_2018,LASKER,36.99055556,-122.4558333,3.0,Lasker18,2018.0,6.0,8.0,6/8/18,2018-06-08 08:32:00,UU,Lasker18Sc134_17_D0163,,,,,,,,,,,,,,,,,,,,,,,,,,,,,,,,,,,,,,,,,,,,Lasker
Lasker18Sc134_3,Lasker18Sc134_3_D0158_UU,Merged2018,62.0,D0158,UU62,UU62_TCGACGAG,TCGACGAG,ACACTGACGACATGGTTCTACAGTACACACCGCCCGTC,TACGGTAGCAGAGACTTGGTCTTGATCCTTCTGCAGGTTCACCTAC,environmental,18S,62.0,Lasker18Sc134_3_D0158_S53_L001_R1_001.fastq.gz,Lasker18Sc134_3_D0158_S53_L001_R2_001.fastq.gz,marine biome  (ENVO:00000447),coastal water (ENVO:00001250),waterborne particulate matter (ENVO:01000436),mimarks survey,USA:California:Monterey Bay,0.22um,Poretics,LASKER2018,125,3.0,50.0,Davenport (midnight),Project_Overview_Lasker_2018,LASKER,36.99055556,-122.4558333,3.0,Lasker18,2018.0,6.0,8.0,6/8/18,2018-06-08 08:32:00,UU,Lasker18Sc134_3_D0158,,,,,,,,,,,,,,,,,,,,,,,,,,,,,,,,,,,,,,,,,,,,Lasker
Lasker18Sc134_19,Lasker18Sc134_19_D0164_UU,Merged2018,66.0,D0164,UU66,UU66_CGTTACTA,CGTTACTA,ACACTGACGACATGGTTCTACAGTACACACCGCCCGTC,TACGGTAGCAGAGACTTGGTCTTGATCCTTCTGCAGGTTCACCTAC,environmental,18S,66.0,Lasker18Sc134_19_D0164_S60_L001_R1_001.fastq.gz,Lasker18Sc134_19_D0164_S60_L001_R2_001.fastq.gz,marine biome  (ENVO:00000447),coastal water (ENVO:00001250),waterborne particulate matter (ENVO:01000436),mimarks survey,USA:California:Monterey Bay,0.22um,Poretics,LASKER2018,125,19.0,10.0,Davenport (midnight),Project_Overview_Lasker_2018,LASKER,36.99055556,-122.4558333,3.0,Lasker18,2018.0,6.0,8.0,6/8/18,2018-06-08 08:32:00,UU,Lasker18Sc134_19_D0164,,,,,,,,,,,,,,,,,,,,,,,,,,,,,,,,,,,,,,,,,,,,Lasker
Lasker18Sc133_5,Lasker18Sc133_5_D0148_UU,Merged2018,59.0,D0148,UU59,UU59_AGAGTCAC,AGAGTCAC,ACACTGACGACATGGTTCTACAGTACACACCGCCCGTC,TACGGTAGCAGAGACTTGGTCTTGATCCTTCTGCAGGTTCACCTAC,environmental,18S,59.0,Lasker18Sc133_5_D0148_S13_L001_R1_001.fastq.gz,Lasker18Sc133_5_D0148_S13_L001_R2_001.fastq.gz,marine biome  (ENVO:00000447),coastal water (ENVO:00001250),waterborne particulate matter (ENVO:01000436),mimarks survey,USA:California:Monterey Bay,0.22um,Poretics,LASKER2018,123,5.0,70.0,Davenport (dusk),Project_Overview_Lasker_2018,LASKER,36.99527778,-122.5186111,3.0,Lasker18,2018.0,6.0,7.0,6/7/18,2018-06-07 02:36:00,UU,Lasker18Sc133_5_D0148,,,,,,,,,,,,,,,,,,,,,,,,,,,,,,,,,,,,,,,,,,,,Lasker
Lasker18Sc133_3,Lasker18Sc133_3_D0147_UU,Merged2018,58.0,D0147,UU58,UU58_CGTTACTA,CGTTACTA,ACACTGACGACATGGTTCTACAGTACACACCGCCCGTC,TACGGTAGCAGAGACTTGGTCTTGATCCTTCTGCAGGTTCACCTAC,environmental,18S,58.0,Lasker18Sc133_3_D0147_S74_L001_R1_001.fastq.gz,Lasker18Sc133_3_D0147_S74_L001_R2_001.fastq.gz,marine biome  (ENVO:00000447),coastal water (ENVO:00001250),waterborne particulate matter (ENVO:01000436),mimarks survey,USA:California:Monterey Bay,0.22um,Poretics,LASKER2018,123,3.0,70.0,Davenport (dusk),Project_Overview_Lasker_2018,LASKER,36.99527778,-122.5186111,3.0,Lasker18,2018.0,6.0,7.0,6/7/18,2018-06-07 02:36:00,UU,Lasker18Sc133_3_D0147,,,,,,,,,,,,,,,,,,,,,,,,,,,,,,,,,,,,,,,,,,,,Lasker
Lasker18Sc150_17,Lasker18Sc150_17_D0234_UU,Merged2018,75.0,D0234,UU75,UU75_AGAGTCAC,AGAGTCAC,ACACTGACGACATGGTTCTACAGTACACACCGCCCGTC,TACGGTAGCAGAGACTTGGTCTTGATCCTTCTGCAGGTTCACCTAC,environmental,18S,75.0,Lasker18Sc150_17_D0234_S36_L001_R1_001.fastq.gz,Lasker18Sc150_17_D0234_S36_L001_R2_001.fastq.gz,marine biome  (ENVO:00000447),coastal water (ENVO:00001250),waterborne particulate matter (ENVO:01000436),mimarks survey,USA:California:Monterey Bay,0.22um,Poretics,LASKER2018,119,17.0,10.0,Monterey Inside (dusk),Project_Overview_Lasker_2018,LASKER,36.85194444,-121.9911111,8.0,Lasker18,2018.0,6.0,9.0,6/9/18,2018-06-09 02:49:00,UU,Lasker18Sc150_17_D0234,,,,,,,,,,,,,,,,,,,,,,,,,,,,,,,,,,,,,,,,,,,,Lasker
Lasker18Sc133_19,Lasker18Sc133_19_D0153_UU,Merged2018,61.0,D0153,UU61,UU61_ACGTCTCG,ACGTCTCG,ACACTGACGACATGGTTCTACAGTACACACCGCCCGTC,TACGGTAGCAGAGACTTGGTCTTGATCCTTCTGCAGGTTCACCTAC,environmental,18S,61.0,Lasker18Sc133_19_D0153_S57_L001_R1_001.fastq.gz,Lasker18Sc133_19_D0153_S57_L001_R2_001.fastq.gz,marine biome  (ENVO:00000447),coastal water (ENVO:00001250),waterborne particulate matter (ENVO:01000436),mimarks survey,USA:California:Monterey Bay,0.22um,Poretics,LASKER2018,123,19.0,10.0,Davenport (dusk),Project_Overview_Lasker_2018,LASKER,36.99527778,-122.5186111,3.0,Lasker18,2018.0,6.0,7.0,6/7/18,2018-06-07 02:36:00,UU,Lasker18Sc133_19_D0153,,,,,,,,,,,,,,,,,,,,,,,,,,,,,,,,,,,,,,,,,,,,Lasker
Lasker18Sc134_5,Lasker18Sc134_5_D0159_UU,Merged2018,63.0,D0159,UU63,UU63_GATCGTGT,GATCGTGT,ACACTGACGACATGGTTCTACAGTACACACCGCCCGTC,TACGGTAGCAGAGACTTGGTCTTGATCCTTCTGCAGGTTCACCTAC,environmental,18S,63.0,Lasker18Sc134_5_D0159_S30_L001_R1_001.fastq.gz,Lasker18Sc134_5_D0159_S30_L001_R2_001.fastq.gz,marine biome  (ENVO:00000447),coastal water (ENVO:00001250),waterborne particulate matter (ENVO:01000436),mimarks survey,USA:California:Monterey Bay,0.22um,Poretics,LASKER2018,125,5.0,50.0,Davenport (midnight),Project_Overview_Lasker_2018,LASKER,36.99055556,-122.4558333,3.0,Lasker18,2018.0,6.0,8.0,6/8/18,2018-06-08 08:32:00,UU,Lasker18Sc134_5_D0159,,,,,,,,,,,,,,,,,,,,,,,,,,,,,,,,,,,,,,,,,,,,Lasker
Lasker18Sc150_19,Lasker18Sc150_19_D0235_UU,Merged2018,76.0,D0235,UU76,UU76_TACGAGAC,TACGAGAC,ACACTGACGACATGGTTCTACAGTACACACCGCCCGTC,TACGGTAGCAGAGACTTGGTCTTGATCCTTCTGCAGGTTCACCTAC,environmental,18S,76.0,Lasker18Sc150_19_D0235_S33_L001_R1_001.fastq.gz,Lasker18Sc150_19_D0235_S33_L001_R2_001.fastq.gz,marine biome  (ENVO:00000447),coastal water (ENVO:00001250),waterborne particulate matter (ENVO:01000436),mimarks survey,USA:California:Monterey Bay,0.22um,Poretics,LASKER2018,119,19.0,10.0,Monterey Inside (dusk),Project_Overview_Lasker_2018,LASKER,36.85194444,-121.9911111,8.0,Lasker18,2018.0,6.0,9.0,6/9/18,2018-06-09 02:49:00,UU,Lasker18Sc150_19_D0235,,,,,,,,,,,,,,,,,,,,,,,,,,,,,,,,,,,,,,,,,,,,Lasker
Lasker18Sc153_3,Lasker18Sc153_3_D0250_UU,Merged2018,81.0,D0250,UU81,UU81_CTACTATA,CTACTATA,ACACTGACGACATGGTTCTACAGTACACACCGCCCGTC,TACGGTAGCAGAGACTTGGTCTTGATCCTTCTGCAGGTTCACCTAC,environmental,18S,81.0,Lasker18Sc153_3_D0250_S94_L001_R1_001.fastq.gz,Lasker18Sc153_3_D0250_S94_L001_R2_001.fastq.gz,marine biome  (ENVO:00000447),coastal water (ENVO:00001250),waterborne particulate matter (ENVO:01000436),mimarks survey,USA:California:Monterey Bay,0.22um,Poretics,LASKER2018,112,3.0,50.0,Monterey Inside (dawn),Project_Overview_Lasker_2018,LASKER,36.66888889,-121.9580556,7.0,Lasker18,2018.0,6.0,10.0,6/10/18,2018-06-10 12:59:00,UU,Lasker18Sc153_3_D0250,,,,,,,,,,,,,,,,,,,,,,,,,,,,,,,,,,,,,,,,,,,,Lasker
Lasker18Sc150_5,Lasker18Sc150_5_D0230_UU,Merged2018,74.0,D0230,UU74,UU74_CGTTACTA,CGTTACTA,ACACTGACGACATGGTTCTACAGTACACACCGCCCGTC,TACGGTAGCAGAGACTTGGTCTTGATCCTTCTGCAGGTTCACCTAC,environmental,18S,74.0,Lasker18Sc150_5_D0230_S46_L001_R1_001.fastq.gz,Lasker18Sc150_5_D0230_S46_L001_R2_001.fastq.gz,marine biome  (ENVO:00000447),coastal water (ENVO:00001250),waterborne particulate matter (ENVO:01000436),mimarks survey,USA:California:Monterey Bay,0.22um,Poretics,LASKER2018,119,5.0,50.0,Monterey Inside (dusk),Project_Overview_Lasker_2018,LASKER,36.85194444,-121.9911111,8.0,Lasker18,2018.0,6.0,9.0,6/9/18,2018-06-09 02:49:00,UU,Lasker18Sc150_5_D0230,,,,,,,,,,,,,,,,,,,,,,,,,,,,,,,,,,,,,,,,,,,,Lasker
Lasker18Sc158_19,Lasker18Sc158_19_D0276_UU,Merged2018,92.0,D0276,UU92,UU92_TACGAGAC,TACGAGAC,ACACTGACGACATGGTTCTACAGTACACACCGCCCGTC,TACGGTAGCAGAGACTTGGTCTTGATCCTTCTGCAGGTTCACCTAC,environmental,18S,92.0,Lasker18Sc158_19_D0276_S6_L001_R1_001.fastq.gz,Lasker18Sc158_19_D0276_S6_L001_R2_001.fastq.gz,marine biome  (ENVO:00000447),coastal water (ENVO:00001250),waterborne particulate matter (ENVO:01000436),mimarks survey,USA:California:Monterey Bay,0.22um,Poretics,LASKER2018,115,19.0,20.0,Monterey Inside 2 (dusk),Project_Overview_Lasker_2018,LASKER,36.71083333,-121.915,3.0,Lasker18,2018.0,6.0,10.0,6/10/18,2018-06-10 02:34:00,UU,Lasker18Sc158_19_D0276,,,,,,,,,,,,,,,,,,,,,,,,,,,,,,,,,,,,,,,,,,,,Lasker
Lasker18Sc158_17,Lasker18Sc158_17_D0275_UU,Merged2018,91.0,D0275,UU91,UU91_AGAGTCAC,AGAGTCAC,ACACTGACGACATGGTTCTACAGTACACACCGCCCGTC,TACGGTAGCAGAGACTTGGTCTTGATCCTTCTGCAGGTTCACCTAC,environmental,18S,91.0,Lasker18Sc158_17_D0275_S26_L001_R1_001.fastq.gz,Lasker18Sc158_17_D0275_S26_L001_R2_001.fastq.gz,marine biome  (ENVO:00000447),coastal water (ENVO:00001250),waterborne particulate matter (ENVO:01000436),mimarks survey,USA:California:Monterey Bay,0.22um,Poretics,LASKER2018,115,17.0,20.0,Monterey Inside 2 (dusk),Project_Overview_Lasker_2018,LASKER,36.71083333,-121.915,3.0,Lasker18,2018.0,6.0,10.0,6/10/18,2018-06-10 02:34:00,UU,Lasker18Sc158_17_D0275,,,,,,,,,,,,,,,,,,,,,,,,,,,,,,,,,,,,,,,,,,,,Lasker
Lasker18Sc154_5,Lasker18Sc154_5_D0261_UU,Merged2018,86.0,D0261,UU86,UU86_TCGACGAG,TCGACGAG,ACACTGACGACATGGTTCTACAGTACACACCGCCCGTC,TACGGTAGCAGAGACTTGGTCTTGATCCTTCTGCAGGTTCACCTAC,environmental,18S,86.0,Lasker18Sc154_5_D0261_S22_L001_R1_001.fastq.gz,Lasker18Sc154_5_D0261_S22_L001_R2_001.fastq.gz,marine biome  (ENVO:00000447),coastal water (ENVO:00001250),waterborne particulate matter (ENVO:01000436),mimarks survey,USA:California:Monterey Bay,0.22um,Poretics,LASKER2018,116,5.0,100.0,Monterey Inside 2 (day),Project_Overview_Lasker_2018,LASKER,36.7425,-121.9713889,20.0,Lasker18,2018.0,6.0,10.0,6/10/18,2018-06-10 20:08:00,UU,Lasker18Sc154_5_D0261,,,,,,,,,,,,,,,,,,,,,,,,,,,,,,,,,,,,,,,,,,,,Lasker
Lasker18Sc154_3,Lasker18Sc154_3_D0260_UU,Merged2018,85.0,D0260,UU85,UU85_ACGTCTCG,ACGTCTCG,ACACTGACGACATGGTTCTACAGTACACACCGCCCGTC,TACGGTAGCAGAGACTTGGTCTTGATCCTTCTGCAGGTTCACCTAC,environmental,18S,85.0,Lasker18Sc154_3_D0260_S85_L001_R1_001.fastq.gz,Lasker18Sc154_3_D0260_S85_L001_R2_001.fastq.gz,marine biome  (ENVO:00000447),coastal water (ENVO:00001250),waterborne particulate matter (ENVO:01000436),mimarks survey,USA:California:Monterey Bay,0.22um,Poretics,LASKER2018,116,3.0,100.0,Monterey Inside 2 (day),Project_Overview_Lasker_2018,LASKER,36.7425,-121.9713889,20.0,Lasker18,2018.0,6.0,10.0,6/10/18,2018-06-10 20:08:00,UU,Lasker18Sc154_3_D0260,,,,,,,,,,,,,,,,,,,,,,,,,,,,,,,,,,,,,,,,,,,,Lasker
Lasker18Sc154_19,Lasker18Sc154_19_D0266_UU,Merged2018,88.0,D0266,UU88,UU88_GTCAGATA,GTCAGATA,ACACTGACGACATGGTTCTACAGTACACACCGCCCGTC,TACGGTAGCAGAGACTTGGTCTTGATCCTTCTGCAGGTTCACCTAC,environmental,18S,88.0,Lasker18Sc154_19_D0266_S34_L001_R1_001.fastq.gz,Lasker18Sc154_19_D0266_S34_L001_R2_001.fastq.gz,marine biome  (ENVO:00000447),coastal water (ENVO:00001250),waterborne particulate matter (ENVO:01000436),mimarks survey,USA:California:Monterey Bay,0.22um,Poretics,LASKER2018,116,19.0,10.0,Monterey Inside 2 (day),Project_Overview_Lasker_2018,LASKER,36.7425,-121.9713889,20.0,Lasker18,2018.0,6.0,10.0,6/10/18,2018-06-10 20:08:00,UU,Lasker18Sc154_19_D0266,,,,,,,,,,,,,,,,,,,,,,,,,,,,,,,,,,,,,,,,,,,,Lasker
Lasker18Sc154_17,Lasker18Sc154_17_D0265_UU,Merged2018,87.0,D0265,UU87,UU87_GATCGTGT,GATCGTGT,ACACTGACGACATGGTTCTACAGTACACACCGCCCGTC,TACGGTAGCAGAGACTTGGTCTTGATCCTTCTGCAGGTTCACCTAC,environmental,18S,87.0,Lasker18Sc154_17_D0265_S48_L001_R1_001.fastq.gz,Lasker18Sc154_17_D0265_S48_L001_R2_001.fastq.gz,marine biome  (ENVO:00000447),coastal water (ENVO:00001250),waterborne particulate matter (ENVO:01000436),mimarks survey,USA:California:Monterey Bay,0.22um,Poretics,LASKER2018,116,17.0,10.0,Monterey Inside 2 (day),Project_Overview_Lasker_2018,LASKER,36.7425,-121.9713889,20.0,Lasker18,2018.0,6.0,10.0,6/10/18,2018-06-10 20:08:00,UU,Lasker18Sc154_17_D0265,,,,,,,,,,,,,,,,,,,,,,,,,,,,,,,,,,,,,,,,,,,,Lasker
Lasker18Sc150_3,Lasker18Sc150_3_D0229_UU,Merged2018,73.0,D0229,UU73,UU73_CTACTATA,CTACTATA,ACACTGACGACATGGTTCTACAGTACACACCGCCCGTC,TACGGTAGCAGAGACTTGGTCTTGATCCTTCTGCAGGTTCACCTAC,environmental,18S,73.0,Lasker18Sc150_3_D0229_S66_L001_R1_001.fastq.gz,Lasker18Sc150_3_D0229_S66_L001_R2_001.fastq.gz,marine biome  (ENVO:00000447),coastal water (ENVO:00001250),waterborne particulate matter (ENVO:01000436),mimarks survey,USA:California:Monterey Bay,0.22um,Poretics,LASKER2018,119,3.0,50.0,Monterey Inside (dusk),Project_Overview_Lasker_2018,LASKER,36.85194444,-121.9911111,8.0,Lasker18,2018.0,6.0,9.0,6/9/18,2018-06-09 02:49:00,UU,Lasker18Sc150_3_D0229,,,,,,,,,,,,,,,,,,,,,,,,,,,,,,,,,,,,,,,,,,,,Lasker
Lasker18Sc153_5,Lasker18Sc153_5_D0251_UU,Merged2018,82.0,D0251,UU82,UU82_CGTTACTA,CGTTACTA,ACACTGACGACATGGTTCTACAGTACACACCGCCCGTC,TACGGTAGCAGAGACTTGGTCTTGATCCTTCTGCAGGTTCACCTAC,environmental,18S,82.0,Lasker18Sc153_5_D0251_S49_L001_R1_001.fastq.gz,Lasker18Sc153_5_D0251_S49_L001_R2_001.fastq.gz,marine biome  (ENVO:00000447),coastal water (ENVO:00001250),waterborne particulate matter (ENVO:01000436),mimarks survey,USA:California:Monterey Bay,0.22um,Poretics,LASKER2018,112,5.0,50.0,Monterey Inside (dawn),Project_Overview_Lasker_2018,LASKER,36.66888889,-121.9580556,7.0,Lasker18,2018.0,6.0,10.0,6/10/18,2018-06-10 12:59:00,UU,Lasker18Sc153_5_D0251,,,,,,,,,,,,,,,,,,,,,,,,,,,,,,,,,,,,,,,,,,,,Lasker
Lasker18Sc153_19,Lasker18Sc153_19_D0256_UU,Merged2018,84.0,D0256,UU84,UU84_TACGAGAC,TACGAGAC,ACACTGACGACATGGTTCTACAGTACACACCGCCCGTC,TACGGTAGCAGAGACTTGGTCTTGATCCTTCTGCAGGTTCACCTAC,environmental,18S,84.0,Lasker18Sc153_19_D0256_S79_L001_R1_001.fastq.gz,Lasker18Sc153_19_D0256_S79_L001_R2_001.fastq.gz,marine biome  (ENVO:00000447),coastal water (ENVO:00001250),waterborne particulate matter (ENVO:01000436),mimarks survey,USA:California:Monterey Bay,0.22um,Poretics,LASKER2018,112,19.0,6.0,Monterey Inside (dawn),Project_Overview_Lasker_2018,LASKER,36.66888889,-121.9580556,7.0,Lasker18,2018.0,6.0,10.0,6/10/18,2018-06-10 12:59:00,UU,Lasker18Sc153_19_D0256,,,,,,,,,,,,,,,,,,,,,,,,,,,,,,,,,,,,,,,,,,,,Lasker
Lasker18Sc153_17,Lasker18Sc153_17_D0255_UU,Merged2018,83.0,D0255,UU83,UU83_AGAGTCAC,AGAGTCAC,ACACTGACGACATGGTTCTACAGTACACACCGCCCGTC,TACGGTAGCAGAGACTTGGTCTTGATCCTTCTGCAGGTTCACCTAC,environmental,18S,83.0,Lasker18Sc153_17_D0255_S19_L001_R1_001.fastq.gz,Lasker18Sc153_17_D0255_S19_L001_R2_001.fastq.gz,marine biome  (ENVO:00000447),coastal water (ENVO:00001250),waterborne particulate matter (ENVO:01000436),mimarks survey,USA:California:Monterey Bay,0.22um,Poretics,LASKER2018,112,17.0,6.0,Monterey Inside (dawn),Project_Overview_Lasker_2018,LASKER,36.66888889,-121.9580556,7.0,Lasker18,2018.0,6.0,10.0,6/10/18,2018-06-10 12:59:00,UU,Lasker18Sc153_17_D0255,,,,,,,,,,,,,,,,,,,,,,,,,,,,,,,,,,,,,,,,,,,,Lasker
Lasker18Sc151_5,Lasker18Sc151_5_D0241_UU,Merged2018,78.0,D0241,UU78,UU78_TCGACGAG,TCGACGAG,ACACTGACGACATGGTTCTACAGTACACACCGCCCGTC,TACGGTAGCAGAGACTTGGTCTTGATCCTTCTGCAGGTTCACCTAC,environmental,18S,78.0,Lasker18Sc151_5_D0241_S96_L001_R1_001.fastq.gz,Lasker18Sc151_5_D0241_S96_L001_R2_001.fastq.gz,marine biome  (ENVO:00000447),coastal water (ENVO:00001250),waterborne particulate matter (ENVO:01000436),mimarks survey,USA:California:Monterey Bay,0.22um,Poretics,LASKER2018,114,5.0,100.0,Monterey Inside (midnight),Project_Overview_Lasker_2018,LASKER,36.79138889,-121.9022222,20.0,Lasker18,2018.0,6.0,10.0,6/10/18,2018-06-10 07:53:00,UU,Lasker18Sc151_5_D0241,,,,,,,,,,,,,,,,,,,,,,,,,,,,,,,,,,,,,,,,,,,,Lasker
Lasker18Sc151_3,Lasker18Sc151_3_D0240_UU,Merged2018,77.0,D0240,UU77,UU77_ACGTCTCG,ACGTCTCG,ACACTGACGACATGGTTCTACAGTACACACCGCCCGTC,TACGGTAGCAGAGACTTGGTCTTGATCCTTCTGCAGGTTCACCTAC,environmental,18S,77.0,Lasker18Sc151_3_D0240_S68_L001_R1_001.fastq.gz,Lasker18Sc151_3_D0240_S68_L001_R2_001.fastq.gz,marine biome  (ENVO:00000447),coastal water (ENVO:00001250),waterborne particulate matter (ENVO:01000436),mimarks survey,USA:California:Monterey Bay,0.22um,Poretics,LASKER2018,114,3.0,100.0,Monterey Inside (midnight),Project_Overview_Lasker_2018,LASKER,36.79138889,-121.9022222,20.0,Lasker18,2018.0,6.0,10.0,6/10/18,2018-06-10 07:53:00,UU,Lasker18Sc151_3_D0240,,,,,,,,,,,,,,,,,,,,,,,,,,,,,,,,,,,,,,,,,,,,Lasker
Lasker18Sc151_19,Lasker18Sc151_19_D0246_UU,Merged2018,80.0,D0246,UU80,UU80_GTCAGATA,GTCAGATA,ACACTGACGACATGGTTCTACAGTACACACCGCCCGTC,TACGGTAGCAGAGACTTGGTCTTGATCCTTCTGCAGGTTCACCTAC,environmental,18S,80.0,Lasker18Sc151_19_D0246_S83_L001_R1_001.fastq.gz,Lasker18Sc151_19_D0246_S83_L001_R2_001.fastq.gz,marine biome  (ENVO:00000447),coastal water (ENVO:00001250),waterborne particulate matter (ENVO:01000436),mimarks survey,USA:California:Monterey Bay,0.22um,Poretics,LASKER2018,114,19.0,10.0,Monterey Inside (midnight),Project_Overview_Lasker_2018,LASKER,36.79138889,-121.9022222,20.0,Lasker18,2018.0,6.0,10.0,6/10/18,2018-06-10 07:53:00,UU,Lasker18Sc151_19_D0246,,,,,,,,,,,,,,,,,,,,,,,,,,,,,,,,,,,,,,,,,,,,Lasker
Lasker18Sc151_17,Lasker18Sc151_17_D0245_UU,Merged2018,79.0,D0245,UU79,UU79_GATCGTGT,GATCGTGT,ACACTGACGACATGGTTCTACAGTACACACCGCCCGTC,TACGGTAGCAGAGACTTGGTCTTGATCCTTCTGCAGGTTCACCTAC,environmental,18S,79.0,Lasker18Sc151_17_D0245_S63_L001_R1_001.fastq.gz,Lasker18Sc151_17_D0245_S63_L001_R2_001.fastq.gz,marine biome  (ENVO:00000447),coastal water (ENVO:00001250),waterborne particulate matter (ENVO:01000436),mimarks survey,USA:California:Monterey Bay,0.22um,Poretics,LASKER2018,114,17.0,10.0,Monterey Inside (midnight),Project_Overview_Lasker_2018,LASKER,36.79138889,-121.9022222,20.0,Lasker18,2018.0,6.0,10.0,6/10/18,2018-06-10 07:53:00,UU,Lasker18Sc151_17_D0245,,,,,,,,,,,,,,,,,,,,,,,,,,,,,,,,,,,,,,,,,,,,Lasker
Lasker18Sc133_17,Lasker18Sc133_17_D0152_UU,Merged2018,60.0,D0152,UU60,UU60_TACGAGAC,TACGAGAC,ACACTGACGACATGGTTCTACAGTACACACCGCCCGTC,TACGGTAGCAGAGACTTGGTCTTGATCCTTCTGCAGGTTCACCTAC,environmental,18S,60.0,Lasker18Sc133_17_D0152_S58_L001_R1_001.fastq.gz,Lasker18Sc133_17_D0152_S58_L001_R2_001.fastq.gz,marine biome  (ENVO:00000447),coastal water (ENVO:00001250),waterborne particulate matter (ENVO:01000436),mimarks survey,USA:California:Monterey Bay,0.22um,Poretics,LASKER2018,123,17.0,10.0,Davenport (dusk),Project_Overview_Lasker_2018,LASKER,36.99527778,-122.5186111,3.0,Lasker18,2018.0,6.0,7.0,6/7/18,2018-06-07 02:36:00,UU,Lasker18Sc133_17_D0152,,,,,,,,,,,,,,,,,,,,,,,,,,,,,,,,,,,,,,,,,,,,Lasker
Lasker18Sc132_5,Lasker18Sc132_5_D0138_UU,Merged2018,55.0,D0138,UU55,UU55_GATCGTGT,GATCGTGT,ACACTGACGACATGGTTCTACAGTACACACCGCCCGTC,TACGGTAGCAGAGACTTGGTCTTGATCCTTCTGCAGGTTCACCTAC,environmental,18S,55.0,Lasker18Sc132_5_D0138_S91_L001_R1_001.fastq.gz,Lasker18Sc132_5_D0138_S91_L001_R2_001.fastq.gz,marine biome  (ENVO:00000447),coastal water (ENVO:00001250),waterborne particulate matter (ENVO:01000436),mimarks survey,USA:California:Monterey Bay,0.22um,Poretics,LASKER2018,MB1,5.0,100.0,Davenport (day),Project_Overview_Lasker_2018,LASKER,36.99583333,-122.5180556,13.0,Lasker18,2018.0,6.0,7.0,6/7/18,2018-06-07 19:21:00,UU,Lasker18Sc132_5_D0138,,,,,,,,,,,,,,,,,,,,,,,,,,,,,,,,,,,,,,,,,,,,Lasker
Lasker18Sc129_19,Lasker18Sc129_19_D0122_UU,Merged2018,49.0,D0122,UU49,UU49_CTACTATA,CTACTATA,ACACTGACGACATGGTTCTACAGTACACACCGCCCGTC,TACGGTAGCAGAGACTTGGTCTTGATCCTTCTGCAGGTTCACCTAC,environmental,18S,49.0,Lasker18Sc129_19_D0122_S31_L001_R1_001.fastq.gz,Lasker18Sc129_19_D0122_S31_L001_R2_001.fastq.gz,marine biome  (ENVO:00000447),coastal water (ENVO:00001250),waterborne particulate matter (ENVO:01000436),mimarks survey,USA:California:SB Channel Islands,0.22um,Poretics,LASKER2018,414,19.0,8.0,San Nicholas (dawn),Project_Overview_Lasker_2018,LASKER,33.40777778,-119.8102778,7.0,Lasker18,2018.0,6.0,6.0,6/6/18,2018-06-06 12:31:00,UU,Lasker18Sc129_19_D0122,,,,,,,,,,,,,,,,,,,,,,,,,,,,,,,,,,,,,,,,,,,,Lasker
Lasker18Sc132_19,Lasker18Sc132_19_D0143_UU,Merged2018,57.0,D0143,UU57,UU57_CTACTATA,CTACTATA,ACACTGACGACATGGTTCTACAGTACACACCGCCCGTC,TACGGTAGCAGAGACTTGGTCTTGATCCTTCTGCAGGTTCACCTAC,environmental,18S,57.0,Lasker18Sc132_19_D0143_S54_L001_R1_001.fastq.gz,Lasker18Sc132_19_D0143_S54_L001_R2_001.fastq.gz,marine biome  (ENVO:00000447),coastal water (ENVO:00001250),waterborne particulate matter (ENVO:01000436),mimarks survey,USA:California:Monterey Bay,0.22um,Poretics,LASKER2018,MB1,19.0,10.0,Davenport (day),Project_Overview_Lasker_2018,LASKER,36.99583333,-122.5180556,13.0,Lasker18,2018.0,6.0,7.0,6/7/18,2018-06-07 19:21:00,UU,Lasker18Sc132_19_D0143,,,,,,,,,,,,,,,,,,,,,,,,,,,,,,,,,,,,,,,,,,,,Lasker
Lasker18Sc126_17,Lasker18Sc126_17_D0090_UU,Merged2018,37.0,D0090,UU37,UU37_ACGTCTCG,ACGTCTCG,ACACTGACGACATGGTTCTACAGTACACACCGCCCGTC,TACGGTAGCAGAGACTTGGTCTTGATCCTTCTGCAGGTTCACCTAC,environmental,18S,37.0,Lasker18Sc126_17_D0090_S82_L001_R1_001.fastq.gz,Lasker18Sc126_17_D0090_S82_L001_R2_001.fastq.gz,marine biome  (ENVO:00000447),coastal water (ENVO:00001250),waterborne particulate matter (ENVO:01000436),mimarks survey,USA:California:SB Channel Islands,0.22um,Poretics,LASKER2018,4002,17.0,4.0,San Nicholas (day),Project_Overview_Lasker_2018,LASKER,33.40027778,-119.405,21.0,Lasker18,2018.0,6.0,5.0,6/5/18,2018-06-05 17:20:07,UU,Lasker18Sc126_17_D0090,,,,,,,,,,,,,,,,,,,,,,,,,,,,,,,,,,,,,,,,,,,,Lasker
Lasker18Sc124_5,Lasker18Sc124_5_D0074_UU,Merged2018,31.0,D0074,UU31,UU31_GATCGTGT,GATCGTGT,ACACTGACGACATGGTTCTACAGTACACACCGCCCGTC,TACGGTAGCAGAGACTTGGTCTTGATCCTTCTGCAGGTTCACCTAC,environmental,18S,31.0,Lasker18Sc124_5_D0074_S17_L001_R1_001.fastq.gz,Lasker18Sc124_5_D0074_S17_L001_R2_001.fastq.gz,marine biome  (ENVO:00000447),coastal water (ENVO:00001250),waterborne particulate matter (ENVO:01000436),mimarks survey,USA:California:SB Channel Islands,0.22um,Poretics,LASKER2018,401,5.0,100.0,San Clemente (dusk),Project_Overview_Lasker_2018,LASKER,32.7175,-118.21,30.0,Lasker18,2018.0,6.0,4.0,6/4/18,2018-06-04 02:59:00,UU,Lasker18Sc124_5_D0074,,,,,,,,,,,,,,,,,,,,,,,,,,,,,,,,,,,,,,,,,,,,Lasker
Lasker18Sc124_3,Lasker18Sc124_3_D0073_UU,Merged2018,30.0,D0073,UU30,UU30_TCGACGAG,TCGACGAG,ACACTGACGACATGGTTCTACAGTACACACCGCCCGTC,TACGGTAGCAGAGACTTGGTCTTGATCCTTCTGCAGGTTCACCTAC,environmental,18S,30.0,Lasker18Sc124_3_D0073_S81_L001_R1_001.fastq.gz,Lasker18Sc124_3_D0073_S81_L001_R2_001.fastq.gz,marine biome  (ENVO:00000447),coastal water (ENVO:00001250),waterborne particulate matter (ENVO:01000436),mimarks survey,USA:California:SB Channel Islands,0.22um,Poretics,LASKER2018,401,3.0,100.0,San Clemente (dusk),Project_Overview_Lasker_2018,LASKER,32.7175,-118.21,30.0,Lasker18,2018.0,6.0,4.0,6/4/18,2018-06-04 02:59:00,UU,Lasker18Sc124_3_D0073,,,,,,,,,,,,,,,,,,,,,,,,,,,,,,,,,,,,,,,,,,,,Lasker
Lasker18Sc124_19,Lasker18Sc124_19_D0079_UU,Merged2018,34.0,D0079,UU34,UU34_CGTTACTA,CGTTACTA,ACACTGACGACATGGTTCTACAGTACACACCGCCCGTC,TACGGTAGCAGAGACTTGGTCTTGATCCTTCTGCAGGTTCACCTAC,environmental,18S,34.0,Lasker18Sc124_19_D0079_S20_L001_R1_001.fastq.gz,Lasker18Sc124_19_D0079_S20_L001_R2_001.fastq.gz,marine biome  (ENVO:00000447),coastal water (ENVO:00001250),waterborne particulate matter (ENVO:01000436),mimarks survey,USA:California:SB Channel Islands,0.22um,Poretics,LASKER2018,401,19.0,10.0,San Clemente (dusk),Project_Overview_Lasker_2018,LASKER,32.7175,-118.21,30.0,Lasker18,2018.0,6.0,4.0,6/4/18,2018-06-04 02:59:00,UU,Lasker18Sc124_19_D0079,,,,,,,,,,,,,,,,,,,,,,,,,,,,,,,,,,,,,,,,,,,,Lasker
Lasker18Sc124_17,Lasker18Sc124_17_D0078_UU,Merged2018,33.0,D0078,UU33,UU33_CTACTATA,CTACTATA,ACACTGACGACATGGTTCTACAGTACACACCGCCCGTC,TACGGTAGCAGAGACTTGGTCTTGATCCTTCTGCAGGTTCACCTAC,environmental,18S,33.0,Lasker18Sc124_17_D0078_S21_L001_R1_001.fastq.gz,Lasker18Sc124_17_D0078_S21_L001_R2_001.fastq.gz,marine biome  (ENVO:00000447),coastal water (ENVO:00001250),waterborne particulate matter (ENVO:01000436),mimarks survey,USA:California:SB Channel Islands,0.22um,Poretics,LASKER2018,401,17.0,10.0,San Clemente (dusk),Project_Overview_Lasker_2018,LASKER,32.7175,-118.21,30.0,Lasker18,2018.0,6.0,4.0,6/4/18,2018-06-04 02:59:00,UU,Lasker18Sc124_17_D0078,,,,,,,,,,,,,,,,,,,,,,,,,,,,,,,,,,,,,,,,,,,,Lasker
Lasker18Sc123_5,Lasker18Sc123_5_D0064_UU,Merged2018,27.0,D0064,UU27,UU27_AGAGTCAC,AGAGTCAC,ACACTGACGACATGGTTCTACAGTACACACCGCCCGTC,TACGGTAGCAGAGACTTGGTCTTGATCCTTCTGCAGGTTCACCTAC,environmental,18S,27.0,Lasker18Sc123_5_D0064_S84_L001_R1_001.fastq.gz,Lasker18Sc123_5_D0064_S84_L001_R2_001.fastq.gz,marine biome  (ENVO:00000447),coastal water (ENVO:00001250),waterborne particulate matter (ENVO:01000436),mimarks survey,USA:California:SB Channel Islands,0.22um,Poretics,LASKER2018,422,5.0,100.0,San Miguel (dawn),Project_Overview_Lasker_2018,LASKER,34.41,-120.3686111,16.0,Lasker18,2018.0,6.0,4.0,6/4/18,2018-06-04 13:50:00,UU,Lasker18Sc123_5_D0064,,,,,,,,,,,,,,,,,,,,,,,,,,,,,,,,,,,,,,,,,,,,Lasker
Lasker18Sc126_3,Lasker18Sc126_3_D0085_UU,Merged2018,35.0,D0085,UU35,UU35_AGAGTCAC,AGAGTCAC,ACACTGACGACATGGTTCTACAGTACACACCGCCCGTC,TACGGTAGCAGAGACTTGGTCTTGATCCTTCTGCAGGTTCACCTAC,environmental,18S,35.0,Lasker18Sc126_3_D0085_S44_L001_R1_001.fastq.gz,Lasker18Sc126_3_D0085_S44_L001_R2_001.fastq.gz,marine biome  (ENVO:00000447),coastal water (ENVO:00001250),waterborne particulate matter (ENVO:01000436),mimarks survey,USA:California:SB Channel Islands,0.22um,Poretics,LASKER2018,4002,3.0,100.0,San Nicholas (day),Project_Overview_Lasker_2018,LASKER,33.40027778,-119.405,21.0,Lasker18,2018.0,6.0,5.0,6/5/18,2018-06-05 17:20:07,UU,Lasker18Sc126_3_D0085,,,,,,,,,,,,,,,,,,,,,,,,,,,,,,,,,,,,,,,,,,,,Lasker
Lasker18Sc123_3,Lasker18Sc123_3_D0063_UU,Merged2018,26.0,D0063,UU26,UU26_CGTTACTA,CGTTACTA,ACACTGACGACATGGTTCTACAGTACACACCGCCCGTC,TACGGTAGCAGAGACTTGGTCTTGATCCTTCTGCAGGTTCACCTAC,environmental,18S,26.0,Lasker18Sc123_3_D0063_S56_L001_R1_001.fastq.gz,Lasker18Sc123_3_D0063_S56_L001_R2_001.fastq.gz,marine biome  (ENVO:00000447),coastal water (ENVO:00001250),waterborne particulate matter (ENVO:01000436),mimarks survey,USA:California:SB Channel Islands,0.22um,Poretics,LASKER2018,422,3.0,100.0,San Miguel (dawn),Project_Overview_Lasker_2018,LASKER,34.41,-120.3686111,16.0,Lasker18,2018.0,6.0,4.0,6/4/18,2018-06-04 13:50:00,UU,Lasker18Sc123_3_D0063,,,,,,,,,,,,,,,,,,,,,,,,,,,,,,,,,,,,,,,,,,,,Lasker
Lasker18Sc123_17,Lasker18Sc123_17_D0068_UU,Merged2018,28.0,D0068,UU28,UU28_TACGAGAC,TACGAGAC,ACACTGACGACATGGTTCTACAGTACACACCGCCCGTC,TACGGTAGCAGAGACTTGGTCTTGATCCTTCTGCAGGTTCACCTAC,environmental,18S,28.0,Lasker18Sc123_17_D0068_S4_L001_R1_001.fastq.gz,Lasker18Sc123_17_D0068_S4_L001_R2_001.fastq.gz,marine biome  (ENVO:00000447),coastal water (ENVO:00001250),waterborne particulate matter (ENVO:01000436),mimarks survey,USA:California:SB Channel Islands,0.22um,Poretics,LASKER2018,422,17.0,10.0,San Miguel (dawn),Project_Overview_Lasker_2018,LASKER,34.41,-120.3686111,16.0,Lasker18,2018.0,6.0,4.0,6/4/18,2018-06-04 13:50:00,UU,Lasker18Sc123_17_D0068,,,,,,,,,,,,,,,,,,,,,,,,,,,,,,,,,,,,,,,,,,,,Lasker
Lasker18Sc122_5,Lasker18Sc122_5_D0053_UU,Merged2018,23.0,D0053,UU23,UU23_GATCGTGT,GATCGTGT,ACACTGACGACATGGTTCTACAGTACACACCGCCCGTC,TACGGTAGCAGAGACTTGGTCTTGATCCTTCTGCAGGTTCACCTAC,environmental,18S,23.0,Lasker18Sc122_5_D0053_S37_L001_R1_001.fastq.gz,Lasker18Sc122_5_D0053_S37_L001_R2_001.fastq.gz,marine biome  (ENVO:00000447),coastal water (ENVO:00001250),waterborne particulate matter (ENVO:01000436),mimarks survey,USA:California:SB Channel Islands,0.22um,Poretics,LASKER2018,425,5.0,100.0,San Miguel (dusk),Project_Overview_Lasker_2018,LASKER,33.91416667,-120.71,20.0,Lasker18,2018.0,6.0,3.0,6/3/18,2018-06-03 03:58:00,UU,Lasker18Sc122_5_D0053,,,,,,,,,,,,,,,,,,,,,,,,,,,,,,,,,,,,,,,,,,,,Lasker
Lasker18Sc122_3,Lasker18Sc122_3_D0052_UU,Merged2018,22.0,D0052,UU22,UU22_TCGACGAG,TCGACGAG,ACACTGACGACATGGTTCTACAGTACACACCGCCCGTC,TACGGTAGCAGAGACTTGGTCTTGATCCTTCTGCAGGTTCACCTAC,environmental,18S,22.0,Lasker18Sc122_3_D0052_S9_L001_R1_001.fastq.gz,Lasker18Sc122_3_D0052_S9_L001_R2_001.fastq.gz,marine biome  (ENVO:00000447),coastal water (ENVO:00001250),waterborne particulate matter (ENVO:01000436),mimarks survey,USA:California:SB Channel Islands,0.22um,Poretics,LASKER2018,425,3.0,100.0,San Miguel (dusk),Project_Overview_Lasker_2018,LASKER,33.91416667,-120.71,20.0,Lasker18,2018.0,6.0,3.0,6/3/18,2018-06-03 03:58:00,UU,Lasker18Sc122_3_D0052,,,,,,,,,,,,,,,,,,,,,,,,,,,,,,,,,,,,,,,,,,,,Lasker
Lasker18Sc122_19,Lasker18Sc122_19_D0058_UU,Merged2018,25.0,D0058,UU25,UU25_CTACTATA,CTACTATA,ACACTGACGACATGGTTCTACAGTACACACCGCCCGTC,TACGGTAGCAGAGACTTGGTCTTGATCCTTCTGCAGGTTCACCTAC,environmental,18S,25.0,Lasker18Sc122_19_D0058_S52_L001_R1_001.fastq.gz,Lasker18Sc122_19_D0058_S52_L001_R2_001.fastq.gz,marine biome  (ENVO:00000447),coastal water (ENVO:00001250),waterborne particulate matter (ENVO:01000436),mimarks survey,USA:California:SB Channel Islands,0.22um,Poretics,LASKER2018,425,19.0,18.0,San Miguel (dusk),Project_Overview_Lasker_2018,LASKER,33.91416667,-120.71,20.0,Lasker18,2018.0,6.0,3.0,6/3/18,2018-06-03 03:58:00,UU,Lasker18Sc122_19_D0058,,,,,,,,,,,,,,,,,,,,,,,,,,,,,,,,,,,,,,,,,,,,Lasker
Lasker18Sc122_17,Lasker18Sc122_17_D0057_UU,Merged2018,24.0,D0057,UU24,UU24_GTCAGATA,GTCAGATA,ACACTGACGACATGGTTCTACAGTACACACCGCCCGTC,TACGGTAGCAGAGACTTGGTCTTGATCCTTCTGCAGGTTCACCTAC,environmental,18S,24.0,Lasker18Sc122_17_D0057_S76_L001_R1_001.fastq.gz,Lasker18Sc122_17_D0057_S76_L001_R2_001.fastq.gz,marine biome  (ENVO:00000447),coastal water (ENVO:00001250),waterborne particulate matter (ENVO:01000436),mimarks survey,USA:California:SB Channel Islands,0.22um,Poretics,LASKER2018,425,17.0,18.0,San Miguel (dusk),Project_Overview_Lasker_2018,LASKER,33.91416667,-120.71,20.0,Lasker18,2018.0,6.0,3.0,6/3/18,2018-06-03 03:58:00,UU,Lasker18Sc122_17_D0057,,,,,,,,,,,,,,,,,,,,,,,,,,,,,,,,,,,,,,,,,,,,Lasker
Lasker18Sc158_3,Lasker18Sc158_3_D0270_UU,Merged2018,89.0,D0270,UU89,UU89_CTACTATA,CTACTATA,ACACTGACGACATGGTTCTACAGTACACACCGCCCGTC,TACGGTAGCAGAGACTTGGTCTTGATCCTTCTGCAGGTTCACCTAC,environmental,18S,89.0,Lasker18Sc158_3_D0270_S14_L001_R1_001.fastq.gz,Lasker18Sc158_3_D0270_S14_L001_R2_001.fastq.gz,marine biome  (ENVO:00000447),coastal water (ENVO:00001250),waterborne particulate matter (ENVO:01000436),mimarks survey,USA:California:Monterey Bay,0.22um,Poretics,LASKER2018,115,3.0,70.0,Monterey Inside 2 (dusk),Project_Overview_Lasker_2018,LASKER,36.71083333,-121.915,3.0,Lasker18,2018.0,6.0,10.0,6/10/18,2018-06-10 02:34:00,UU,Lasker18Sc158_3_D0270,,,,,,,,,,,,,,,,,,,,,,,,,,,,,,,,,,,,,,,,,,,,Lasker
Lasker18Sc123_19,Lasker18Sc123_19_D0069_UU,Merged2018,29.0,D0069,UU29,UU29_ACGTCTCG,ACGTCTCG,ACACTGACGACATGGTTCTACAGTACACACCGCCCGTC,TACGGTAGCAGAGACTTGGTCTTGATCCTTCTGCAGGTTCACCTAC,environmental,18S,29.0,Lasker18Sc123_19_D0069_S25_L001_R1_001.fastq.gz,Lasker18Sc123_19_D0069_S25_L001_R2_001.fastq.gz,marine biome  (ENVO:00000447),coastal water (ENVO:00001250),waterborne particulate matter (ENVO:01000436),mimarks survey,USA:California:SB Channel Islands,0.22um,Poretics,LASKER2018,422,19.0,10.0,San Miguel (dawn),Project_Overview_Lasker_2018,LASKER,34.41,-120.3686111,16.0,Lasker18,2018.0,6.0,4.0,6/4/18,2018-06-04 13:50:00,UU,Lasker18Sc123_19_D0069,,,,,,,,,,,,,,,,,,,,,,,,,,,,,,,,,,,,,,,,,,,,Lasker
Lasker18Sc132_3,Lasker18Sc132_3_D0137_UU,Merged2018,54.0,D0137,UU54,UU54_TCGACGAG,TCGACGAG,ACACTGACGACATGGTTCTACAGTACACACCGCCCGTC,TACGGTAGCAGAGACTTGGTCTTGATCCTTCTGCAGGTTCACCTAC,environmental,18S,54.0,Lasker18Sc132_3_D0137_S70_L001_R1_001.fastq.gz,Lasker18Sc132_3_D0137_S70_L001_R2_001.fastq.gz,marine biome  (ENVO:00000447),coastal water (ENVO:00001250),waterborne particulate matter (ENVO:01000436),mimarks survey,USA:California:Monterey Bay,0.22um,Poretics,LASKER2018,MB1,3.0,100.0,Davenport (day),Project_Overview_Lasker_2018,LASKER,36.99583333,-122.5180556,13.0,Lasker18,2018.0,6.0,7.0,6/7/18,2018-06-07 19:21:00,UU,Lasker18Sc132_3_D0137,,,,,,,,,,,,,,,,,,,,,,,,,,,,,,,,,,,,,,,,,,,,Lasker
Lasker18Sc126_5,Lasker18Sc126_5_D0086_UU,Merged2018,36.0,D0086,UU36,UU36_TACGAGAC,TACGAGAC,ACACTGACGACATGGTTCTACAGTACACACCGCCCGTC,TACGGTAGCAGAGACTTGGTCTTGATCCTTCTGCAGGTTCACCTAC,environmental,18S,36.0,Lasker18Sc126_5_D0086_S1_L001_R1_001.fastq.gz,Lasker18Sc126_5_D0086_S1_L001_R2_001.fastq.gz,marine biome  (ENVO:00000447),coastal water (ENVO:00001250),waterborne particulate matter (ENVO:01000436),mimarks survey,USA:California:SB Channel Islands,0.22um,Poretics,LASKER2018,4002,5.0,100.0,San Nicholas (day),Project_Overview_Lasker_2018,LASKER,33.40027778,-119.405,21.0,Lasker18,2018.0,6.0,5.0,6/5/18,2018-06-05 17:20:07,UU,Lasker18Sc126_5_D0086,,,,,,,,,,,,,,,,,,,,,,,,,,,,,,,,,,,,,,,,,,,,Lasker
Lasker18Sc127_19,Lasker18Sc127_19_D0101_UU,Merged2018,41.0,D0101,UU41,UU41_CTACTATA,CTACTATA,ACACTGACGACATGGTTCTACAGTACACACCGCCCGTC,TACGGTAGCAGAGACTTGGTCTTGATCCTTCTGCAGGTTCACCTAC,environmental,18S,41.0,Lasker18Sc127_19_D0101_S50_L001_R1_001.fastq.gz,Lasker18Sc127_19_D0101_S50_L001_R2_001.fastq.gz,marine biome  (ENVO:00000447),coastal water (ENVO:00001250),waterborne particulate matter (ENVO:01000436),mimarks survey,USA:California:SB Channel Islands,0.22um,Poretics,LASKER2018,412,19.0,10.0,San Nicholas (day),Project_Overview_Lasker_2018,LASKER,33.5845,-119.453,18.0,Lasker18,2018.0,6.0,5.0,6/5/18,2018-06-05 19:06:00,UU,Lasker18Sc127_19_D0101,,,,,,,,,,,,,,,,,,,,,,,,,,,,,,,,,,,,,,,,,,,,Lasker
Lasker18Sc132_17,Lasker18Sc132_17_D0142_UU,Merged2018,56.0,D0142,UU56,UU56_GTCAGATA,GTCAGATA,ACACTGACGACATGGTTCTACAGTACACACCGCCCGTC,TACGGTAGCAGAGACTTGGTCTTGATCCTTCTGCAGGTTCACCTAC,environmental,18S,56.0,Lasker18Sc132_17_D0142_S80_L001_R1_001.fastq.gz,Lasker18Sc132_17_D0142_S80_L001_R2_001.fastq.gz,marine biome  (ENVO:00000447),coastal water (ENVO:00001250),waterborne particulate matter (ENVO:01000436),mimarks survey,USA:California:Monterey Bay,0.22um,Poretics,LASKER2018,MB1,17.0,10.0,Davenport (day),Project_Overview_Lasker_2018,LASKER,36.99583333,-122.5180556,13.0,Lasker18,2018.0,6.0,7.0,6/7/18,2018-06-07 19:21:00,UU,Lasker18Sc132_17_D0142,,,,,,,,,,,,,,,,,,,,,,,,,,,,,,,,,,,,,,,,,,,,Lasker
Lasker18Sc130_5,Lasker18Sc130_5_D0128_UU,Merged2018,51.0,D0128,UU51,UU51_AGAGTCAC,AGAGTCAC,ACACTGACGACATGGTTCTACAGTACACACCGCCCGTC,TACGGTAGCAGAGACTTGGTCTTGATCCTTCTGCAGGTTCACCTAC,environmental,18S,51.0,Lasker18Sc130_5_D0128_S32_L001_R1_001.fastq.gz,Lasker18Sc130_5_D0128_S32_L001_R2_001.fastq.gz,marine biome  (ENVO:00000447),coastal water (ENVO:00001250),waterborne particulate matter (ENVO:01000436),mimarks survey,USA:California:Monterey Bay,0.22um,Poretics,LASKER2018,126,5.0,100.0,Davenport (dawn),Project_Overview_Lasker_2018,LASKER,36.98388889,-122.6005556,16.0,Lasker18,2018.0,6.0,7.0,6/7/18,2018-06-07 14:21:00,UU,Lasker18Sc130_5_D0128,,,,,,,,,,,,,,,,,,,,,,,,,,,,,,,,,,,,,,,,,,,,Lasker
Lasker18Sc130_3,Lasker18Sc130_3_D0127_UU,Merged2018,50.0,D0127,UU50,UU50_CGTTACTA,CGTTACTA,ACACTGACGACATGGTTCTACAGTACACACCGCCCGTC,TACGGTAGCAGAGACTTGGTCTTGATCCTTCTGCAGGTTCACCTAC,environmental,18S,50.0,Lasker18Sc130_3_D0127_S87_L001_R1_001.fastq.gz,Lasker18Sc130_3_D0127_S87_L001_R2_001.fastq.gz,marine biome  (ENVO:00000447),coastal water (ENVO:00001250),waterborne particulate matter (ENVO:01000436),mimarks survey,USA:California:Monterey Bay,0.22um,Poretics,LASKER2018,126,3.0,100.0,Davenport (dawn),Project_Overview_Lasker_2018,LASKER,36.98388889,-122.6005556,16.0,Lasker18,2018.0,6.0,7.0,6/7/18,2018-06-07 14:21:00,UU,Lasker18Sc130_3_D0127,,,,,,,,,,,,,,,,,,,,,,,,,,,,,,,,,,,,,,,,,,,,Lasker
Lasker18Sc130_19,Lasker18Sc130_19_D0133_UU,Merged2018,53.0,D0133,UU53,UU53_ACGTCTCG,ACGTCTCG,ACACTGACGACATGGTTCTACAGTACACACCGCCCGTC,TACGGTAGCAGAGACTTGGTCTTGATCCTTCTGCAGGTTCACCTAC,environmental,18S,53.0,Lasker18Sc130_19_D0133_S93_L001_R1_001.fastq.gz,Lasker18Sc130_19_D0133_S93_L001_R2_001.fastq.gz,marine biome  (ENVO:00000447),coastal water (ENVO:00001250),waterborne particulate matter (ENVO:01000436),mimarks survey,USA:California:Monterey Bay,0.22um,Poretics,LASKER2018,126,19.0,10.0,Davenport (dawn),Project_Overview_Lasker_2018,LASKER,36.98388889,-122.6005556,16.0,Lasker18,2018.0,6.0,7.0,6/7/18,2018-06-07 14:21:00,UU,Lasker18Sc130_19_D0133,,,,,,,,,,,,,,,,,,,,,,,,,,,,,,,,,,,,,,,,,,,,Lasker
Lasker18Sc130_17,Lasker18Sc130_17_D0132_UU,Merged2018,52.0,D0132,UU52,UU52_TACGAGAC,TACGAGAC,ACACTGACGACATGGTTCTACAGTACACACCGCCCGTC,TACGGTAGCAGAGACTTGGTCTTGATCCTTCTGCAGGTTCACCTAC,environmental,18S,52.0,Lasker18Sc130_17_D0132_S29_L001_R1_001.fastq.gz,Lasker18Sc130_17_D0132_S29_L001_R2_001.fastq.gz,marine biome  (ENVO:00000447),coastal water (ENVO:00001250),waterborne particulate matter (ENVO:01000436),mimarks survey,USA:California:Monterey Bay,0.22um,Poretics,LASKER2018,126,17.0,10.0,Davenport (dawn),Project_Overview_Lasker_2018,LASKER,36.98388889,-122.6005556,16.0,Lasker18,2018.0,6.0,7.0,6/7/18,2018-06-07 14:21:00,UU,Lasker18Sc130_17_D0132,,,,,,,,,,,,,,,,,,,,,,,,,,,,,,,,,,,,,,,,,,,,Lasker
Lasker18Sc129_5,Lasker18Sc129_5_D0117_UU,Merged2018,47.0,D0117,UU47,UU47_GATCGTGT,GATCGTGT,ACACTGACGACATGGTTCTACAGTACACACCGCCCGTC,TACGGTAGCAGAGACTTGGTCTTGATCCTTCTGCAGGTTCACCTAC,environmental,18S,47.0,Lasker18Sc129_5_D0117_S67_L001_R1_001.fastq.gz,Lasker18Sc129_5_D0117_S67_L001_R2_001.fastq.gz,marine biome  (ENVO:00000447),coastal water (ENVO:00001250),waterborne particulate matter (ENVO:01000436),mimarks survey,USA:California:SB Channel Islands,0.22um,Poretics,LASKER2018,414,5.0,50.0,San Nicholas (dawn),Project_Overview_Lasker_2018,LASKER,33.40777778,-119.8102778,7.0,Lasker18,2018.0,6.0,6.0,6/6/18,2018-06-06 12:31:00,UU,Lasker18Sc129_5_D0117,,,,,,,,,,,,,,,,,,,,,,,,,,,,,,,,,,,,,,,,,,,,Lasker
Lasker18Sc127_17,Lasker18Sc127_17_D0100_UU,Merged2018,40.0,D0100,UU40,UU40_GTCAGATA,GTCAGATA,ACACTGACGACATGGTTCTACAGTACACACCGCCCGTC,TACGGTAGCAGAGACTTGGTCTTGATCCTTCTGCAGGTTCACCTAC,environmental,18S,40.0,Lasker18Sc127_17_D0100_S18_L001_R1_001.fastq.gz,Lasker18Sc127_17_D0100_S18_L001_R2_001.fastq.gz,marine biome  (ENVO:00000447),coastal water (ENVO:00001250),waterborne particulate matter (ENVO:01000436),mimarks survey,USA:California:SB Channel Islands,0.22um,Poretics,LASKER2018,412,17.0,10.0,San Nicholas (day),Project_Overview_Lasker_2018,LASKER,33.5845,-119.453,18.0,Lasker18,2018.0,6.0,5.0,6/5/18,2018-06-05 19:06:00,UU,Lasker18Sc127_17_D0100,,,,,,,,,,,,,,,,,,,,,,,,,,,,,,,,,,,,,,,,,,,,Lasker
Lasker18Sc129_3,Lasker18Sc129_3_D0116_UU,Merged2018,46.0,D0116,UU46,UU46_TCGACGAG,TCGACGAG,ACACTGACGACATGGTTCTACAGTACACACCGCCCGTC,TACGGTAGCAGAGACTTGGTCTTGATCCTTCTGCAGGTTCACCTAC,environmental,18S,46.0,Lasker18Sc129_3_D0116_S61_L001_R1_001.fastq.gz,Lasker18Sc129_3_D0116_S61_L001_R2_001.fastq.gz,marine biome  (ENVO:00000447),coastal water (ENVO:00001250),waterborne particulate matter (ENVO:01000436),mimarks survey,USA:California:SB Channel Islands,0.22um,Poretics,LASKER2018,414,3.0,50.0,San Nicholas (dawn),Project_Overview_Lasker_2018,LASKER,33.40777778,-119.8102778,7.0,Lasker18,2018.0,6.0,6.0,6/6/18,2018-06-06 12:31:00,UU,Lasker18Sc129_3_D0116,,,,,,,,,,,,,,,,,,,,,,,,,,,,,,,,,,,,,,,,,,,,Lasker
Lasker18Sc128_7,Lasker18Sc128_7_D0107_UU,Merged2018,43.0,D0107,UU43,UU43_AGAGTCAC,AGAGTCAC,ACACTGACGACATGGTTCTACAGTACACACCGCCCGTC,TACGGTAGCAGAGACTTGGTCTTGATCCTTCTGCAGGTTCACCTAC,environmental,18S,43.0,Lasker18Sc128_7_D0107_S24_L001_R1_001.fastq.gz,Lasker18Sc128_7_D0107_S24_L001_R2_001.fastq.gz,marine biome  (ENVO:00000447),coastal water (ENVO:00001250),waterborne particulate matter (ENVO:01000436),mimarks survey,USA:California:SB Channel Islands,0.22um,Poretics,LASKER2018,411,7.0,100.0,San Nicholas (dusk),Project_Overview_Lasker_2018,LASKER,33.69083333,-119.2833333,18.0,Lasker18,2018.0,6.0,5.0,6/5/18,2018-06-05 02:37:00,UU,Lasker18Sc128_7_D0107,,,,,,,,,,,,,,,,,,,,,,,,,,,,,,,,,,,,,,,,,,,,Lasker
Lasker18Sc128_3,Lasker18Sc128_3_D0105_UU,Merged2018,42.0,D0105,UU42,UU42_CGTTACTA,CGTTACTA,ACACTGACGACATGGTTCTACAGTACACACCGCCCGTC,TACGGTAGCAGAGACTTGGTCTTGATCCTTCTGCAGGTTCACCTAC,environmental,18S,42.0,Lasker18Sc128_3_D0105_S59_L001_R1_001.fastq.gz,Lasker18Sc128_3_D0105_S59_L001_R2_001.fastq.gz,marine biome  (ENVO:00000447),coastal water (ENVO:00001250),waterborne particulate matter (ENVO:01000436),mimarks survey,USA:California:SB Channel Islands,0.22um,Poretics,LASKER2018,411,3.0,100.0,San Nicholas (dusk),Project_Overview_Lasker_2018,LASKER,33.69083333,-119.2833333,18.0,Lasker18,2018.0,6.0,5.0,6/5/18,2018-06-05 02:37:00,UU,Lasker18Sc128_3_D0105,,,,,,,,,,,,,,,,,,,,,,,,,,,,,,,,,,,,,,,,,,,,Lasker
Lasker18Sc128_19,Lasker18Sc128_19_D0111_UU,Merged2018,45.0,D0111,UU45,UU45_ACGTCTCG,ACGTCTCG,ACACTGACGACATGGTTCTACAGTACACACCGCCCGTC,TACGGTAGCAGAGACTTGGTCTTGATCCTTCTGCAGGTTCACCTAC,environmental,18S,45.0,Lasker18Sc128_19_D0111_S7_L001_R1_001.fastq.gz,Lasker18Sc128_19_D0111_S7_L001_R2_001.fastq.gz,marine biome  (ENVO:00000447),coastal water (ENVO:00001250),waterborne particulate matter (ENVO:01000436),mimarks survey,USA:California:SB Channel Islands,0.22um,Poretics,LASKER2018,411,19.0,10.0,San Nicholas (dusk),Project_Overview_Lasker_2018,LASKER,33.69083333,-119.2833333,18.0,Lasker18,2018.0,6.0,5.0,6/5/18,2018-06-05 02:37:00,UU,Lasker18Sc128_19_D0111,,,,,,,,,,,,,,,,,,,,,,,,,,,,,,,,,,,,,,,,,,,,Lasker
Lasker18Sc128_16,Lasker18Sc128_16_D0110_UU,Merged2018,44.0,D0110,UU44,UU44_TACGAGAC,TACGAGAC,ACACTGACGACATGGTTCTACAGTACACACCGCCCGTC,TACGGTAGCAGAGACTTGGTCTTGATCCTTCTGCAGGTTCACCTAC,environmental,18S,44.0,Lasker18Sc128_16_D0110_S62_L001_R1_001.fastq.gz,Lasker18Sc128_16_D0110_S62_L001_R2_001.fastq.gz,marine biome  (ENVO:00000447),coastal water (ENVO:00001250),waterborne particulate matter (ENVO:01000436),mimarks survey,USA:California:SB Channel Islands,0.22um,Poretics,LASKER2018,411,16.0,10.0,San Nicholas (dusk),Project_Overview_Lasker_2018,LASKER,33.69083333,-119.2833333,18.0,Lasker18,2018.0,6.0,5.0,6/5/18,2018-06-05 02:37:00,UU,Lasker18Sc128_16_D0110,,,,,,,,,,,,,,,,,,,,,,,,,,,,,,,,,,,,,,,,,,,,Lasker
Lasker18Sc127_5,Lasker18Sc127_5_D0096_UU,Merged2018,39.0,D0096,UU39,UU39_GATCGTGT,GATCGTGT,ACACTGACGACATGGTTCTACAGTACACACCGCCCGTC,TACGGTAGCAGAGACTTGGTCTTGATCCTTCTGCAGGTTCACCTAC,environmental,18S,39.0,Lasker18Sc127_5_D0096_S47_L001_R1_001.fastq.gz,Lasker18Sc127_5_D0096_S47_L001_R2_001.fastq.gz,marine biome  (ENVO:00000447),coastal water (ENVO:00001250),waterborne particulate matter (ENVO:01000436),mimarks survey,USA:California:SB Channel Islands,0.22um,Poretics,LASKER2018,412,5.0,100.0,San Nicholas (day),Project_Overview_Lasker_2018,LASKER,33.5845,-119.453,18.0,Lasker18,2018.0,6.0,5.0,6/5/18,2018-06-05 19:06:00,UU,Lasker18Sc127_5_D0096,,,,,,,,,,,,,,,,,,,,,,,,,,,,,,,,,,,,,,,,,,,,Lasker
Lasker18Sc127_3,Lasker18Sc127_3_D0095_UU,Merged2018,38.0,D0095,UU38,UU38_TCGACGAG,TCGACGAG,ACACTGACGACATGGTTCTACAGTACACACCGCCCGTC,TACGGTAGCAGAGACTTGGTCTTGATCCTTCTGCAGGTTCACCTAC,environmental,18S,38.0,Lasker18Sc127_3_D0095_S55_L001_R1_001.fastq.gz,Lasker18Sc127_3_D0095_S55_L001_R2_001.fastq.gz,marine biome  (ENVO:00000447),coastal water (ENVO:00001250),waterborne particulate matter (ENVO:01000436),mimarks survey,USA:California:SB Channel Islands,0.22um,Poretics,LASKER2018,412,3.0,100.0,San Nicholas (day),Project_Overview_Lasker_2018,LASKER,33.5845,-119.453,18.0,Lasker18,2018.0,6.0,5.0,6/5/18,2018-06-05 19:06:00,UU,Lasker18Sc127_3_D0095,,,,,,,,,,,,,,,,,,,,,,,,,,,,,,,,,,,,,,,,,,,,Lasker
Lasker18Sc129_17,Lasker18Sc129_17_D0121_UU,Merged2018,48.0,D0121,UU48,UU48_GTCAGATA,GTCAGATA,ACACTGACGACATGGTTCTACAGTACACACCGCCCGTC,TACGGTAGCAGAGACTTGGTCTTGATCCTTCTGCAGGTTCACCTAC,environmental,18S,48.0,Lasker18Sc129_17_D0121_S88_L001_R1_001.fastq.gz,Lasker18Sc129_17_D0121_S88_L001_R2_001.fastq.gz,marine biome  (ENVO:00000447),coastal water (ENVO:00001250),waterborne particulate matter (ENVO:01000436),mimarks survey,USA:California:SB Channel Islands,0.22um,Poretics,LASKER2018,414,17.0,8.0,San Nicholas (dawn),Project_Overview_Lasker_2018,LASKER,33.40777778,-119.8102778,7.0,Lasker18,2018.0,6.0,6.0,6/6/18,2018-06-06 12:31:00,UU,Lasker18Sc129_17_D0121,,,,,,,,,,,,,,,,,,,,,,,,,,,,,,,,,,,,,,,,,,,,Lasker
Lasker18Sc158_5,Lasker18Sc158_5_D0271_UU,Merged2018,90.0,D0271,UU90,UU90_CGTTACTA,CGTTACTA,ACACTGACGACATGGTTCTACAGTACACACCGCCCGTC,TACGGTAGCAGAGACTTGGTCTTGATCCTTCTGCAGGTTCACCTAC,environmental,18S,90.0,Lasker18Sc158_5_D0271_S35_L001_R1_001.fastq.gz,Lasker18Sc158_5_D0271_S35_L001_R2_001.fastq.gz,marine biome  (ENVO:00000447),coastal water (ENVO:00001250),waterborne particulate matter (ENVO:01000436),mimarks survey,USA:California:Monterey Bay,0.22um,Poretics,LASKER2018,115,5.0,70.0,Monterey Inside 2 (dusk),Project_Overview_Lasker_2018,LASKER,36.71083333,-121.915,3.0,Lasker18,2018.0,6.0,10.0,6/10/18,2018-06-10 02:34:00,UU,Lasker18Sc158_5_D0271,,,,,,,,,,,,,,,,,,,,,,,,,,,,,,,,,,,,,,,,,,,,Lasker
