sample_name,Cartridge_Number,ESP_Type,PlateID,R1,R2,SAMPLING_PI,SAMPLING_bottle,SAMPLING_campaign,SAMPLING_cruise,SAMPLING_date_time,SAMPLING_dec_lat,SAMPLING_dec_lon,SAMPLING_institute,SAMPLING_platform,SAMPLING_project,SAMPLING_real_depth,SAMPLING_station,SAMPLING_station_number,Sample_Order,Unnamed: 0,chlorophyll,collection_date,date_PCR,day,depth,description,diss_oxygen,env_biome,env_feature,env_material,env_package,geo_loc_name,investigation_type,lat_lon,library,library_tag_combo,local_time_end,local_time_start,locus,mid,month,nucl_acid_amp,nucl_acid_ext,order,original_name,pcr_primers,pressure_dbar,primer_sequence_F,primer_sequence_R,project_name,salinity,samp_collection_device,samp_filter_ext_type,samp_filter_size_ext,samp_store_temp,samp_vol_we_dna_ext,sample_type,seq_meth,sequencing_facility,tag_number,tag_sequence,target_gene,temp,year
CN18FESPkoa_SC58_FF,227.0,single_depth,FF,CN18FESPkoa_SC58_S96_L001_R2_001.fastq.gz,CN18FESPkoa_SC58_S96_L001_R1_001.fastq.gz,Chavez,,CANON,CN18F,9/8/18 3:58,36.99277552,-122.5244916,MBARI,Tethys,CANON,,,,1.0,,0.145251271,2018-09-08,20190507.0,8,30.91903055,CN18F,,marine biome  (ENVO:00000447),coastal water (ENVO:00001250),waterborne particulate matter (ENVO:01000436),mimarks survey,USA:California:Monterey Bay,mimarks survey,36.9927755184 N 122.524491572 W,FF3,FF3_TAGCGAGT,9/7/18 21:48,9/7/18 20:58,COI,TAGCGAGT,9,MBARI 2-step COI,dx.doi.org/10.17504/protocols.io.mvzc676,3.0,CN18FESPkoa_SC58,GGWACWGGWTGAACWGTWTAYCCYCC TAAACTTCAGGGTGACCAAAAAATCA,,GGWACWGGWTGAACWGTWTAYCCYCC,TAAACTTCAGGGTGACCAAAAAATCA,CN18F,33.68261858,3G_ESP,Poretics,0.22um,-80C,1000ml,environmental,NGS Illumina Miseq,MSU,3.0,TAGCGAGT,COI,12.02163044,2018
CN18FESPkoa_SC57_FF,257.0,single_depth,FF,CN18FESPkoa_SC57_S83_L001_R2_001.fastq.gz,CN18FESPkoa_SC57_S83_L001_R1_001.fastq.gz,Chavez,,CANON,CN18F,9/8/18 17:37,36.99549543,-122.4682857,MBARI,Tethys,CANON,,,,2.0,,0.1746905989999999,2018-09-08,20190507.0,8,35.21756651,CN18F,,marine biome  (ENVO:00000447),coastal water (ENVO:00001250),waterborne particulate matter (ENVO:01000436),mimarks survey,USA:California:Monterey Bay,mimarks survey,36.9954954259 N 122.468285723 W,FF4,FF4_CTGCGTGT,9/8/18 11:23,9/8/18 10:37,COI,CTGCGTGT,9,MBARI 2-step COI,dx.doi.org/10.17504/protocols.io.mvzc676,4.0,CN18FESPkoa_SC57,GGWACWGGWTGAACWGTWTAYCCYCC TAAACTTCAGGGTGACCAAAAAATCA,,GGWACWGGWTGAACWGTWTAYCCYCC,TAAACTTCAGGGTGACCAAAAAATCA,CN18F,33.66599588,3G_ESP,Poretics,0.22um,-80C,1000ml,environmental,NGS Illumina Miseq,MSU,4.0,CTGCGTGT,COI,12.01885449,2018
CN18FESPkoa_SC56_FF,307.0,single_depth,FF,CN18FESPkoa_SC56_S73_L001_R2_001.fastq.gz,CN18FESPkoa_SC56_S73_L001_R1_001.fastq.gz,Chavez,,CANON,CN18F,9/8/18 19:39,37.00067151,-122.4676331,MBARI,Tethys,CANON,,,,3.0,,0.167396762,2018-09-08,20190507.0,8,39.84399873,CN18F,,marine biome  (ENVO:00000447),coastal water (ENVO:00001250),waterborne particulate matter (ENVO:01000436),mimarks survey,USA:California:Monterey Bay,mimarks survey,37.0006715093 N 122.467633123 W,FF5,FF5_TCATCGAG,9/8/18 13:24,9/8/18 12:39,COI,TCATCGAG,9,MBARI 2-step COI,dx.doi.org/10.17504/protocols.io.mvzc676,5.0,CN18FESPkoa_SC56,GGWACWGGWTGAACWGTWTAYCCYCC TAAACTTCAGGGTGACCAAAAAATCA,,GGWACWGGWTGAACWGTWTAYCCYCC,TAAACTTCAGGGTGACCAAAAAATCA,CN18F,33.68001923,3G_ESP,Poretics,0.22um,-80C,1000ml,environmental,NGS Illumina Miseq,MSU,5.0,TCATCGAG,COI,11.97873561,2018
CN18FESPkoa_SC55_FF,143.0,single_depth,FF,CN18FESPkoa_SC55_S14_L001_R2_001.fastq.gz,CN18FESPkoa_SC55_S14_L001_R1_001.fastq.gz,Chavez,,CANON,CN18F,9/8/18 21:40,37.00454691,-122.4667104,MBARI,Tethys,CANON,,,,4.0,,0.18417495,2018-09-08,20190507.0,8,39.02684487,CN18F,,marine biome  (ENVO:00000447),coastal water (ENVO:00001250),waterborne particulate matter (ENVO:01000436),mimarks survey,USA:California:Monterey Bay,mimarks survey,37.0045469126 N 122.466710385 W,FF6,FF6_CGTGAGTG,9/8/18 15:25,9/8/18 14:40,COI,CGTGAGTG,9,MBARI 2-step COI,dx.doi.org/10.17504/protocols.io.mvzc676,6.0,CN18FESPkoa_SC55,GGWACWGGWTGAACWGTWTAYCCYCC TAAACTTCAGGGTGACCAAAAAATCA,,GGWACWGGWTGAACWGTWTAYCCYCC,TAAACTTCAGGGTGACCAAAAAATCA,CN18F,33.67334629,3G_ESP,Poretics,0.22um,-80C,1000ml,environmental,NGS Illumina Miseq,MSU,6.0,CGTGAGTG,COI,12.04968903,2018
CN18FESPkoa_SC53_FF,246.0,single_depth,FF,CN18FESPkoa_SC53_S11_L001_R2_001.fastq.gz,CN18FESPkoa_SC53_S11_L001_R1_001.fastq.gz,Chavez,,CANON,CN18F,9/9/18 2:35,37.00982512,-122.4511858,MBARI,Tethys,CANON,,,,6.0,,0.158366003,2018-09-09,20190507.0,9,34.44149289,CN18F,,marine biome  (ENVO:00000447),coastal water (ENVO:00001250),waterborne particulate matter (ENVO:01000436),mimarks survey,USA:California:Monterey Bay,mimarks survey,37.009825119 N 122.451185849 W,FF8,FF8_GACACCGT,9/8/18 20:20,9/8/18 19:35,COI,GACACCGT,9,MBARI 2-step COI,dx.doi.org/10.17504/protocols.io.mvzc676,8.0,CN18FESPkoa_SC53,GGWACWGGWTGAACWGTWTAYCCYCC TAAACTTCAGGGTGACCAAAAAATCA,,GGWACWGGWTGAACWGTWTAYCCYCC,TAAACTTCAGGGTGACCAAAAAATCA,CN18F,33.68748978,3G_ESP,Poretics,0.22um,-80C,1000ml,environmental,NGS Illumina Miseq,MSU,8.0,GACACCGT,COI,12.01170998,2018
CN18FESPkoa_SC52_FF,308.0,single_depth,FF,CN18FESPkoa_SC52_S44_L001_R2_001.fastq.gz,CN18FESPkoa_SC52_S44_L001_R1_001.fastq.gz,Chavez,,CANON,CN18F,9/9/18 4:36,37.01585975,-122.4417113,MBARI,Tethys,CANON,,,,7.0,,0.138642604,2018-09-09,20190507.0,9,25.30528936,CN18F,,marine biome  (ENVO:00000447),coastal water (ENVO:00001250),waterborne particulate matter (ENVO:01000436),mimarks survey,USA:California:Monterey Bay,mimarks survey,37.0158597456 N 122.441711345 W,FF9,FF9_ATCGTACG,9/8/18 22:22,9/8/18 21:36,COI,ATCGTACG,9,MBARI 2-step COI,dx.doi.org/10.17504/protocols.io.mvzc676,9.0,CN18FESPkoa_SC52,GGWACWGGWTGAACWGTWTAYCCYCC TAAACTTCAGGGTGACCAAAAAATCA,,GGWACWGGWTGAACWGTWTAYCCYCC,TAAACTTCAGGGTGACCAAAAAATCA,CN18F,33.68563826,3G_ESP,Poretics,0.22um,-80C,1000ml,environmental,NGS Illumina Miseq,MSU,9.0,ATCGTACG,COI,11.95985772,2018
CN18FESPkoa_SC49_FF,119.0,single_depth,FF,CN18FESPkoa_SC49_S68_L001_R1_001.fastq.gz,CN18FESPkoa_SC49_S68_L001_R2_001.fastq.gz,Chavez,,CANON,CN18F,9/9/18 10:48,37.00071314,-122.4158052,MBARI,Tethys,CANON,,,,10.0,,0.150026157,2018-09-09,20190507.0,9,44.79718743,CN18F,,marine biome  (ENVO:00000447),coastal water (ENVO:00001250),waterborne particulate matter (ENVO:01000436),mimarks survey,USA:California:Monterey Bay,mimarks survey,37.0007131382 N 122.415805198 W,FF12,FF12_CTGCGTGT,9/9/18 4:34,9/9/18 3:48,COI,CTGCGTGT,9,MBARI 2-step COI,dx.doi.org/10.17504/protocols.io.mvzc676,12.0,CN18FESPkoa_SC49,GGWACWGGWTGAACWGTWTAYCCYCC TAAACTTCAGGGTGACCAAAAAATCA,,GGWACWGGWTGAACWGTWTAYCCYCC,TAAACTTCAGGGTGACCAAAAAATCA,CN18F,33.67349298,3G_ESP,Poretics,0.22um,-80C,1000ml,environmental,NGS Illumina Miseq,MSU,12.0,CTGCGTGT,COI,11.97328235,2018
CN18FESPkoa_SC47_FF,8.0,single_depth,FF,CN18FESPkoa_SC47_S65_L001_R2_001.fastq.gz,CN18FESPkoa_SC47_S65_L001_R1_001.fastq.gz,Chavez,,CANON,CN18F,9/9/18 14:51,36.99733801,-122.4174894,MBARI,Tethys,CANON,,,,12.0,,0.166244419,2018-09-09,20190507.0,9,31.69744903,CN18F,,marine biome  (ENVO:00000447),coastal water (ENVO:00001250),waterborne particulate matter (ENVO:01000436),mimarks survey,USA:California:Monterey Bay,mimarks survey,36.9973380067 N 122.417489437 W,FF14,FF14_CGTGAGTG,9/9/18 8:40,9/9/18 7:51,COI,CGTGAGTG,9,MBARI 2-step COI,dx.doi.org/10.17504/protocols.io.mvzc676,14.0,CN18FESPkoa_SC47,GGWACWGGWTGAACWGTWTAYCCYCC TAAACTTCAGGGTGACCAAAAAATCA,,GGWACWGGWTGAACWGTWTAYCCYCC,TAAACTTCAGGGTGACCAAAAAATCA,CN18F,33.67868583,3G_ESP,Poretics,0.22um,-80C,1000ml,environmental,NGS Illumina Miseq,MSU,14.0,CGTGAGTG,COI,12.02876061,2018
CN18FESPkoa_SC46_FF,322.0,single_depth,FF,CN18FESPkoa_SC46_S61_L001_R2_001.fastq.gz,CN18FESPkoa_SC46_S61_L001_R1_001.fastq.gz,Chavez,,CANON,CN18F,9/9/18 16:55,37.00215021,-122.416689,MBARI,Tethys,CANON,,,,13.0,,0.152259776,2018-09-09,20190507.0,9,36.81463935,CN18F,,marine biome  (ENVO:00000447),coastal water (ENVO:00001250),waterborne particulate matter (ENVO:01000436),mimarks survey,USA:California:Monterey Bay,mimarks survey,37.0021502082 N 122.416689016 W,FF15,FF15_GGATATCT,9/9/18 10:42,9/9/18 9:55,COI,GGATATCT,9,MBARI 2-step COI,dx.doi.org/10.17504/protocols.io.mvzc676,15.0,CN18FESPkoa_SC46,GGWACWGGWTGAACWGTWTAYCCYCC TAAACTTCAGGGTGACCAAAAAATCA,,GGWACWGGWTGAACWGTWTAYCCYCC,TAAACTTCAGGGTGACCAAAAAATCA,CN18F,33.66440303,3G_ESP,Poretics,0.22um,-80C,1000ml,environmental,NGS Illumina Miseq,MSU,15.0,GGATATCT,COI,11.97971261,2018
CN18FESPkoa_SC44_FF,87.0,single_depth,FF,CN18FESPkoa_SC44_S54_L001_R2_001.fastq.gz,CN18FESPkoa_SC44_S54_L001_R1_001.fastq.gz,Chavez,,CANON,CN18F,9/9/18 21:03,36.99754351,-122.40628329999998,MBARI,Tethys,CANON,,,,15.0,,0.164848982,2018-09-09,20190507.0,9,34.72138758,CN18F,,marine biome  (ENVO:00000447),coastal water (ENVO:00001250),waterborne particulate matter (ENVO:01000436),mimarks survey,USA:California:Monterey Bay,mimarks survey,36.9975435072 N 122.406283288 W,FF17,FF17_ATCGTACG,9/9/18 14:47,9/9/18 14:03,COI,ATCGTACG,9,MBARI 2-step COI,dx.doi.org/10.17504/protocols.io.mvzc676,17.0,CN18FESPkoa_SC44,GGWACWGGWTGAACWGTWTAYCCYCC TAAACTTCAGGGTGACCAAAAAATCA,,GGWACWGGWTGAACWGTWTAYCCYCC,TAAACTTCAGGGTGACCAAAAAATCA,CN18F,33.67676748,3G_ESP,Poretics,0.22um,-80C,1000ml,environmental,NGS Illumina Miseq,MSU,17.0,ATCGTACG,COI,11.99093597,2018
CN18FESPkoa_SC43_FF,242.0,single_depth,FF,CN18FESPkoa_SC43_S34_L001_R2_001.fastq.gz,CN18FESPkoa_SC43_S34_L001_R1_001.fastq.gz,Chavez,,CANON,CN18F,9/9/18 23:03,36.99387104,-122.4028284,MBARI,Tethys,CANON,,,,16.0,,0.161622106,2018-09-09,20190507.0,9,32.40880836,CN18F,,marine biome  (ENVO:00000447),coastal water (ENVO:00001250),waterborne particulate matter (ENVO:01000436),mimarks survey,USA:California:Monterey Bay,mimarks survey,36.993871041 N 122.402828446 W,FF18,FF18_ACTATCTG,9/9/18 16:54,9/9/18 16:03,COI,ACTATCTG,9,MBARI 2-step COI,dx.doi.org/10.17504/protocols.io.mvzc676,18.0,CN18FESPkoa_SC43,GGWACWGGWTGAACWGTWTAYCCYCC TAAACTTCAGGGTGACCAAAAAATCA,,GGWACWGGWTGAACWGTWTAYCCYCC,TAAACTTCAGGGTGACCAAAAAATCA,CN18F,33.66621811,3G_ESP,Poretics,0.22um,-80C,1000ml,environmental,NGS Illumina Miseq,MSU,18.0,ACTATCTG,COI,11.98554169,2018
CN18FESPkoa_SC41_FF,75.0,single_depth,FF,CN18FESPkoa_SC41_S59_L001_R2_001.fastq.gz,CN18FESPkoa_SC41_S59_L001_R1_001.fastq.gz,Chavez,,CANON,CN18F,9/10/18 3:13,37.00412075,-122.3806972,MBARI,Tethys,CANON,,,,18.0,,0.167356728,2018-09-10,20190507.0,10,23.25098937,CN18F,,marine biome  (ENVO:00000447),coastal water (ENVO:00001250),waterborne particulate matter (ENVO:01000436),mimarks survey,USA:California:Monterey Bay,mimarks survey,37.0041207535 N 122.380697195 W,FF20,FF20_CTGCGTGT,9/9/18 20:58,9/9/18 20:13,COI,CTGCGTGT,9,MBARI 2-step COI,dx.doi.org/10.17504/protocols.io.mvzc676,20.0,CN18FESPkoa_SC41,GGWACWGGWTGAACWGTWTAYCCYCC TAAACTTCAGGGTGACCAAAAAATCA,,GGWACWGGWTGAACWGTWTAYCCYCC,TAAACTTCAGGGTGACCAAAAAATCA,CN18F,33.67235782,3G_ESP,Poretics,0.22um,-80C,1000ml,environmental,NGS Illumina Miseq,MSU,20.0,CTGCGTGT,COI,11.93190487,2018
CN18FESPkoa_SC40_FF,255.0,single_depth,FF,CN18FESPkoa_SC40_S17_L001_R2_001.fastq.gz,CN18FESPkoa_SC40_S17_L001_R1_001.fastq.gz,Chavez,,CANON,CN18F,9/10/18 5:14,36.99802134,-122.3665361,MBARI,Tethys,CANON,,,,19.0,,0.212520849,2018-09-10,20190507.0,10,23.41120239,CN18F,,marine biome  (ENVO:00000447),coastal water (ENVO:00001250),waterborne particulate matter (ENVO:01000436),mimarks survey,USA:California:Monterey Bay,mimarks survey,36.9980213415 N 122.366536098 W,FF21,FF21_TCATCGAG,9/9/18 23:02,9/9/18 22:14,COI,TCATCGAG,9,MBARI 2-step COI,dx.doi.org/10.17504/protocols.io.mvzc676,21.0,CN18FESPkoa_SC40,GGWACWGGWTGAACWGTWTAYCCYCC TAAACTTCAGGGTGACCAAAAAATCA,,GGWACWGGWTGAACWGTWTAYCCYCC,TAAACTTCAGGGTGACCAAAAAATCA,CN18F,33.66975009,3G_ESP,Poretics,0.22um,-80C,1000ml,environmental,NGS Illumina Miseq,MSU,21.0,TCATCGAG,COI,11.99616812,2018
CN18FESPkoa_SC37_FF,311.0,single_depth,FF,CN18FESPkoa_SC37_S52_L001_R2_001.fastq.gz,CN18FESPkoa_SC37_S52_L001_R1_001.fastq.gz,Chavez,,CANON,CN18F,9/10/18 11:26,36.97408736,-122.3493283,MBARI,Tethys,CANON,,,,22.0,,0.211077324,2018-09-10,20190507.0,10,31.66745079,CN18F,,marine biome  (ENVO:00000447),coastal water (ENVO:00001250),waterborne particulate matter (ENVO:01000436),mimarks survey,USA:California:Monterey Bay,mimarks survey,36.9740873572 N 122.349328313 W,FF24,FF24_GACACCGT,9/10/18 5:12,9/10/18 4:26,COI,GACACCGT,9,MBARI 2-step COI,dx.doi.org/10.17504/protocols.io.mvzc676,24.0,CN18FESPkoa_SC37,GGWACWGGWTGAACWGTWTAYCCYCC TAAACTTCAGGGTGACCAAAAAATCA,,GGWACWGGWTGAACWGTWTAYCCYCC,TAAACTTCAGGGTGACCAAAAAATCA,CN18F,33.66772935,3G_ESP,Poretics,0.22um,-80C,1000ml,environmental,NGS Illumina Miseq,MSU,24.0,GACACCGT,COI,12.02149301,2018
CN18FESPkoa_SC34_FF,324.0,single_depth,FF,CN18FESPkoa_SC34_S12_L001_R2_001.fastq.gz,CN18FESPkoa_SC34_S12_L001_R1_001.fastq.gz,Chavez,,CANON,CN18F,9/10/18 17:39,36.95682604,-122.3381328,MBARI,Tethys,CANON,,,,25.0,,0.195302059,2018-09-10,20190507.0,10,27.85331907,CN18F,,marine biome  (ENVO:00000447),coastal water (ENVO:00001250),waterborne particulate matter (ENVO:01000436),mimarks survey,USA:California:Monterey Bay,mimarks survey,36.9568260353 N 122.338132765 W,FF27,FF27_TAGCGAGT,9/10/18 11:25,9/10/18 10:39,COI,TAGCGAGT,9,MBARI 2-step COI,dx.doi.org/10.17504/protocols.io.mvzc676,27.0,CN18FESPkoa_SC34,GGWACWGGWTGAACWGTWTAYCCYCC TAAACTTCAGGGTGACCAAAAAATCA,,GGWACWGGWTGAACWGTWTAYCCYCC,TAAACTTCAGGGTGACCAAAAAATCA,CN18F,33.66889906,3G_ESP,Poretics,0.22um,-80C,1000ml,environmental,NGS Illumina Miseq,MSU,27.0,TAGCGAGT,COI,12.02720445,2018
CN18FESPkoa_SC32_FF,314.0,single_depth,FF,CN18FESPkoa_SC32_S31_L001_R2_001.fastq.gz,CN18FESPkoa_SC32_S31_L001_R1_001.fastq.gz,Chavez,,CANON,CN18F,9/10/18 21:44,36.95459369,-122.3317888,MBARI,Tethys,CANON,,,,27.0,,0.192460463,2018-09-10,20190507.0,10,34.26964331,CN18F,,marine biome  (ENVO:00000447),coastal water (ENVO:00001250),waterborne particulate matter (ENVO:01000436),mimarks survey,USA:California:Monterey Bay,mimarks survey,36.9545936928 N 122.331788785 W,FF29,FF29_TCATCGAG,9/10/18 15:33,9/10/18 14:44,COI,TCATCGAG,9,MBARI 2-step COI,dx.doi.org/10.17504/protocols.io.mvzc676,29.0,CN18FESPkoa_SC32,GGWACWGGWTGAACWGTWTAYCCYCC TAAACTTCAGGGTGACCAAAAAATCA,,GGWACWGGWTGAACWGTWTAYCCYCC,TAAACTTCAGGGTGACCAAAAAATCA,CN18F,33.66864974,3G_ESP,Poretics,0.22um,-80C,1000ml,environmental,NGS Illumina Miseq,MSU,29.0,TCATCGAG,COI,11.98173489,2018
CN18FESPkoa_SC31_FF,106.0,single_depth,FF,CN18FESPkoa_SC31_S38_L001_R2_001.fastq.gz,CN18FESPkoa_SC31_S38_L001_R1_001.fastq.gz,Chavez,,CANON,CN18F,9/10/18 23:49,36.95543702,-122.3157168,MBARI,Tethys,CANON,,,,28.0,,0.202034876,2018-09-10,20190507.0,10,17.95441159,CN18F,,marine biome  (ENVO:00000447),coastal water (ENVO:00001250),waterborne particulate matter (ENVO:01000436),mimarks survey,USA:California:Monterey Bay,mimarks survey,36.9554370211 N 122.315716807 W,FF30,FF30_CGTGAGTG,9/10/18 17:34,9/10/18 16:49,COI,CGTGAGTG,9,MBARI 2-step COI,dx.doi.org/10.17504/protocols.io.mvzc676,30.0,CN18FESPkoa_SC31,GGWACWGGWTGAACWGTWTAYCCYCC TAAACTTCAGGGTGACCAAAAAATCA,,GGWACWGGWTGAACWGTWTAYCCYCC,TAAACTTCAGGGTGACCAAAAAATCA,CN18F,33.67247071,3G_ESP,Poretics,0.22um,-80C,1000ml,environmental,NGS Illumina Miseq,MSU,30.0,CGTGAGTG,COI,11.98063508,2018
CN18FESPkoa_SC30_FF,309.0,single_depth,FF,CN18FESPkoa_SC30_S91_L001_R2_001.fastq.gz,CN18FESPkoa_SC30_S91_L001_R1_001.fastq.gz,Chavez,,CANON,CN18F,9/11/18 1:50,36.94470712,-122.2957471,MBARI,Tethys,CANON,,,,29.0,,0.356520863,2018-09-11,20190507.0,11,12.84975355,CN18F,,marine biome  (ENVO:00000447),coastal water (ENVO:00001250),waterborne particulate matter (ENVO:01000436),mimarks survey,USA:California:Monterey Bay,mimarks survey,36.9447071199 N 122.295747093 W,FF31,FF31_GGATATCT,9/10/18 19:43,9/10/18 18:50,COI,GGATATCT,9,MBARI 2-step COI,dx.doi.org/10.17504/protocols.io.mvzc676,31.0,CN18FESPkoa_SC30,GGWACWGGWTGAACWGTWTAYCCYCC TAAACTTCAGGGTGACCAAAAAATCA,,GGWACWGGWTGAACWGTWTAYCCYCC,TAAACTTCAGGGTGACCAAAAAATCA,CN18F,33.67334002,3G_ESP,Poretics,0.22um,-80C,1000ml,environmental,NGS Illumina Miseq,MSU,31.0,GGATATCT,COI,12.00892257,2018
CN18FESPkoa_SC29_FF,328.0,single_depth,FF,CN18FESPkoa_SC29_S15_L001_R2_001.fastq.gz,CN18FESPkoa_SC29_S15_L001_R1_001.fastq.gz,Chavez,,CANON,CN18F,9/11/18 3:59,36.92986729,-122.2888613,MBARI,Tethys,CANON,,,,30.0,,0.564779162,2018-09-11,20190508.0,11,24.12127247,CN18F,,marine biome  (ENVO:00000447),coastal water (ENVO:00001250),waterborne particulate matter (ENVO:01000436),mimarks survey,USA:California:Monterey Bay,mimarks survey,36.9298672859 N 122.288861347 W,FF33,FF33_ATCGTACG,9/10/18 21:46,9/10/18 20:59,COI,ATCGTACG,9,MBARI 2-step COI,dx.doi.org/10.17504/protocols.io.mvzc676,33.0,CN18FESPkoa_SC29,GGWACWGGWTGAACWGTWTAYCCYCC TAAACTTCAGGGTGACCAAAAAATCA,,GGWACWGGWTGAACWGTWTAYCCYCC,TAAACTTCAGGGTGACCAAAAAATCA,CN18F,33.66386124,3G_ESP,Poretics,0.22um,-80C,1000ml,environmental,NGS Illumina Miseq,MSU,33.0,ATCGTACG,COI,12.02154718,2018
CN18FESPkoa_SC26_FF,171.0,single_depth,FF,CN18FESPkoa_SC26_S80_L001_R2_001.fastq.gz,CN18FESPkoa_SC26_S80_L001_R1_001.fastq.gz,Chavez,,CANON,CN18F,9/11/18 10:13,36.92273,-122.2823776,MBARI,Tethys,CANON,,,,33.0,,0.439694949,2018-09-11,20190508.0,11,24.64197722,CN18F,,marine biome  (ENVO:00000447),coastal water (ENVO:00001250),waterborne particulate matter (ENVO:01000436),mimarks survey,USA:California:Monterey Bay,mimarks survey,36.9227300034 N 122.28237764 W,FF36,FF36_CTGCGTGT,9/11/18 4:02,9/11/18 3:13,COI,CTGCGTGT,9,MBARI 2-step COI,dx.doi.org/10.17504/protocols.io.mvzc676,36.0,CN18FESPkoa_SC26,GGWACWGGWTGAACWGTWTAYCCYCC TAAACTTCAGGGTGACCAAAAAATCA,,GGWACWGGWTGAACWGTWTAYCCYCC,TAAACTTCAGGGTGACCAAAAAATCA,CN18F,33.67793025,3G_ESP,Poretics,0.22um,-80C,1000ml,environmental,NGS Illumina Miseq,MSU,36.0,CTGCGTGT,COI,11.95838978,2018
CN18FESPkoa_SC24_FF,134.0,single_depth,FF,CN18FESPkoa_SC24_S9_L001_R2_001.fastq.gz,CN18FESPkoa_SC24_S9_L001_R1_001.fastq.gz,Chavez,,CANON,CN18F,9/11/18 14:22,36.91512386,-122.2735706,MBARI,Tethys,CANON,,,,35.0,,0.431699725,2018-09-11,20190508.0,11,33.19232641,CN18F,,marine biome  (ENVO:00000447),coastal water (ENVO:00001250),waterborne particulate matter (ENVO:01000436),mimarks survey,USA:California:Monterey Bay,mimarks survey,36.9151238577 N 122.273570588 W,FF38,FF38_CGTGAGTG,9/11/18 8:09,9/11/18 7:22,COI,CGTGAGTG,9,MBARI 2-step COI,dx.doi.org/10.17504/protocols.io.mvzc676,38.0,CN18FESPkoa_SC24,GGWACWGGWTGAACWGTWTAYCCYCC TAAACTTCAGGGTGACCAAAAAATCA,,GGWACWGGWTGAACWGTWTAYCCYCC,TAAACTTCAGGGTGACCAAAAAATCA,CN18F,33.62130153,3G_ESP,Poretics,0.22um,-80C,1000ml,environmental,NGS Illumina Miseq,MSU,38.0,CGTGAGTG,COI,11.98446347,2018
CN18Fc12_8_eDNA_GG,,,GG,CN18Fc12_8_eDNA_S70_L001_R1_001.fastq.gz,CN18Fc12_8_eDNA_S70_L001_R2_001.fastq.gz,,8.0,CANON,CN18F,2018-09-08 01:08:04,36.9848,-122.519,,WESTERN FLYER,CANON,30.061,TS,12,,1.0,,9/8/18 0:00,20190614.0,8.0,30.0,,4.212219999999999,marine biome  (ENVO:00000447),coastal water (ENVO:00001250),waterborne particulate matter (ENVO:01000436),mimarks survey,USA:California:Monterey Bay,mimarks survey,36.9848 N 122.5190 W,GG1,GG1_ACGACGTG,,,COI,,9.0,,,,CN18Fc12_8_eDNA,,30.287,GGWACWGGWTGAACWGTWTAYCCYCC,TAAACTTCAGGGTGACCAAAAAATCA,CN18F,33.6197,,Poretics,0.22um,,1000ml,environmental,NGS Illumina Miseq,,1.0,ACGACGTG,,13.0777,2018.0
CN18Fc19_5_eDNA_GG,,,GG,CN18Fc19_5_eDNA_S1_L001_R1_001.fastq.gz,CN18Fc19_5_eDNA_S1_L001_R2_001.fastq.gz,,5.0,CANON,CN18F,2018-09-08 18:32:04,36.9937,-122.468,,WESTERN FLYER,CANON,37.98,ESP,19,,2.0,,9/8/18 0:00,20190614.0,8.0,40.0,,4.17266,marine biome  (ENVO:00000447),coastal water (ENVO:00001250),waterborne particulate matter (ENVO:01000436),mimarks survey,USA:California:Monterey Bay,mimarks survey,36.9937 N 122.4680 W,GG2,GG2_ATATACAC,,,COI,,9.0,,,,CN18Fc19_5_eDNA,,38.267,GGWACWGGWTGAACWGTWTAYCCYCC,TAAACTTCAGGGTGACCAAAAAATCA,CN18F,33.6459,,Poretics,0.22um,,1000ml,environmental,NGS Illumina Miseq,,2.0,ATATACAC,,12.2474,2018.0
CN18Fc21_6_eDNA_GG,,,GG,CN18Fc21_6_eDNA_S94_L001_R1_001.fastq.gz,CN18Fc21_6_eDNA_S94_L001_R2_001.fastq.gz,,6.0,CANON,CN18F,2018-09-08 21:54:03,36.9898,-122.4682,,WESTERN FLYER,CANON,26.639,ESP,21,,3.0,,9/8/18 0:00,20190614.0,8.0,25.0,,3.70764,marine biome  (ENVO:00000447),coastal water (ENVO:00001250),waterborne particulate matter (ENVO:01000436),mimarks survey,USA:California:Monterey Bay,mimarks survey,36.9898 N 122.4682 W,GG3,GG3_CGTCGCTA,,,COI,,9.0,,,,CN18Fc21_6_eDNA,,26.839,GGWACWGGWTGAACWGTWTAYCCYCC,TAAACTTCAGGGTGACCAAAAAATCA,CN18F,33.6603,,Poretics,0.22um,,1000ml,environmental,NGS Illumina Miseq,,3.0,CGTCGCTA,,11.9639,2018.0
CN18Fc22_6_eDNA_GG,,,GG,CN18Fc22_6_eDNA_S93_L001_R1_001.fastq.gz,CN18Fc22_6_eDNA_S93_L001_R2_001.fastq.gz,,6.0,CANON,CN18F,2018-09-08 23:10:02,37.006,-122.467,,WESTERN FLYER,CANON,35.897,ESP,22,,4.0,,9/8/18 0:00,20190614.0,8.0,35.0,,3.83292,marine biome  (ENVO:00000447),coastal water (ENVO:00001250),waterborne particulate matter (ENVO:01000436),mimarks survey,USA:California:Monterey Bay,mimarks survey,37.0060 N 122.4670 W,GG4,GG4_CTAGAGCT,,,COI,,9.0,,,,CN18Fc22_6_eDNA,,36.167,GGWACWGGWTGAACWGTWTAYCCYCC,TAAACTTCAGGGTGACCAAAAAATCA,CN18F,33.653,,Poretics,0.22um,,1000ml,environmental,NGS Illumina Miseq,,4.0,CTAGAGCT,,12.0074,2018.0
CN18Fc24_6_eDNA_GG,,,GG,CN18Fc24_6_eDNA_S82_L001_R1_001.fastq.gz,CN18Fc24_6_eDNA_S82_L001_R2_001.fastq.gz,,6.0,CANON,CN18F,2018-09-09 03:09:01,37.0077,-122.4493,,WESTERN FLYER,CANON,26.321,ESP,24,,5.0,,9/9/18 0:00,20190614.0,9.0,25.0,,3.78649,marine biome  (ENVO:00000447),coastal water (ENVO:00001250),waterborne particulate matter (ENVO:01000436),mimarks survey,USA:California:Monterey Bay,mimarks survey,37.0077 N 122.4493 W,GG5,GG5_GCTCTAGT,,,COI,,9.0,,,,CN18Fc24_6_eDNA,,26.519,GGWACWGGWTGAACWGTWTAYCCYCC,TAAACTTCAGGGTGACCAAAAAATCA,CN18F,33.6532,,Poretics,0.22um,,1000ml,environmental,NGS Illumina Miseq,,5.0,GCTCTAGT,,12.0972,2018.0
CN18Fc25_5_eDNA_GG,,,GG,CN18Fc25_5_eDNA_S81_L001_R1_001.fastq.gz,CN18Fc25_5_eDNA_S81_L001_R2_001.fastq.gz,,5.0,CANON,CN18F,2018-09-09 05:13:05,37.0127,-122.4413,,WESTERN FLYER,CANON,30.73,ESP,25,,6.0,,9/9/18 0:00,20190614.0,9.0,30.0,,3.61299,marine biome  (ENVO:00000447),coastal water (ENVO:00001250),waterborne particulate matter (ENVO:01000436),mimarks survey,USA:California:Monterey Bay,mimarks survey,37.0127 N 122.4413 W,GG6,GG6_GACACTGA,,,COI,,9.0,,,,CN18Fc25_5_eDNA,,30.961,GGWACWGGWTGAACWGTWTAYCCYCC,TAAACTTCAGGGTGACCAAAAAATCA,CN18F,33.6788,,Poretics,0.22um,,1000ml,environmental,NGS Illumina Miseq,,6.0,GACACTGA,,11.5667,2018.0
CN18Fc27_4_eDNA_GG,,,GG,CN18Fc27_4_eDNA_S10_L001_R1_001.fastq.gz,CN18Fc27_4_eDNA_S10_L001_R2_001.fastq.gz,,4.0,CANON,CN18F,2018-09-09 10:58:02,37.0052,-122.4185,,WESTERN FLYER,CANON,44.679,ESP,27,,7.0,,9/9/18 0:00,20190614.0,9.0,45.0,,3.83267,marine biome  (ENVO:00000447),coastal water (ENVO:00001250),waterborne particulate matter (ENVO:01000436),mimarks survey,USA:California:Monterey Bay,mimarks survey,37.0052 N 122.4185 W,GG7,GG7_TGCGTACG,,,COI,,9.0,,,,CN18Fc27_4_eDNA,,45.01600000000001,GGWACWGGWTGAACWGTWTAYCCYCC,TAAACTTCAGGGTGACCAAAAAATCA,CN18F,33.6555,,Poretics,0.22um,,1000ml,environmental,NGS Illumina Miseq,,7.0,TGCGTACG,,12.041,2018.0
CN18Fc29_6_eDNA_GG,,,GG,CN18Fc29_6_eDNA_S30_L001_R1_001.fastq.gz,CN18Fc29_6_eDNA_S30_L001_R2_001.fastq.gz,,6.0,CANON,CN18F,2018-09-09 15:04:01,36.9977,-122.4128,,WESTERN FLYER,CANON,29.386,ESP,29,,8.0,,9/9/18 0:00,20190614.0,9.0,30.0,,3.82225,marine biome  (ENVO:00000447),coastal water (ENVO:00001250),waterborne particulate matter (ENVO:01000436),mimarks survey,USA:California:Monterey Bay,mimarks survey,36.9977 N 122.4128 W,GG8,GG8_TAGTGTAG,,,COI,,9.0,,,,CN18Fc29_6_eDNA,,29.607,GGWACWGGWTGAACWGTWTAYCCYCC,TAAACTTCAGGGTGACCAAAAAATCA,CN18F,33.6561,,Poretics,0.22um,,1000ml,environmental,NGS Illumina Miseq,,8.0,TAGTGTAG,,11.9631,2018.0
CN18Fc30_4_eDNA_GG,,,GG,CN18Fc30_4_eDNA_S64_L001_R1_001.fastq.gz,CN18Fc30_4_eDNA_S64_L001_R2_001.fastq.gz,,4.0,CANON,CN18F,2018-09-09 17:04:03,36.9977,-122.4165,,WESTERN FLYER,CANON,38.928,ESP,30,,9.0,,9/9/18 0:00,20190614.0,9.0,40.0,,3.65703,marine biome  (ENVO:00000447),coastal water (ENVO:00001250),waterborne particulate matter (ENVO:01000436),mimarks survey,USA:California:Monterey Bay,mimarks survey,36.9977 N 122.4165 W,GG9,GG9_ACGACGTG,,,COI,,9.0,,,,CN18Fc30_4_eDNA,,39.222,GGWACWGGWTGAACWGTWTAYCCYCC,TAAACTTCAGGGTGACCAAAAAATCA,CN18F,33.6699,,Poretics,0.22um,,1000ml,environmental,NGS Illumina Miseq,,9.0,ACGACGTG,,11.7004,2018.0
CN18Fc32_4_eDNA_GG,,,GG,CN18Fc32_4_eDNA_S11_L001_R1_001.fastq.gz,CN18Fc32_4_eDNA_S11_L001_R2_001.fastq.gz,,4.0,CANON,CN18F,2018-09-09 21:49:04,36.9973,-122.4083,,WESTERN FLYER,CANON,40.44,ESP,32,,10.0,,9/9/18 0:00,20190614.0,9.0,40.0,,3.3802800000000004,marine biome  (ENVO:00000447),coastal water (ENVO:00001250),waterborne particulate matter (ENVO:01000436),mimarks survey,USA:California:Monterey Bay,mimarks survey,36.9973 N 122.4083 W,GG10,GG10_ATATACAC,,,COI,,9.0,,,,CN18Fc32_4_eDNA,,40.745,GGWACWGGWTGAACWGTWTAYCCYCC,TAAACTTCAGGGTGACCAAAAAATCA,CN18F,33.6943,,Poretics,0.22um,,1000ml,environmental,NGS Illumina Miseq,,10.0,ATATACAC,,11.3054,2018.0
CN18Fc33_5_eDNA_GG,,,GG,CN18Fc33_5_eDNA_S90_L001_R1_001.fastq.gz,CN18Fc33_5_eDNA_S90_L001_R2_001.fastq.gz,,5.0,CANON,CN18F,2018-09-09 23:31:00,36.9898,-122.4055,,WESTERN FLYER,CANON,35.447,ESP,33,,11.0,,9/9/18 0:00,20190614.0,9.0,35.0,,3.74775,marine biome  (ENVO:00000447),coastal water (ENVO:00001250),waterborne particulate matter (ENVO:01000436),mimarks survey,USA:California:Monterey Bay,mimarks survey,36.9898 N 122.4055 W,GG11,GG11_CGTCGCTA,,,COI,,9.0,,,,CN18Fc33_5_eDNA,,35.714,GGWACWGGWTGAACWGTWTAYCCYCC,TAAACTTCAGGGTGACCAAAAAATCA,CN18F,33.6583,,Poretics,0.22um,,1000ml,environmental,NGS Illumina Miseq,,11.0,CGTCGCTA,,12.0082,2018.0
CN18Fc36_6_eDNA_GG,,,GG,CN18Fc36_6_eDNA_S21_L001_R1_001.fastq.gz,CN18Fc36_6_eDNA_S21_L001_R2_001.fastq.gz,,6.0,CANON,CN18F,2018-09-10 05:07:01,37.0012,-122.3755,,WESTERN FLYER,CANON,19.829,ESP,36,,13.0,,9/10/18 0:00,20190614.0,10.0,20.0,,3.67785,marine biome  (ENVO:00000447),coastal water (ENVO:00001250),waterborne particulate matter (ENVO:01000436),mimarks survey,USA:California:Monterey Bay,mimarks survey,37.0012 N 122.3755 W,GG13,GG13_GCTCTAGT,,,COI,,9.0,,,,CN18Fc36_6_eDNA,,19.978,GGWACWGGWTGAACWGTWTAYCCYCC,TAAACTTCAGGGTGACCAAAAAATCA,CN18F,33.6626,,Poretics,0.22um,,1000ml,environmental,NGS Illumina Miseq,,13.0,GCTCTAGT,,11.9012,2018.0
CN18Fc38_5_eDNA_GG,,,GG,CN18Fc38_5_eDNA_S5_L001_R1_001.fastq.gz,CN18Fc38_5_eDNA_S5_L001_R2_001.fastq.gz,,5.0,CANON,CN18F,2018-09-10 11:26:01,36.9742,-122.3533,,WESTERN FLYER,CANON,31.483,ESP,38,,14.0,,9/10/18 0:00,20190614.0,10.0,30.0,,3.76176,marine biome  (ENVO:00000447),coastal water (ENVO:00001250),waterborne particulate matter (ENVO:01000436),mimarks survey,USA:California:Monterey Bay,mimarks survey,36.9742 N 122.3533 W,GG14,GG14_GACACTGA,,,COI,,9.0,,,,CN18Fc38_5_eDNA,,31.72,GGWACWGGWTGAACWGTWTAYCCYCC,TAAACTTCAGGGTGACCAAAAAATCA,CN18F,33.6595,,Poretics,0.22um,,1000ml,environmental,NGS Illumina Miseq,,14.0,GACACTGA,,11.935,2018.0
CN18Fc40_6_eDNA_GG,,,GG,CN18Fc40_6_eDNA_S4_L001_R1_001.fastq.gz,CN18Fc40_6_eDNA_S4_L001_R2_001.fastq.gz,,6.0,CANON,CN18F,2018-09-10 15:13:05,36.9662,-122.3437,,WESTERN FLYER,CANON,23.592,ESP,40,,15.0,,9/10/18 0:00,20190614.0,10.0,25.0,,3.79945,marine biome  (ENVO:00000447),coastal water (ENVO:00001250),waterborne particulate matter (ENVO:01000436),mimarks survey,USA:California:Monterey Bay,mimarks survey,36.9662 N 122.3437 W,GG15,GG15_TGCGTACG,,,COI,,9.0,,,,CN18Fc40_6_eDNA,,23.769,GGWACWGGWTGAACWGTWTAYCCYCC,TAAACTTCAGGGTGACCAAAAAATCA,CN18F,33.6603,,Poretics,0.22um,,1000ml,environmental,NGS Illumina Miseq,,15.0,TGCGTACG,,11.9644,2018.0
CN18Fc41_6_eDNA_GG,,,GG,CN18Fc41_6_eDNA_S44_L001_R1_001.fastq.gz,CN18Fc41_6_eDNA_S44_L001_R2_001.fastq.gz,,6.0,CANON,CN18F,2018-09-10 17:07:01,36.9607,-122.3422,,WESTERN FLYER,CANON,23.368,ESP,41,,16.0,,9/10/18 0:00,20190614.0,10.0,25.0,,3.80826,marine biome  (ENVO:00000447),coastal water (ENVO:00001250),waterborne particulate matter (ENVO:01000436),mimarks survey,USA:California:Monterey Bay,mimarks survey,36.9607 N 122.3422 W,GG16,GG16_TAGTGTAG,,,COI,,9.0,,,,CN18Fc41_6_eDNA,,23.544,GGWACWGGWTGAACWGTWTAYCCYCC,TAAACTTCAGGGTGACCAAAAAATCA,CN18F,33.6606,,Poretics,0.22um,,1000ml,environmental,NGS Illumina Miseq,,16.0,TAGTGTAG,,11.8992,2018.0
CN18Fc43_5_eDNA_GG,,,GG,CN18Fc43_5_eDNA_S57_L001_R1_001.fastq.gz,CN18Fc43_5_eDNA_S57_L001_R2_001.fastq.gz,,5.0,CANON,CN18F,2018-09-10 22:02:04,36.9545,-122.337,,WESTERN FLYER,CANON,30.095,ESP,43,,17.0,,9/10/18 0:00,20190614.0,10.0,30.0,,3.77034,marine biome  (ENVO:00000447),coastal water (ENVO:00001250),waterborne particulate matter (ENVO:01000436),mimarks survey,USA:California:Monterey Bay,mimarks survey,36.9545 N 122.3370 W,GG17,GG17_ACGACGTG,,,COI,,9.0,,,,CN18Fc43_5_eDNA,,30.322,GGWACWGGWTGAACWGTWTAYCCYCC,TAAACTTCAGGGTGACCAAAAAATCA,CN18F,33.6614,,Poretics,0.22um,,1000ml,environmental,NGS Illumina Miseq,,17.0,ACGACGTG,,11.9055,2018.0
CN18Fc44_8_eDNA_GG,,,GG,CN18Fc44_8_eDNA_S71_L001_R1_001.fastq.gz,CN18Fc44_8_eDNA_S71_L001_R2_001.fastq.gz,,8.0,CANON,CN18F,2018-09-10 23:07:00,36.9543,-122.3333,,WESTERN FLYER,CANON,19.985,ESP,44,,18.0,,9/10/18 0:00,20190614.0,10.0,20.0,,3.79052,marine biome  (ENVO:00000447),coastal water (ENVO:00001250),waterborne particulate matter (ENVO:01000436),mimarks survey,USA:California:Monterey Bay,mimarks survey,36.9543 N 122.3333 W,GG18,GG18_ATATACAC,,,COI,,9.0,,,,CN18Fc44_8_eDNA,,20.135,GGWACWGGWTGAACWGTWTAYCCYCC,TAAACTTCAGGGTGACCAAAAAATCA,CN18F,33.658,,Poretics,0.22um,,900ml,environmental,NGS Illumina Miseq,,18.0,ATATACAC,,12.0207,2018.0
CN18Fc46_8_eDNA_GG,,,GG,CN18Fc46_8_eDNA_S68_L001_R1_001.fastq.gz,CN18Fc46_8_eDNA_S68_L001_R2_001.fastq.gz,,8.0,CANON,CN18F,2018-09-11 03:11:00,36.9405,-122.2938,,WESTERN FLYER,CANON,11.292,ESP,46,,19.0,,9/11/18 0:00,20190614.0,11.0,10.0,,3.9313,marine biome  (ENVO:00000447),coastal water (ENVO:00001250),waterborne particulate matter (ENVO:01000436),mimarks survey,USA:California:Monterey Bay,mimarks survey,36.9405 N 122.2938 W,GG19,GG19_CGTCGCTA,,,COI,,9.0,,,,CN18Fc46_8_eDNA,,11.376,GGWACWGGWTGAACWGTWTAYCCYCC,TAAACTTCAGGGTGACCAAAAAATCA,CN18F,33.6471,,Poretics,0.22um,,1000ml,environmental,NGS Illumina Miseq,,19.0,CGTCGCTA,,12.1808,2018.0
CN18Fc47_6_eDNA_GG,,,GG,CN18Fc47_6_eDNA_S20_L001_R1_001.fastq.gz,CN18Fc47_6_eDNA_S20_L001_R2_001.fastq.gz,,6.0,CANON,CN18F,2018-09-11 04:39:04,36.9267,-122.2925,,WESTERN FLYER,CANON,24.749,ESP,47,,20.0,,9/11/18 0:00,20190614.0,11.0,25.0,,3.7526,marine biome  (ENVO:00000447),coastal water (ENVO:00001250),waterborne particulate matter (ENVO:01000436),mimarks survey,USA:California:Monterey Bay,mimarks survey,36.9267 N 122.2925 W,GG20,GG20_CTAGAGCT,,,COI,,9.0,,,,CN18Fc47_6_eDNA,,24.935,GGWACWGGWTGAACWGTWTAYCCYCC,TAAACTTCAGGGTGACCAAAAAATCA,CN18F,33.658,,Poretics,0.22um,,1000ml,environmental,NGS Illumina Miseq,,20.0,CTAGAGCT,,12.0166,2018.0
CN18Fc49_6_eDNA_GG,,,GG,CN18Fc49_6_eDNA_S55_L001_R1_001.fastq.gz,CN18Fc49_6_eDNA_S55_L001_R2_001.fastq.gz,,6.0,CANON,CN18F,2018-09-11 10:24:01,36.927,-122.284,,WESTERN FLYER,CANON,26.281,ESP,49,,21.0,,9/11/18 0:00,20190614.0,11.0,25.0,,4.04826,marine biome  (ENVO:00000447),coastal water (ENVO:00001250),waterborne particulate matter (ENVO:01000436),mimarks survey,USA:California:Monterey Bay,mimarks survey,36.9270 N 122.2840 W,GG21,GG21_GCTCTAGT,,,COI,,9.0,,,,CN18Fc49_6_eDNA,,26.478,GGWACWGGWTGAACWGTWTAYCCYCC,TAAACTTCAGGGTGACCAAAAAATCA,CN18F,33.6303,,Poretics,0.22um,,1000ml,environmental,NGS Illumina Miseq,,21.0,GCTCTAGT,,12.3599,2018.0
CN18Fc51_5_eDNA_GG,,,GG,CN18Fc51_5_eDNA_S24_L001_R1_001.fastq.gz,CN18Fc51_5_eDNA_S24_L001_R2_001.fastq.gz,,5.0,CANON,CN18F,2018-09-11 14:34:02,36.9175,-122.2742,,WESTERN FLYER,CANON,34.341,ESP,51,,22.0,,9/11/18 0:00,20190614.0,11.0,35.0,,3.97222,marine biome  (ENVO:00000447),coastal water (ENVO:00001250),waterborne particulate matter (ENVO:01000436),mimarks survey,USA:California:Monterey Bay,mimarks survey,36.9175 N 122.2742 W,GG22,GG22_GACACTGA,,,COI,,9.0,,,,CN18Fc51_5_eDNA,,34.6,GGWACWGGWTGAACWGTWTAYCCYCC,TAAACTTCAGGGTGACCAAAAAATCA,CN18F,33.6506,,Poretics,0.22um,,1000ml,environmental,NGS Illumina Miseq,,22.0,GACACTGA,,11.9796,2018.0
CN18Sc09_2_eDNA_Y,,,Y,CN18Sc09_2_eDNA_S1_L001_R1_001.fastq.gz,CN18Sc09_2_eDNA_S1_L001_R2_001.fastq.gz,Chavez,2.0,CANON,CN18S,6/6/2018 19:39,36.9875,-122.517,MBARI,WESTERN FLYER,CANON,197.679,TS,9.0,,,0.044485714,2018-06-06,20180820.0,6.0,200.0,CN18S,1.79102,marine biome  (ENVO:00000447),coastal water (ENVO:00001250),waterborne particulate matter (ENVO:01000436),mimarks survey,USA:California:Monterey Bay,mimarks survey,36.9875 N 122.5170 W,Y1,Y1_ATCGTACG,,,COI,ATTGTTCCTACC,6.0,dx.doi.org/10.17504/protocols.io.mwnc7de,dx.doi.org/10.17504/protocols.io.mvzc676,1.0,CN18Sc09_2_eDNA,GGWACWGGWTGAACWGTWTAYCCYCC TAAACTTCAGGGTGACCAAAAAATCA,199.247,GGWACWGGWTGAACWGTWTAYCCYCC,TAAACTTCAGGGTGACCAAAAAATCA,CN18S,34.0447,CTD/SBE911_Rosette_with_Niskin_bottle,Poretics,0.22um,-80C,1000ml,environmental,NGS Illumina Miseq,MSU,1.0,ATCGTACG,COI,8.4613,2018.0
CN18Sc10_2_eDNA_Y,,,Y,CN18Sc10_2_eDNA_S25_L001_R1_001.fastq.gz,CN18Sc10_2_eDNA_S25_L001_R2_001.fastq.gz,Chavez,2.0,CANON,CN18S,6/7/2018 1:08,36.9783,-122.5182,MBARI,WESTERN FLYER,CANON,201.159,TS,10.0,,,0.0425085709999999,2018-06-07,20180820.0,7.0,200.0,CN18S,1.71053,marine biome  (ENVO:00000447),coastal water (ENVO:00001250),waterborne particulate matter (ENVO:01000436),mimarks survey,USA:California:Monterey Bay,mimarks survey,36.9783 N 122.5182 W,Y3,Y3_TAGCGAGT,,,COI,TTCCTAGGCCAG,6.0,dx.doi.org/10.17504/protocols.io.mwnc7de,dx.doi.org/10.17504/protocols.io.mvzc676,3.0,CN18Sc10_2_eDNA,GGWACWGGWTGAACWGTWTAYCCYCC TAAACTTCAGGGTGACCAAAAAATCA,202.757,GGWACWGGWTGAACWGTWTAYCCYCC,TAAACTTCAGGGTGACCAAAAAATCA,CN18S,34.0568,CTD/SBE911_Rosette_with_Niskin_bottle,Poretics,0.22um,-80C,1000ml,environmental,NGS Illumina Miseq,MSU,3.0,TAGCGAGT,COI,8.4878,2018.0
CN18Sc14_2_eDNA_Y,,,Y,CN18Sc14_2_eDNA_S74_L001_R1_001.fastq.gz,CN18Sc14_2_eDNA_S74_L001_R2_001.fastq.gz,Chavez,2.0,CANON,CN18S,6/7/2018 13:04,36.9882,-122.5198,MBARI,WESTERN FLYER,CANON,195.591,TS,14.0,,,0.043793714,2018-06-07,20180820.0,7.0,195.0,CN18S,1.7873400000000002,marine biome  (ENVO:00000447),coastal water (ENVO:00001250),waterborne particulate matter (ENVO:01000436),mimarks survey,USA:California:Monterey Bay,mimarks survey,36.9882 N 122.5198 W,Y15,Y15_GGATATCT,,,COI,CTACTTACATCC,6.0,dx.doi.org/10.17504/protocols.io.mwnc7de,dx.doi.org/10.17504/protocols.io.mvzc676,15.0,CN18Sc14_2_eDNA,GGWACWGGWTGAACWGTWTAYCCYCC TAAACTTCAGGGTGACCAAAAAATCA,197.142,GGWACWGGWTGAACWGTWTAYCCYCC,TAAACTTCAGGGTGACCAAAAAATCA,CN18S,34.0504,CTD/SBE911_Rosette_with_Niskin_bottle,Poretics,0.22um,-80C,1000ml,environmental,NGS Illumina Miseq,MSU,15.0,GGATATCT,COI,8.3564,2018.0
CN18Sc14_8_eDNA_Y,,,Y,CN18Sc14_8_eDNA_S15_L001_R1_001.fastq.gz,CN18Sc14_8_eDNA_S15_L001_R2_001.fastq.gz,Chavez,8.0,CANON,CN18S,6/7/2018 13:04,36.9882,-122.5198,MBARI,WESTERN FLYER,CANON,30.346,TS,14.0,,,0.632685714,2018-06-07,20180820.0,7.0,30.0,CN18S,3.3755900000000003,marine biome  (ENVO:00000447),coastal water (ENVO:00001250),waterborne particulate matter (ENVO:01000436),mimarks survey,USA:California:Monterey Bay,mimarks survey,36.9882 N 122.5198 W,Y18,Y18_ACTATCTG,,,COI,CGATAGGCCTTA,6.0,dx.doi.org/10.17504/protocols.io.mwnc7de,dx.doi.org/10.17504/protocols.io.mvzc676,18.0,CN18Sc14_8_eDNA,GGWACWGGWTGAACWGTWTAYCCYCC TAAACTTCAGGGTGACCAAAAAATCA,30.574,GGWACWGGWTGAACWGTWTAYCCYCC,TAAACTTCAGGGTGACCAAAAAATCA,CN18S,33.7876,CTD/SBE911_Rosette_with_Niskin_bottle,Poretics,0.22um,-80C,1000ml,environmental,NGS Illumina Miseq,MSU,18.0,ACTATCTG,COI,10.0097,2018.0
CN18Sc15_2_eDNA_Y,,,Y,CN18Sc15_2_eDNA_S51_L001_R1_001.fastq.gz,CN18Sc15_2_eDNA_S51_L001_R2_001.fastq.gz,Chavez,2.0,CANON,CN18S,6/7/2018 19:02,36.98,-122.5313,MBARI,WESTERN FLYER,CANON,195.61900000000003,TS,15.0,,,0.05536,2018-06-07,20180820.0,7.0,195.0,CN18S,1.74591,marine biome  (ENVO:00000447),coastal water (ENVO:00001250),waterborne particulate matter (ENVO:01000436),mimarks survey,USA:California:Monterey Bay,mimarks survey,36.9800 N 122.5313 W,Y21,Y21_TCATCGAG,,,COI,ATTATCGTCCCT,6.0,dx.doi.org/10.17504/protocols.io.mwnc7de,dx.doi.org/10.17504/protocols.io.mvzc676,21.0,CN18Sc15_2_eDNA,GGWACWGGWTGAACWGTWTAYCCYCC TAAACTTCAGGGTGACCAAAAAATCA,197.17,GGWACWGGWTGAACWGTWTAYCCYCC,TAAACTTCAGGGTGACCAAAAAATCA,CN18S,34.0481,CTD/SBE911_Rosette_with_Niskin_bottle,Poretics,0.22um,-80C,1000ml,environmental,NGS Illumina Miseq,MSU,21.0,TCATCGAG,COI,8.5451,2018.0
CN18Sc15_8_eDNA_Y,,,Y,CN18Sc15_8_eDNA_S87_L001_R1_001.fastq.gz,CN18Sc15_8_eDNA_S87_L001_R2_001.fastq.gz,Chavez,8.0,CANON,CN18S,6/7/2018 19:02,36.98,-122.5313,MBARI,WESTERN FLYER,CANON,30.12,TS,15.0,,,4.942857143,2018-06-07,20180820.0,7.0,30.0,CN18S,5.02883,marine biome  (ENVO:00000447),coastal water (ENVO:00001250),waterborne particulate matter (ENVO:01000436),mimarks survey,USA:California:Monterey Bay,mimarks survey,36.9800 N 122.5313 W,Y24,Y24_GACACCGT,,,COI,GAGGACCAGCAA,6.0,dx.doi.org/10.17504/protocols.io.mwnc7de,dx.doi.org/10.17504/protocols.io.mvzc676,24.0,CN18Sc15_8_eDNA,GGWACWGGWTGAACWGTWTAYCCYCC TAAACTTCAGGGTGACCAAAAAATCA,30.347,GGWACWGGWTGAACWGTWTAYCCYCC,TAAACTTCAGGGTGACCAAAAAATCA,CN18S,33.7886,CTD/SBE911_Rosette_with_Niskin_bottle,Poretics,0.22um,-80C,1000ml,environmental,NGS Illumina Miseq,MSU,24.0,GACACCGT,COI,10.9701,2018.0
CN18Sc18_2_eDNA_Y,,,Y,CN18Sc18_2_eDNA_S17_L001_R1_001.fastq.gz,CN18Sc18_2_eDNA_S17_L001_R2_001.fastq.gz,Chavez,2.0,CANON,CN18S,6/8/2018 1:06,36.9882,-122.5198,MBARI,WESTERN FLYER,CANON,199.803,TS,18.0,,,0.0701885709999999,2018-06-08,20180821.0,8.0,200.0,CN18S,2.05723,marine biome  (ENVO:00000447),coastal water (ENVO:00001250),waterborne particulate matter (ENVO:01000436),mimarks survey,USA:California:Monterey Bay,mimarks survey,36.9882 N 122.5198 W,Y34,Y34_ACTATCTG,,,COI,CTTAGGCATGTG,6.0,dx.doi.org/10.17504/protocols.io.mwnc7de,dx.doi.org/10.17504/protocols.io.mvzc676,34.0,CN18Sc18_2_eDNA,GGWACWGGWTGAACWGTWTAYCCYCC TAAACTTCAGGGTGACCAAAAAATCA,201.39,GGWACWGGWTGAACWGTWTAYCCYCC,TAAACTTCAGGGTGACCAAAAAATCA,CN18S,33.9981,CTD/SBE911_Rosette_with_Niskin_bottle,Poretics,0.22um,-80C,1000ml,environmental,NGS Illumina Miseq,MSU,34.0,ACTATCTG,COI,8.5901,2018.0
CN18Sc18_8_eDNA_Y,,,Y,CN18Sc18_8_eDNA_S29_L001_R1_001.fastq.gz,CN18Sc18_8_eDNA_S29_L001_R2_001.fastq.gz,Chavez,8.0,CANON,CN18S,6/8/2018 1:06,36.9882,-122.5198,MBARI,WESTERN FLYER,CANON,30.914,TS,18.0,,,0.632685714,2018-06-08,20180821.0,8.0,30.0,CN18S,3.92993,marine biome  (ENVO:00000447),coastal water (ENVO:00001250),waterborne particulate matter (ENVO:01000436),mimarks survey,USA:California:Monterey Bay,mimarks survey,36.9882 N 122.5198 W,Y35,Y35_TAGCGAGT,,,COI,GAGCGTATCCAT,6.0,dx.doi.org/10.17504/protocols.io.mwnc7de,dx.doi.org/10.17504/protocols.io.mvzc676,35.0,CN18Sc18_8_eDNA,GGWACWGGWTGAACWGTWTAYCCYCC TAAACTTCAGGGTGACCAAAAAATCA,31.147,GGWACWGGWTGAACWGTWTAYCCYCC,TAAACTTCAGGGTGACCAAAAAATCA,CN18S,33.7643,CTD/SBE911_Rosette_with_Niskin_bottle,Poretics,0.22um,-80C,1000ml,environmental,NGS Illumina Miseq,MSU,35.0,TAGCGAGT,COI,10.5804,2018.0
CN18Sc27_2_eDNA_Y,,,Y,CN18Sc27_2_eDNA_S65_L001_R1_001.fastq.gz,CN18Sc27_2_eDNA_S65_L001_R2_001.fastq.gz,Chavez,2.0,CANON,CN18S,6/8/2018 19:10,36.9882,-122.5202,MBARI,WESTERN FLYER,CANON,201.748,TS,27.0,,,0.033611429,2018-06-08,20180821.0,8.0,200.0,CN18S,1.4301700000000002,marine biome  (ENVO:00000447),coastal water (ENVO:00001250),waterborne particulate matter (ENVO:01000436),mimarks survey,USA:California:Monterey Bay,mimarks survey,36.9882 N 122.5202 W,Y38,Y38_CGTGAGTG,,,COI,GGCGATTTACGT,6.0,dx.doi.org/10.17504/protocols.io.mwnc7de,dx.doi.org/10.17504/protocols.io.mvzc676,38.0,CN18Sc27_2_eDNA,GGWACWGGWTGAACWGTWTAYCCYCC TAAACTTCAGGGTGACCAAAAAATCA,203.351,GGWACWGGWTGAACWGTWTAYCCYCC,TAAACTTCAGGGTGACCAAAAAATCA,CN18S,34.1077,CTD/SBE911_Rosette_with_Niskin_bottle,Poretics,0.22um,-80C,1000ml,environmental,NGS Illumina Miseq,MSU,38.0,CGTGAGTG,COI,7.8489,2018.0
CN18Sc27_8_eDNA_Y,,,Y,CN18Sc27_8_eDNA_S77_L001_R1_001.fastq.gz,CN18Sc27_8_eDNA_S77_L001_R2_001.fastq.gz,Chavez,8.0,CANON,CN18S,6/8/2018 19:10,36.9882,-122.5202,MBARI,WESTERN FLYER,CANON,29.712,TS,27.0,,,1.423542857,2018-06-08,20180821.0,8.0,30.0,CN18S,4.07827,marine biome  (ENVO:00000447),coastal water (ENVO:00001250),waterborne particulate matter (ENVO:01000436),mimarks survey,USA:California:Monterey Bay,mimarks survey,36.9882 N 122.5202 W,Y39,Y39_GGATATCT,,,COI,ACCAATCTCGGC,6.0,dx.doi.org/10.17504/protocols.io.mwnc7de,dx.doi.org/10.17504/protocols.io.mvzc676,39.0,CN18Sc27_8_eDNA,GGWACWGGWTGAACWGTWTAYCCYCC TAAACTTCAGGGTGACCAAAAAATCA,29.935,GGWACWGGWTGAACWGTWTAYCCYCC,TAAACTTCAGGGTGACCAAAAAATCA,CN18S,33.7606,CTD/SBE911_Rosette_with_Niskin_bottle,Poretics,0.22um,-80C,1000ml,environmental,NGS Illumina Miseq,MSU,39.0,GGATATCT,COI,10.5551,2018.0
CN18SESPkoa_SC49_Y,,,Y,CN18SESPkoa_SC49_S81_L001_R1_001.fastq.gz,CN18SESPkoa_SC49_S81_L001_R2_001.fastq.gz,Chavez,,CANON,CN18S,6/6/2018 12:59,36.983,-122.52,MBARI,MAKAI,CANON,,,,,,0.08075001,2018-06-06,20180822.0,6.0,200.0050058,CN18S,2.093012776,marine biome  (ENVO:00000447),coastal water (ENVO:00001250),waterborne particulate matter (ENVO:01000436),mimarks survey,USA:California:Monterey Bay,mimarks survey,36.983 N 122.52 W,Y71,Y71_GGATATCT,,,COI,CTTCCAACTCAT,6.0,dx.doi.org/10.17504/protocols.io.mwnc7de,dx.doi.org/10.17504/protocols.io.mvzc676,71.0,CN18SESPkoa_SC49,GGWACWGGWTGAACWGTWTAYCCYCC TAAACTTCAGGGTGACCAAAAAATCA,,GGWACWGGWTGAACWGTWTAYCCYCC,TAAACTTCAGGGTGACCAAAAAATCA,CN18S,34.06403946,3G_ESP,Poretics,0.22um,-80C,1000ml,environmental,NGS Illumina Miseq,MSU,71.0,GGATATCT,COI,8.391116438,2018.0
CN18SESPkoa_SC47_Y,,,Y,CN18SESPkoa_SC47_S93_L001_R1_001.fastq.gz,CN18SESPkoa_SC47_S93_L001_R2_001.fastq.gz,Chavez,,CANON,CN18S,6/6/2018 17:53,36.983,-122.52,MBARI,MAKAI,CANON,,,,,,0.079528255,2018-06-06,20180822.0,6.0,200.0084395,CN18S,2.144559356,marine biome  (ENVO:00000447),coastal water (ENVO:00001250),waterborne particulate matter (ENVO:01000436),mimarks survey,USA:California:Monterey Bay,mimarks survey,36.983 N 122.52 W,Y72,Y72_GACACCGT,,,COI,TGTGTAGCCATG,6.0,dx.doi.org/10.17504/protocols.io.mwnc7de,dx.doi.org/10.17504/protocols.io.mvzc676,72.0,CN18SESPkoa_SC47,GGWACWGGWTGAACWGTWTAYCCYCC TAAACTTCAGGGTGACCAAAAAATCA,,GGWACWGGWTGAACWGTWTAYCCYCC,TAAACTTCAGGGTGACCAAAAAATCA,CN18S,34.0578001,3G_ESP,Poretics,0.22um,-80C,1000ml,environmental,NGS Illumina Miseq,MSU,72.0,GACACCGT,COI,8.405669543,2018.0
CN18SESPkoa_SC45_Y,,,Y,CN18SESPkoa_SC45_S10_L001_R1_001.fastq.gz,CN18SESPkoa_SC45_S10_L001_R2_001.fastq.gz,Chavez,,CANON,CN18S,6/7/2018 5:59,36.983,-122.52,MBARI,MAKAI,CANON,,,,,,0.085174884,2018-06-07,20180822.0,7.0,199.9964608,CN18S,2.122532881,marine biome  (ENVO:00000447),coastal water (ENVO:00001250),waterborne particulate matter (ENVO:01000436),mimarks survey,USA:California:Monterey Bay,mimarks survey,36.983 N 122.52 W,Y73,Y73_ATCGTACG,,,COI,CTCCCTTTGTGT,6.0,dx.doi.org/10.17504/protocols.io.mwnc7de,dx.doi.org/10.17504/protocols.io.mvzc676,73.0,CN18SESPkoa_SC45,GGWACWGGWTGAACWGTWTAYCCYCC TAAACTTCAGGGTGACCAAAAAATCA,,GGWACWGGWTGAACWGTWTAYCCYCC,TAAACTTCAGGGTGACCAAAAAATCA,CN18S,34.06005362,3G_ESP,Poretics,0.22um,-80C,1000ml,environmental,NGS Illumina Miseq,MSU,73.0,ATCGTACG,COI,8.418864762,2018.0
CN18SESPkoa_SC44_Y,,,Y,CN18SESPkoa_SC44_S22_L001_R1_001.fastq.gz,CN18SESPkoa_SC44_S22_L001_R2_001.fastq.gz,Chavez,,CANON,CN18S,6/7/2018 7:14,36.983,-122.52,MBARI,MAKAI,CANON,,,,,,1.747639134,2018-06-07,20180822.0,7.0,30.00030977,CN18S,6.145907252000001,marine biome  (ENVO:00000447),coastal water (ENVO:00001250),waterborne particulate matter (ENVO:01000436),mimarks survey,USA:California:Monterey Bay,mimarks survey,36.983 N 122.52 W,Y74,Y74_ACTATCTG,,,COI,GGTCTCCTACAG,6.0,dx.doi.org/10.17504/protocols.io.mwnc7de,dx.doi.org/10.17504/protocols.io.mvzc676,74.0,CN18SESPkoa_SC44,GGWACWGGWTGAACWGTWTAYCCYCC TAAACTTCAGGGTGACCAAAAAATCA,,GGWACWGGWTGAACWGTWTAYCCYCC,TAAACTTCAGGGTGACCAAAAAATCA,CN18S,33.7998778,3G_ESP,Poretics,0.22um,-80C,1000ml,environmental,NGS Illumina Miseq,MSU,74.0,ACTATCTG,COI,11.01622571,2018.0
CN18SESPkoa_SC42_Y,,,Y,CN18SESPkoa_SC42_S34_L001_R1_001.fastq.gz,CN18SESPkoa_SC42_S34_L001_R2_001.fastq.gz,Chavez,,CANON,CN18S,6/7/2018 11:43,36.983,-122.52,MBARI,MAKAI,CANON,,,,,,0.080470672,2018-06-07,20180822.0,7.0,200.0034874,CN18S,2.323526505,marine biome  (ENVO:00000447),coastal water (ENVO:00001250),waterborne particulate matter (ENVO:01000436),mimarks survey,USA:California:Monterey Bay,mimarks survey,36.983 N 122.52 W,Y75,Y75_TAGCGAGT,,,COI,AACCAAACTCGA,6.0,dx.doi.org/10.17504/protocols.io.mwnc7de,dx.doi.org/10.17504/protocols.io.mvzc676,75.0,CN18SESPkoa_SC42,GGWACWGGWTGAACWGTWTAYCCYCC TAAACTTCAGGGTGACCAAAAAATCA,,GGWACWGGWTGAACWGTWTAYCCYCC,TAAACTTCAGGGTGACCAAAAAATCA,CN18S,34.02819963,3G_ESP,Poretics,0.22um,-80C,1000ml,environmental,NGS Illumina Miseq,MSU,75.0,TAGCGAGT,COI,8.57032722,2018.0
CN18SESPkoa_SC41_Y,,,Y,CN18SESPkoa_SC41_S46_L001_R1_001.fastq.gz,CN18SESPkoa_SC41_S46_L001_R2_001.fastq.gz,Chavez,,CANON,CN18S,6/7/2018 13:02,36.983,-122.52,MBARI,MAKAI,CANON,,,,,,1.700372405,2018-06-07,20180822.0,7.0,29.97452523,CN18S,6.052118077,marine biome  (ENVO:00000447),coastal water (ENVO:00001250),waterborne particulate matter (ENVO:01000436),mimarks survey,USA:California:Monterey Bay,mimarks survey,36.983 N 122.52 W,Y76,Y76_CTGCGTGT,,,COI,GAAATGCTACGT,6.0,dx.doi.org/10.17504/protocols.io.mwnc7de,dx.doi.org/10.17504/protocols.io.mvzc676,76.0,CN18SESPkoa_SC41,GGWACWGGWTGAACWGTWTAYCCYCC TAAACTTCAGGGTGACCAAAAAATCA,,GGWACWGGWTGAACWGTWTAYCCYCC,TAAACTTCAGGGTGACCAAAAAATCA,CN18S,33.80190099,3G_ESP,Poretics,0.22um,-80C,1000ml,environmental,NGS Illumina Miseq,MSU,76.0,CTGCGTGT,COI,11.03750838,2018.0
CN18SESPkoa_SC40_Y,,,Y,CN18SESPkoa_SC40_S58_L001_R1_001.fastq.gz,CN18SESPkoa_SC40_S58_L001_R2_001.fastq.gz,Chavez,,CANON,CN18S,6/7/2018 20:24,36.983,-122.52,MBARI,MAKAI,CANON,,,,,,0.105150356,2018-06-07,20180822.0,7.0,200.0025287,CN18S,1.926070169,marine biome  (ENVO:00000447),coastal water (ENVO:00001250),waterborne particulate matter (ENVO:01000436),mimarks survey,USA:California:Monterey Bay,mimarks survey,36.983 N 122.52 W,Y77,Y77_TCATCGAG,,,COI,CGCCATTGTGCA,6.0,dx.doi.org/10.17504/protocols.io.mwnc7de,dx.doi.org/10.17504/protocols.io.mvzc676,77.0,CN18SESPkoa_SC40,GGWACWGGWTGAACWGTWTAYCCYCC TAAACTTCAGGGTGACCAAAAAATCA,,GGWACWGGWTGAACWGTWTAYCCYCC,TAAACTTCAGGGTGACCAAAAAATCA,CN18S,34.08876802,3G_ESP,Poretics,0.22um,-80C,1000ml,environmental,NGS Illumina Miseq,MSU,77.0,TCATCGAG,COI,8.27519063,2018.0
CN18SESPkoa_SC39_Y,,,Y,CN18SESPkoa_SC39_S70_L001_R1_001.fastq.gz,CN18SESPkoa_SC39_S70_L001_R2_001.fastq.gz,Chavez,,CANON,CN18S,6/7/2018 21:47,36.983,-122.52,MBARI,MAKAI,CANON,,,,,,1.465760174,2018-06-07,20180822.0,7.0,29.99480987,CN18S,5.203633739,marine biome  (ENVO:00000447),coastal water (ENVO:00001250),waterborne particulate matter (ENVO:01000436),mimarks survey,USA:California:Monterey Bay,mimarks survey,36.983 N 122.52 W,Y78,Y78_CGTGAGTG,,,COI,CTACGAAAGCCT,6.0,dx.doi.org/10.17504/protocols.io.mwnc7de,dx.doi.org/10.17504/protocols.io.mvzc676,78.0,CN18SESPkoa_SC39,GGWACWGGWTGAACWGTWTAYCCYCC TAAACTTCAGGGTGACCAAAAAATCA,,GGWACWGGWTGAACWGTWTAYCCYCC,TAAACTTCAGGGTGACCAAAAAATCA,CN18S,33.73652772,3G_ESP,Poretics,0.22um,-80C,1000ml,environmental,NGS Illumina Miseq,MSU,78.0,CGTGAGTG,COI,10.86568478,2018.0
CN18SESPkoa_SC37_Y,,,Y,CN18SESPkoa_SC37_S82_L001_R1_001.fastq.gz,CN18SESPkoa_SC37_S82_L001_R2_001.fastq.gz,Chavez,,CANON,CN18S,6/8/2018 10:03,36.983,-122.52,MBARI,MAKAI,CANON,,,,,,0.0808332809999999,2018-06-08,20180822.0,8.0,200.0087146,CN18S,1.975259282,marine biome  (ENVO:00000447),coastal water (ENVO:00001250),waterborne particulate matter (ENVO:01000436),mimarks survey,USA:California:Monterey Bay,mimarks survey,36.983 N 122.52 W,Y79,Y79_GGATATCT,,,COI,GAGATCGCCTAT,6.0,dx.doi.org/10.17504/protocols.io.mwnc7de,dx.doi.org/10.17504/protocols.io.mvzc676,79.0,CN18SESPkoa_SC37,GGWACWGGWTGAACWGTWTAYCCYCC TAAACTTCAGGGTGACCAAAAAATCA,,GGWACWGGWTGAACWGTWTAYCCYCC,TAAACTTCAGGGTGACCAAAAAATCA,CN18S,34.08066089,3G_ESP,Poretics,0.22um,-80C,1000ml,environmental,NGS Illumina Miseq,MSU,79.0,GGATATCT,COI,8.288688442,2018.0
CN18SESPkoa_SC36_Y,,,Y,CN18SESPkoa_SC36_S94_L001_R1_001.fastq.gz,CN18SESPkoa_SC36_S94_L001_R2_001.fastq.gz,Chavez,,CANON,CN18S,6/8/2018 11:22,36.983,-122.52,MBARI,MAKAI,CANON,,,,,,0.474012862,2018-06-08,20180822.0,8.0,29.96195043,CN18S,4.385419519,marine biome  (ENVO:00000447),coastal water (ENVO:00001250),waterborne particulate matter (ENVO:01000436),mimarks survey,USA:California:Monterey Bay,mimarks survey,36.983 N 122.52 W,Y80,Y80_GACACCGT,,,COI,AAGGGCGCTGAA,6.0,dx.doi.org/10.17504/protocols.io.mwnc7de,dx.doi.org/10.17504/protocols.io.mvzc676,80.0,CN18SESPkoa_SC36,GGWACWGGWTGAACWGTWTAYCCYCC TAAACTTCAGGGTGACCAAAAAATCA,,GGWACWGGWTGAACWGTWTAYCCYCC,TAAACTTCAGGGTGACCAAAAAATCA,CN18S,33.77007034,3G_ESP,Poretics,0.22um,-80C,1000ml,environmental,NGS Illumina Miseq,MSU,80.0,GACACCGT,COI,10.26982819,2018.0
