sample_name,Analysis_Dir,Cartridge_Number,ESP_Type,PlateID,R1,R2,SAMPLING_PI,SAMPLING_bottle,SAMPLING_campaign,SAMPLING_cruise,SAMPLING_date_time,SAMPLING_dec_lat,SAMPLING_dec_lon,SAMPLING_dec_long,SAMPLING_institute,SAMPLING_platform,SAMPLING_platform_type,SAMPLING_project,SAMPLING_real_depth,SAMPLING_station,SAMPLING_station_number,SC_number,Sample_Order,Unnamed: 0,chlorophyll,collection_date,date_PCR,day,depth,description,diss_oxygen,env_biome,env_feature,env_material,env_package,geo_loc_NAme,geo_loc_name,investigation_type,lat_lon,library,library_tag_combo,local_time_end,local_time_start,locus,mid,month,nitrate,nucl_acid_amp,nucl_acid_ext,order,original_name,pcr_primers,pressure_dbar,primer_sequence_F,primer_sequence_R,project_NAme,project_name,salinity,samp_collection_device,samp_filter_ext_type,samp_filter_size_ext,samp_store_temp,samp_vol_we_dna_ext,sample_type,seq_meth,sequencing_facility,tag_number,tag_sequence,target_gene,temp,year
CN18Sc09_2_eDNA_Z,ASVs.fa.gz,,,Z,CN18Sc09_2_eDNA_S1_L001_R1_001.fastq.gz,CN18Sc09_2_eDNA_S1_L001_R2_001.fastq.gz,Chavez,2.0,CANON,CN18S,2018-06-06 19:39,36.9875,-122.517,,MBARI,WESTERN FLYER,ship,CANON,197.679,TS,9.0,,,,0.044485714,2018-06-06 00:00,20181001.0,6.0,200.0,CN18S,1.79102,marine biome  (ENVO:00000447),coastal water (ENVO:00001250),waterborne particulate matter (ENVO:01000436),mimarks survey,,USA:California:Monterey Bay,mimarks survey,36.9875 N 122.5170 W,Z1,Z1_ATTGTTCCTACC,,,18S,ATTGTTCCTACC,6.0,,dx.doi.org/10.17504/protocols.io.n2vdge6,dx.doi.org/10.17504/protocols.io.mvzc676,1.0,CN18Sc09_2_eDNA,GTACACACCGCCCGTC TGATCCTTCTGCAGGTTCACCTAC,199.247,GTACACACCGCCCGTC,TTCTGCAGGTTCACCTAC,,CN18S,34.0447,CTD/SBE911_Rosette_with_Niskin_bottle,Poretics,0.22um,-80C,1000ml,environmental,NGS Illumina Miseq,MSU,1.0,ATTGTTCCTACC,18S,8.4613,2018.0
CN18Sc10_2_eDNA_Z,ASVs.fa.gz,,,Z,CN18Sc10_2_eDNA_S3_L001_R1_001.fastq.gz,CN18Sc10_2_eDNA_S3_L001_R2_001.fastq.gz,Chavez,2.0,CANON,CN18S,2018-06-07 01:08,36.9783,-122.5182,,MBARI,WESTERN FLYER,ship,CANON,201.159,TS,10.0,,,,0.042508571,2018-06-07 00:00,20181001.0,7.0,200.0,CN18S,1.71053,marine biome  (ENVO:00000447),coastal water (ENVO:00001250),waterborne particulate matter (ENVO:01000436),mimarks survey,,USA:California:Monterey Bay,mimarks survey,36.9783 N 122.5182 W,Z3,Z3_TTCCTAGGCCAG,,,18S,TTCCTAGGCCAG,6.0,,dx.doi.org/10.17504/protocols.io.n2vdge6,dx.doi.org/10.17504/protocols.io.mvzc676,3.0,CN18Sc10_2_eDNA,GTACACACCGCCCGTC TGATCCTTCTGCAGGTTCACCTAC,202.757,GTACACACCGCCCGTC,TTCTGCAGGTTCACCTAC,,CN18S,34.0568,CTD/SBE911_Rosette_with_Niskin_bottle,Poretics,0.22um,-80C,1000ml,environmental,NGS Illumina Miseq,MSU,3.0,TTCCTAGGCCAG,18S,8.4878,2018.0
CN18Sc14_2_eDNA_Z,ASVs.fa.gz,,,Z,CN18Sc14_2_eDNA_S15_L001_R1_001.fastq.gz,CN18Sc14_2_eDNA_S15_L001_R2_001.fastq.gz,Chavez,2.0,CANON,CN18S,2018-06-07 13:04,36.9882,-122.5198,,MBARI,WESTERN FLYER,ship,CANON,195.591,TS,14.0,,,,0.043793714,2018-06-07 00:00,20181001.0,7.0,195.0,CN18S,1.7873400000000002,marine biome  (ENVO:00000447),coastal water (ENVO:00001250),waterborne particulate matter (ENVO:01000436),mimarks survey,,USA:California:Monterey Bay,mimarks survey,36.9882 N 122.5198 W,Z15,Z15_CTACTTACATCC,,,18S,CTACTTACATCC,6.0,,dx.doi.org/10.17504/protocols.io.n2vdge6,dx.doi.org/10.17504/protocols.io.mvzc676,15.0,CN18Sc14_2_eDNA,GTACACACCGCCCGTC TGATCCTTCTGCAGGTTCACCTAC,197.142,GTACACACCGCCCGTC,TTCTGCAGGTTCACCTAC,,CN18S,34.0504,CTD/SBE911_Rosette_with_Niskin_bottle,Poretics,0.22um,-80C,1000ml,environmental,NGS Illumina Miseq,MSU,15.0,CTACTTACATCC,18S,8.3564,2018.0
CN18Sc14_8_eDNA_Z,ASVs.fa.gz,,,Z,CN18Sc14_8_eDNA_S18_L001_R1_001.fastq.gz,CN18Sc14_8_eDNA_S18_L001_R2_001.fastq.gz,Chavez,8.0,CANON,CN18S,2018-06-07 13:04,36.9882,-122.5198,,MBARI,WESTERN FLYER,ship,CANON,30.346,TS,14.0,,,,0.632685714,2018-06-07 00:00,20181001.0,7.0,30.0,CN18S,3.3755900000000003,marine biome  (ENVO:00000447),coastal water (ENVO:00001250),waterborne particulate matter (ENVO:01000436),mimarks survey,,USA:California:Monterey Bay,mimarks survey,36.9882 N 122.5198 W,Z18,Z18_CGATAGGCCTTA,,,18S,CGATAGGCCTTA,6.0,,dx.doi.org/10.17504/protocols.io.n2vdge6,dx.doi.org/10.17504/protocols.io.mvzc676,18.0,CN18Sc14_8_eDNA,GTACACACCGCCCGTC TGATCCTTCTGCAGGTTCACCTAC,30.574,GTACACACCGCCCGTC,TTCTGCAGGTTCACCTAC,,CN18S,33.7876,CTD/SBE911_Rosette_with_Niskin_bottle,Poretics,0.22um,-80C,1000ml,environmental,NGS Illumina Miseq,MSU,18.0,CGATAGGCCTTA,18S,10.0097,2018.0
CN18Sc15_2_eDNA_Z,ASVs.fa.gz,,,Z,CN18Sc15_2_eDNA_S21_L001_R1_001.fastq.gz,CN18Sc15_2_eDNA_S21_L001_R2_001.fastq.gz,Chavez,2.0,CANON,CN18S,2018-06-07 19:02,36.98,-122.5313,,MBARI,WESTERN FLYER,ship,CANON,195.61900000000003,TS,15.0,,,,0.05536,2018-06-07 00:00,20181001.0,7.0,195.0,CN18S,1.74591,marine biome  (ENVO:00000447),coastal water (ENVO:00001250),waterborne particulate matter (ENVO:01000436),mimarks survey,,USA:California:Monterey Bay,mimarks survey,36.9800 N 122.5313 W,Z21,Z21_ATTATCGTCCCT,,,18S,ATTATCGTCCCT,6.0,,dx.doi.org/10.17504/protocols.io.n2vdge6,dx.doi.org/10.17504/protocols.io.mvzc676,21.0,CN18Sc15_2_eDNA,GTACACACCGCCCGTC TGATCCTTCTGCAGGTTCACCTAC,197.17,GTACACACCGCCCGTC,TTCTGCAGGTTCACCTAC,,CN18S,34.0481,CTD/SBE911_Rosette_with_Niskin_bottle,Poretics,0.22um,-80C,1000ml,environmental,NGS Illumina Miseq,MSU,21.0,ATTATCGTCCCT,18S,8.5451,2018.0
CN18Sc15_8_eDNA_Z,ASVs.fa.gz,,,Z,CN18Sc15_8_eDNA_S24_L001_R1_001.fastq.gz,CN18Sc15_8_eDNA_S24_L001_R2_001.fastq.gz,Chavez,8.0,CANON,CN18S,2018-06-07 19:02,36.98,-122.5313,,MBARI,WESTERN FLYER,ship,CANON,30.12,TS,15.0,,,,4.942857143,2018-06-07 00:00,20181001.0,7.0,30.0,CN18S,5.02883,marine biome  (ENVO:00000447),coastal water (ENVO:00001250),waterborne particulate matter (ENVO:01000436),mimarks survey,,USA:California:Monterey Bay,mimarks survey,36.9800 N 122.5313 W,Z24,Z24_GAGGACCAGCAA,,,18S,GAGGACCAGCAA,6.0,,dx.doi.org/10.17504/protocols.io.n2vdge6,dx.doi.org/10.17504/protocols.io.mvzc676,24.0,CN18Sc15_8_eDNA,GTACACACCGCCCGTC TGATCCTTCTGCAGGTTCACCTAC,30.347,GTACACACCGCCCGTC,TTCTGCAGGTTCACCTAC,,CN18S,33.7886,CTD/SBE911_Rosette_with_Niskin_bottle,Poretics,0.22um,-80C,1000ml,environmental,NGS Illumina Miseq,MSU,24.0,GAGGACCAGCAA,18S,10.9701,2018.0
CN18Sc18_2_eDNA_Z,ASVs.fa.gz,,,Z,CN18Sc18_2_eDNA_S34_L001_R1_001.fastq.gz,CN18Sc18_2_eDNA_S34_L001_R2_001.fastq.gz,Chavez,2.0,CANON,CN18S,2018-06-08 01:06,36.9882,-122.5198,,MBARI,WESTERN FLYER,ship,CANON,199.803,TS,18.0,,,,0.07018857099999999,2018-06-08 00:00,20181002.0,8.0,200.0,CN18S,2.05723,marine biome  (ENVO:00000447),coastal water (ENVO:00001250),waterborne particulate matter (ENVO:01000436),mimarks survey,,USA:California:Monterey Bay,mimarks survey,36.9882 N 122.5198 W,Z34,Z34_CTTAGGCATGTG,,,18S,CTTAGGCATGTG,6.0,,dx.doi.org/10.17504/protocols.io.n2vdge6,dx.doi.org/10.17504/protocols.io.mvzc676,34.0,CN18Sc18_2_eDNA,GTACACACCGCCCGTC TGATCCTTCTGCAGGTTCACCTAC,201.39,GTACACACCGCCCGTC,TTCTGCAGGTTCACCTAC,,CN18S,33.9981,CTD/SBE911_Rosette_with_Niskin_bottle,Poretics,0.22um,-80C,1000ml,environmental,NGS Illumina Miseq,MSU,34.0,CTTAGGCATGTG,18S,8.5901,2018.0
CN18Sc18_8_eDNA_Z,ASVs.fa.gz,,,Z,CN18Sc18_8_eDNA_S35_L001_R1_001.fastq.gz,CN18Sc18_8_eDNA_S35_L001_R2_001.fastq.gz,Chavez,8.0,CANON,CN18S,2018-06-08 01:06,36.9882,-122.5198,,MBARI,WESTERN FLYER,ship,CANON,30.914,TS,18.0,,,,0.632685714,2018-06-08 00:00,20181002.0,8.0,30.0,CN18S,3.92993,marine biome  (ENVO:00000447),coastal water (ENVO:00001250),waterborne particulate matter (ENVO:01000436),mimarks survey,,USA:California:Monterey Bay,mimarks survey,36.9882 N 122.5198 W,Z35,Z35_GAGCGTATCCAT,,,18S,GAGCGTATCCAT,6.0,,dx.doi.org/10.17504/protocols.io.n2vdge6,dx.doi.org/10.17504/protocols.io.mvzc676,35.0,CN18Sc18_8_eDNA,GTACACACCGCCCGTC TGATCCTTCTGCAGGTTCACCTAC,31.147,GTACACACCGCCCGTC,TTCTGCAGGTTCACCTAC,,CN18S,33.7643,CTD/SBE911_Rosette_with_Niskin_bottle,Poretics,0.22um,-80C,1000ml,environmental,NGS Illumina Miseq,MSU,35.0,GAGCGTATCCAT,18S,10.5804,2018.0
CN18Sc27_2_eDNA_Z,ASVs.fa.gz,,,Z,CN18Sc27_2_eDNA_S38_L001_R1_001.fastq.gz,CN18Sc27_2_eDNA_S38_L001_R2_001.fastq.gz,Chavez,2.0,CANON,CN18S,2018-06-08 19:10,36.9882,-122.5202,,MBARI,WESTERN FLYER,ship,CANON,201.748,TS,27.0,,,,0.033611429,2018-06-08 00:00,20181002.0,8.0,200.0,CN18S,1.4301700000000002,marine biome  (ENVO:00000447),coastal water (ENVO:00001250),waterborne particulate matter (ENVO:01000436),mimarks survey,,USA:California:Monterey Bay,mimarks survey,36.9882 N 122.5202 W,Z38,Z38_GGCGATTTACGT,,,18S,GGCGATTTACGT,6.0,,dx.doi.org/10.17504/protocols.io.n2vdge6,dx.doi.org/10.17504/protocols.io.mvzc676,38.0,CN18Sc27_2_eDNA,GTACACACCGCCCGTC TGATCCTTCTGCAGGTTCACCTAC,203.351,GTACACACCGCCCGTC,TTCTGCAGGTTCACCTAC,,CN18S,34.1077,CTD/SBE911_Rosette_with_Niskin_bottle,Poretics,0.22um,-80C,1000ml,environmental,NGS Illumina Miseq,MSU,38.0,GGCGATTTACGT,18S,7.8489,2018.0
CN18Sc27_8_eDNA_Z,ASVs.fa.gz,,,Z,CN18Sc27_8_eDNA_S39_L001_R1_001.fastq.gz,CN18Sc27_8_eDNA_S39_L001_R2_001.fastq.gz,Chavez,8.0,CANON,CN18S,2018-06-08 19:10,36.9882,-122.5202,,MBARI,WESTERN FLYER,ship,CANON,29.712,TS,27.0,,,,1.423542857,2018-06-08 00:00,20181002.0,8.0,30.0,CN18S,4.07827,marine biome  (ENVO:00000447),coastal water (ENVO:00001250),waterborne particulate matter (ENVO:01000436),mimarks survey,,USA:California:Monterey Bay,mimarks survey,36.9882 N 122.5202 W,Z39,Z39_ACCAATCTCGGC,,,18S,ACCAATCTCGGC,6.0,,dx.doi.org/10.17504/protocols.io.n2vdge6,dx.doi.org/10.17504/protocols.io.mvzc676,39.0,CN18Sc27_8_eDNA,GTACACACCGCCCGTC TGATCCTTCTGCAGGTTCACCTAC,29.935,GTACACACCGCCCGTC,TTCTGCAGGTTCACCTAC,,CN18S,33.7606,CTD/SBE911_Rosette_with_Niskin_bottle,Poretics,0.22um,-80C,1000ml,environmental,NGS Illumina Miseq,MSU,39.0,ACCAATCTCGGC,18S,10.5551,2018.0
CN18SESPkoa_SC49_Z,ASVs.fa.gz,,,Z,CN18SESPkoa_SC49_S71_L001_R1_001.fastq.gz,CN18SESPkoa_SC49_S71_L001_R2_001.fastq.gz,Chavez,,CANON,CN18S,2018-06-06 12:59,36.983,-122.52,,MBARI,MAKAI,LRAUV,CANON,,,,,,,0.08075001,2018-06-06 00:00,20181003.0,6.0,200.0050058,CN18S,2.093012776,marine biome  (ENVO:00000447),coastal water (ENVO:00001250),waterborne particulate matter (ENVO:01000436),mimarks survey,,USA:California:Monterey Bay,mimarks survey,36.983 N 122.52 W,Z71,Z71_CTTCCAACTCAT,,,18S,CTTCCAACTCAT,6.0,,dx.doi.org/10.17504/protocols.io.n2vdge6,dx.doi.org/10.17504/protocols.io.mvzc676,71.0,CN18SESPkoa_SC49,GTACACACCGCCCGTC TGATCCTTCTGCAGGTTCACCTAC,,GTACACACCGCCCGTC,TTCTGCAGGTTCACCTAC,,CN18S,34.06403946,3G_ESP,Poretics,0.22um,-80C,1000ml,environmental,NGS Illumina Miseq,MSU,71.0,CTTCCAACTCAT,18S,8.391116438,2018.0
CN18SESPkoa_SC47_Z,ASVs.fa.gz,,,Z,CN18SESPkoa_SC47_S72_L001_R1_001.fastq.gz,CN18SESPkoa_SC47_S72_L001_R2_001.fastq.gz,Chavez,,CANON,CN18S,2018-06-06 17:53,36.983,-122.52,,MBARI,MAKAI,LRAUV,CANON,,,,,,,0.079528255,2018-06-06 00:00,20181003.0,6.0,200.0084395,CN18S,2.144559356,marine biome  (ENVO:00000447),coastal water (ENVO:00001250),waterborne particulate matter (ENVO:01000436),mimarks survey,,USA:California:Monterey Bay,mimarks survey,36.983 N 122.52 W,Z72,Z72_TGTGTAGCCATG,,,18S,TGTGTAGCCATG,6.0,,dx.doi.org/10.17504/protocols.io.n2vdge6,dx.doi.org/10.17504/protocols.io.mvzc676,72.0,CN18SESPkoa_SC47,GTACACACCGCCCGTC TGATCCTTCTGCAGGTTCACCTAC,,GTACACACCGCCCGTC,TTCTGCAGGTTCACCTAC,,CN18S,34.0578001,3G_ESP,Poretics,0.22um,-80C,1000ml,environmental,NGS Illumina Miseq,MSU,72.0,TGTGTAGCCATG,18S,8.405669543,2018.0
CN18SESPkoa_SC45_Z,ASVs.fa.gz,,,Z,CN18SESPkoa_SC45_S73_L001_R1_001.fastq.gz,CN18SESPkoa_SC45_S73_L001_R2_001.fastq.gz,Chavez,,CANON,CN18S,2018-06-07 05:59,36.983,-122.52,,MBARI,MAKAI,LRAUV,CANON,,,,,,,0.085174884,2018-06-07 00:00,20181003.0,7.0,199.9964608,CN18S,2.122532881,marine biome  (ENVO:00000447),coastal water (ENVO:00001250),waterborne particulate matter (ENVO:01000436),mimarks survey,,USA:California:Monterey Bay,mimarks survey,36.983 N 122.52 W,Z73,Z73_CTCCCTTTGTGT,,,18S,CTCCCTTTGTGT,6.0,,dx.doi.org/10.17504/protocols.io.n2vdge6,dx.doi.org/10.17504/protocols.io.mvzc676,73.0,CN18SESPkoa_SC45,GTACACACCGCCCGTC TGATCCTTCTGCAGGTTCACCTAC,,GTACACACCGCCCGTC,TTCTGCAGGTTCACCTAC,,CN18S,34.06005362,3G_ESP,Poretics,0.22um,-80C,1000ml,environmental,NGS Illumina Miseq,MSU,73.0,CTCCCTTTGTGT,18S,8.418864762,2018.0
CN18SESPkoa_SC44_Z,ASVs.fa.gz,,,Z,CN18SESPkoa_SC44_S74_L001_R1_001.fastq.gz,CN18SESPkoa_SC44_S74_L001_R2_001.fastq.gz,Chavez,,CANON,CN18S,2018-06-07 07:14,36.983,-122.52,,MBARI,MAKAI,LRAUV,CANON,,,,,,,1.747639134,2018-06-07 00:00,20181003.0,7.0,30.00030977,CN18S,6.145907252000001,marine biome  (ENVO:00000447),coastal water (ENVO:00001250),waterborne particulate matter (ENVO:01000436),mimarks survey,,USA:California:Monterey Bay,mimarks survey,36.983 N 122.52 W,Z74,Z74_GGTCTCCTACAG,,,18S,GGTCTCCTACAG,6.0,,dx.doi.org/10.17504/protocols.io.n2vdge6,dx.doi.org/10.17504/protocols.io.mvzc676,74.0,CN18SESPkoa_SC44,GTACACACCGCCCGTC TGATCCTTCTGCAGGTTCACCTAC,,GTACACACCGCCCGTC,TTCTGCAGGTTCACCTAC,,CN18S,33.7998778,3G_ESP,Poretics,0.22um,-80C,1000ml,environmental,NGS Illumina Miseq,MSU,74.0,GGTCTCCTACAG,18S,11.01622571,2018.0
CN18SESPkoa_SC42_Z,ASVs.fa.gz,,,Z,CN18SESPkoa_SC42_S75_L001_R1_001.fastq.gz,CN18SESPkoa_SC42_S75_L001_R2_001.fastq.gz,Chavez,,CANON,CN18S,2018-06-07 11:43,36.983,-122.52,,MBARI,MAKAI,LRAUV,CANON,,,,,,,0.08047067200000001,2018-06-07 00:00,20181003.0,7.0,200.0034874,CN18S,2.323526505,marine biome  (ENVO:00000447),coastal water (ENVO:00001250),waterborne particulate matter (ENVO:01000436),mimarks survey,,USA:California:Monterey Bay,mimarks survey,36.983 N 122.52 W,Z75,Z75_AACCAAACTCGA,,,18S,AACCAAACTCGA,6.0,,dx.doi.org/10.17504/protocols.io.n2vdge6,dx.doi.org/10.17504/protocols.io.mvzc676,75.0,CN18SESPkoa_SC42,GTACACACCGCCCGTC TGATCCTTCTGCAGGTTCACCTAC,,GTACACACCGCCCGTC,TTCTGCAGGTTCACCTAC,,CN18S,34.02819963,3G_ESP,Poretics,0.22um,-80C,1000ml,environmental,NGS Illumina Miseq,MSU,75.0,AACCAAACTCGA,18S,8.57032722,2018.0
CN18SESPkoa_SC41_Z,ASVs.fa.gz,,,Z,CN18SESPkoa_SC41_S76_L001_R1_001.fastq.gz,CN18SESPkoa_SC41_S76_L001_R2_001.fastq.gz,Chavez,,CANON,CN18S,2018-06-07 13:02,36.983,-122.52,,MBARI,MAKAI,LRAUV,CANON,,,,,,,1.700372405,2018-06-07 00:00,20181003.0,7.0,29.97452523,CN18S,6.052118077,marine biome  (ENVO:00000447),coastal water (ENVO:00001250),waterborne particulate matter (ENVO:01000436),mimarks survey,,USA:California:Monterey Bay,mimarks survey,36.983 N 122.52 W,Z76,Z76_GAAATGCTACGT,,,18S,GAAATGCTACGT,6.0,,dx.doi.org/10.17504/protocols.io.n2vdge6,dx.doi.org/10.17504/protocols.io.mvzc676,76.0,CN18SESPkoa_SC41,GTACACACCGCCCGTC TGATCCTTCTGCAGGTTCACCTAC,,GTACACACCGCCCGTC,TTCTGCAGGTTCACCTAC,,CN18S,33.80190099,3G_ESP,Poretics,0.22um,-80C,1000ml,environmental,NGS Illumina Miseq,MSU,76.0,GAAATGCTACGT,18S,11.03750838,2018.0
CN18SESPkoa_SC40_Z,ASVs.fa.gz,,,Z,CN18SESPkoa_SC40_S77_L001_R1_001.fastq.gz,CN18SESPkoa_SC40_S77_L001_R2_001.fastq.gz,Chavez,,CANON,CN18S,2018-06-07 20:24,36.983,-122.52,,MBARI,MAKAI,LRAUV,CANON,,,,,,,0.105150356,2018-06-07 00:00,20181003.0,7.0,200.0025287,CN18S,1.926070169,marine biome  (ENVO:00000447),coastal water (ENVO:00001250),waterborne particulate matter (ENVO:01000436),mimarks survey,,USA:California:Monterey Bay,mimarks survey,36.983 N 122.52 W,Z77,Z77_CGCCATTGTGCA,,,18S,CGCCATTGTGCA,6.0,,dx.doi.org/10.17504/protocols.io.n2vdge6,dx.doi.org/10.17504/protocols.io.mvzc676,77.0,CN18SESPkoa_SC40,GTACACACCGCCCGTC TGATCCTTCTGCAGGTTCACCTAC,,GTACACACCGCCCGTC,TTCTGCAGGTTCACCTAC,,CN18S,34.08876802,3G_ESP,Poretics,0.22um,-80C,1000ml,environmental,NGS Illumina Miseq,MSU,77.0,CGCCATTGTGCA,18S,8.27519063,2018.0
CN18SESPkoa_SC39_Z,ASVs.fa.gz,,,Z,CN18SESPkoa_SC39_S78_L001_R1_001.fastq.gz,CN18SESPkoa_SC39_S78_L001_R2_001.fastq.gz,Chavez,,CANON,CN18S,2018-06-07 21:47,36.983,-122.52,,MBARI,MAKAI,LRAUV,CANON,,,,,,,1.465760174,2018-06-07 00:00,20181003.0,7.0,29.99480987,CN18S,5.203633739,marine biome  (ENVO:00000447),coastal water (ENVO:00001250),waterborne particulate matter (ENVO:01000436),mimarks survey,,USA:California:Monterey Bay,mimarks survey,36.983 N 122.52 W,Z78,Z78_CTACGAAAGCCT,,,18S,CTACGAAAGCCT,6.0,,dx.doi.org/10.17504/protocols.io.n2vdge6,dx.doi.org/10.17504/protocols.io.mvzc676,78.0,CN18SESPkoa_SC39,GTACACACCGCCCGTC TGATCCTTCTGCAGGTTCACCTAC,,GTACACACCGCCCGTC,TTCTGCAGGTTCACCTAC,,CN18S,33.73652772,3G_ESP,Poretics,0.22um,-80C,1000ml,environmental,NGS Illumina Miseq,MSU,78.0,CTACGAAAGCCT,18S,10.86568478,2018.0
CN18SESPkoa_SC37_Z,ASVs.fa.gz,,,Z,CN18SESPkoa_SC37_S79_L001_R1_001.fastq.gz,CN18SESPkoa_SC37_S79_L001_R2_001.fastq.gz,Chavez,,CANON,CN18S,2018-06-08 10:03,36.983,-122.52,,MBARI,MAKAI,LRAUV,CANON,,,,,,,0.08083328099999999,2018-06-08 00:00,20181003.0,8.0,200.0087146,CN18S,1.975259282,marine biome  (ENVO:00000447),coastal water (ENVO:00001250),waterborne particulate matter (ENVO:01000436),mimarks survey,,USA:California:Monterey Bay,mimarks survey,36.983 N 122.52 W,Z79,Z79_GAGATCGCCTAT,,,18S,GAGATCGCCTAT,6.0,,dx.doi.org/10.17504/protocols.io.n2vdge6,dx.doi.org/10.17504/protocols.io.mvzc676,79.0,CN18SESPkoa_SC37,GTACACACCGCCCGTC TGATCCTTCTGCAGGTTCACCTAC,,GTACACACCGCCCGTC,TTCTGCAGGTTCACCTAC,,CN18S,34.08066089,3G_ESP,Poretics,0.22um,-80C,1000ml,environmental,NGS Illumina Miseq,MSU,79.0,GAGATCGCCTAT,18S,8.288688442,2018.0
CN18SESPkoa_SC36_Z,ASVs.fa.gz,,,Z,CN18SESPkoa_SC36_S80_L001_R1_001.fastq.gz,CN18SESPkoa_SC36_S80_L001_R2_001.fastq.gz,Chavez,,CANON,CN18S,2018-06-08 11:22,36.983,-122.52,,MBARI,MAKAI,LRAUV,CANON,,,,,,,0.474012862,2018-06-08 00:00,20181003.0,8.0,29.96195043,CN18S,4.385419519,marine biome  (ENVO:00000447),coastal water (ENVO:00001250),waterborne particulate matter (ENVO:01000436),mimarks survey,,USA:California:Monterey Bay,mimarks survey,36.983 N 122.52 W,Z80,Z80_AAGGGCGCTGAA,,,18S,AAGGGCGCTGAA,6.0,,dx.doi.org/10.17504/protocols.io.n2vdge6,dx.doi.org/10.17504/protocols.io.mvzc676,80.0,CN18SESPkoa_SC36,GTACACACCGCCCGTC TGATCCTTCTGCAGGTTCACCTAC,,GTACACACCGCCCGTC,TTCTGCAGGTTCACCTAC,,CN18S,33.77007034,3G_ESP,Poretics,0.22um,-80C,1000ml,environmental,NGS Illumina Miseq,MSU,80.0,AAGGGCGCTGAA,18S,10.26982819,2018.0
CN18Fc12_8_eDNA_HH,Filtered_ASV_taxa_table_all.csv,,,HH,CN18Fc12_8_eDNA_S28_L001_R1_001.fastq.gz,CN18Fc12_8_eDNA_S28_L001_R2_001.fastq.gz,,8.0,CANON,CN18F, 2018-09-08 01:08:04,36.9848,,-122.519,,WESTERN FLYER,,CANON,30.061,TS,12,,,9.0, None,9/8/18 0:00,20190813.0,8.0,30.0,,4.212219999999999,marine biome  (ENVO:00000447),coastal water (ENVO:00001250),waterborne particulate matter (ENVO:01000436),mimarks survey,USA:California:Monterey Bay,,mimarks survey,36.9848 N 122.5190 W,HH9,HH9_TGTGAGCACGGT,,,18S,,9.0, None,,,,CN18Fc12_8_eDNA,,30.287,GTACACACCGCCCGTC,TGATCCTTCTGCAGGTTCACCTAC,CN18F,,33.6197,,,,,,environmental,NGS IllumiNA Miseq,,9.0,TGTGAGCACGGT,,13.0777,2018.0
CN18Fc30_4_eDNA_HH,Filtered_ASV_taxa_table_all.csv,,,HH,CN18Fc30_4_eDNA_S29_L001_R1_001.fastq.gz,CN18Fc30_4_eDNA_S29_L001_R2_001.fastq.gz,,4.0,CANON,CN18F, 2018-09-09 17:04:03,36.9977,,-122.4165,,WESTERN FLYER,,CANON,38.928,ESP,30,,,10.0, None,9/9/18 0:00,20190813.0,9.0,40.0,,3.6570300000000002,marine biome  (ENVO:00000447),coastal water (ENVO:00001250),waterborne particulate matter (ENVO:01000436),mimarks survey,USA:California:Monterey Bay,,mimarks survey,36.9977 N 122.4165 W,HH10,HH10_ACACAAAGGGAG,,,18S,,9.0, None,,,,CN18Fc30_4_eDNA,,39.222,GTACACACCGCCCGTC,TGATCCTTCTGCAGGTTCACCTAC,CN18F,,33.6699,,,,,,environmental,NGS IllumiNA Miseq,,10.0,ACACAAAGGGAG,,11.7004,2018.0
CN18Fc43_5_eDNA_HH,Filtered_ASV_taxa_table_all.csv,,,HH,CN18Fc43_5_eDNA_S73_L001_R1_001.fastq.gz,CN18Fc43_5_eDNA_S73_L001_R2_001.fastq.gz,,5.0,CANON,CN18F, 2018-09-10 22:02:04,36.9545,,-122.337,,WESTERN FLYER,,CANON,30.095,ESP,43,,,11.0, None,9/10/18 0:00,20190813.0,10.0,30.0,,3.77034,marine biome  (ENVO:00000447),coastal water (ENVO:00001250),waterborne particulate matter (ENVO:01000436),mimarks survey,USA:California:Monterey Bay,,mimarks survey,36.9545 N 122.3370 W,HH11,HH11_TTAGGTGCAGCT,,,18S,,9.0, None,,,,CN18Fc43_5_eDNA,,30.322,GTACACACCGCCCGTC,TGATCCTTCTGCAGGTTCACCTAC,CN18S,,33.6614,,,,,,environmental,NGS IllumiNA Miseq,,11.0,TTAGGTGCAGCT,,11.9055,2018.0
CN18Fc19_5_eDNA_HH,Filtered_ASV_taxa_table_all.csv,,,HH,CN18Fc19_5_eDNA_S3_L001_R1_001.fastq.gz,CN18Fc19_5_eDNA_S3_L001_R2_001.fastq.gz,,5.0,CANON,CN18F, 2018-09-08 18:32:04,36.9937,,-122.468,,WESTERN FLYER,,CANON,37.98,ESP,19,,,21.0, None,9/8/18 0:00,20190813.0,8.0,40.0,,4.17266,marine biome  (ENVO:00000447),coastal water (ENVO:00001250),waterborne particulate matter (ENVO:01000436),mimarks survey,USA:California:Monterey Bay,,mimarks survey,36.9937 N 122.4680 W,HH21,HH21_AAGCCTACACGT,,,18S,,9.0, None,,,,CN18Fc19_5_eDNA,,38.267,GTACACACCGCCCGTC,TGATCCTTCTGCAGGTTCACCTAC,CN18F,,33.6459,,,,,,environmental,NGS IllumiNA Miseq,,21.0,AAGCCTACACGT,,12.2474,2018.0
CN18Fc32_4_eDNA_HH,Filtered_ASV_taxa_table_all.csv,,,HH,CN18Fc32_4_eDNA_S74_L001_R1_001.fastq.gz,CN18Fc32_4_eDNA_S74_L001_R2_001.fastq.gz,,4.0,CANON,CN18F, 2018-09-09 21:49:04,36.9973,,-122.4083,,WESTERN FLYER,,CANON,40.44,ESP,32,,,22.0, None,9/9/18 0:00,20190813.0,9.0,40.0,,3.3802800000000004,marine biome  (ENVO:00000447),coastal water (ENVO:00001250),waterborne particulate matter (ENVO:01000436),mimarks survey,USA:California:Monterey Bay,,mimarks survey,36.9973 N 122.4083 W,HH22,HH22_CTGTAGGAGACC,,,18S,,9.0, None,,,,CN18Fc32_4_eDNA,,40.745,GTACACACCGCCCGTC,TGATCCTTCTGCAGGTTCACCTAC,CN18F,,33.6943,,,,,,environmental,NGS IllumiNA Miseq,,22.0,CTGTAGGAGACC,,11.3054,2018.0
CN18Fc44_8_eDNA_HH,Filtered_ASV_taxa_table_all.csv,,,HH,CN18Fc44_8_eDNA_S68_L001_R1_001.fastq.gz,CN18Fc44_8_eDNA_S68_L001_R2_001.fastq.gz,,8.0,CANON,CN18F, 2018-09-10 23:07:00,36.9543,,-122.3333,,WESTERN FLYER,,CANON,19.985,ESP,44,,,23.0, None,9/10/18 0:00,20190813.0,10.0,20.0,,3.79052,marine biome  (ENVO:00000447),coastal water (ENVO:00001250),waterborne particulate matter (ENVO:01000436),mimarks survey,USA:California:Monterey Bay,,mimarks survey,36.9543 N 122.3333 W,HH23,HH23_CCTTAAGTCAGT,,,18S,,9.0, None,,,,CN18Fc44_8_eDNA,,20.135,GTACACACCGCCCGTC,TGATCCTTCTGCAGGTTCACCTAC,CN18S,,33.658,,,,,,environmental,NGS IllumiNA Miseq,,23.0,CCTTAAGTCAGT,,12.0207,2018.0
CN18Fc21_6_eDNA_HH,Filtered_ASV_taxa_table_all.csv,,,HH,CN18Fc21_6_eDNA_S81_L001_R1_001.fastq.gz,CN18Fc21_6_eDNA_S81_L001_R2_001.fastq.gz,,6.0,CANON,CN18F, 2018-09-08 21:54:03,36.9898,,-122.4682,,WESTERN FLYER,,CANON,26.639,ESP,21,,,33.0, None,9/8/18 0:00,20190813.0,8.0,25.0,,3.70764,marine biome  (ENVO:00000447),coastal water (ENVO:00001250),waterborne particulate matter (ENVO:01000436),mimarks survey,USA:California:Monterey Bay,,mimarks survey,36.9898 N 122.4682 W,HH33,HH33_TGAGTTCGCTAT,,,18S,,9.0, None,,,,CN18Fc21_6_eDNA,,26.839,GTACACACCGCCCGTC,TGATCCTTCTGCAGGTTCACCTAC,CN18F,,33.6603,,,,,,environmental,NGS IllumiNA Miseq,,33.0,TGAGTTCGCTAT,,11.9639,2018.0
CN18Fc33_5_eDNA_HH,Filtered_ASV_taxa_table_all.csv,,,HH,CN18Fc33_5_eDNA_S70_L001_R1_001.fastq.gz,CN18Fc33_5_eDNA_S70_L001_R2_001.fastq.gz,,5.0,CANON,CN18F, 2018-09-09 23:31:00,36.9898,,-122.4055,,WESTERN FLYER,,CANON,35.447,ESP,33,,,34.0, None,9/9/18 0:00,20190813.0,9.0,35.0,,3.74775,marine biome  (ENVO:00000447),coastal water (ENVO:00001250),waterborne particulate matter (ENVO:01000436),mimarks survey,USA:California:Monterey Bay,,mimarks survey,36.9898 N 122.4055 W,HH34,HH34_TCGAGTTTGGTT,,,18S,,9.0, None,,,,CN18Fc33_5_eDNA,,35.714,GTACACACCGCCCGTC,TGATCCTTCTGCAGGTTCACCTAC,CN18S,,33.6583,,,,,,environmental,NGS IllumiNA Miseq,,34.0,TCGAGTTTGGTT,,12.0082,2018.0
CN18Fc46_8_eDNA_HH,Filtered_ASV_taxa_table_all.csv,,,HH,CN18Fc46_8_eDNA_S71_L001_R1_001.fastq.gz,CN18Fc46_8_eDNA_S71_L001_R2_001.fastq.gz,,8.0,CANON,CN18F, 2018-09-11 03:11:00,36.9405,,-122.2938,,WESTERN FLYER,,CANON,11.292,ESP,46,,,35.0, None,9/11/18 0:00,20190813.0,11.0,10.0,,3.9313,marine biome  (ENVO:00000447),coastal water (ENVO:00001250),waterborne particulate matter (ENVO:01000436),mimarks survey,USA:California:Monterey Bay,,mimarks survey,36.9405 N 122.2938 W,HH35,HH35_TTACGAGACGGC,,,18S,,9.0, None,,,,CN18Fc46_8_eDNA,,11.376,GTACACACCGCCCGTC,TGATCCTTCTGCAGGTTCACCTAC,CN18S,,33.6471,,,,,,environmental,NGS IllumiNA Miseq,,35.0,TTACGAGACGGC,,12.1808,2018.0
CN18Fc22_6_eDNA_HH,Filtered_ASV_taxa_table_all.csv,,,HH,CN18Fc22_6_eDNA_S10_L001_R1_001.fastq.gz,CN18Fc22_6_eDNA_S10_L001_R2_001.fastq.gz,,6.0,CANON,CN18F, 2018-09-08 23:10:02,37.006,,-122.467,,WESTERN FLYER,,CANON,35.897,ESP,22,,,45.0, None,9/8/18 0:00,20190813.0,8.0,35.0,,3.8329199999999997,marine biome  (ENVO:00000447),coastal water (ENVO:00001250),waterborne particulate matter (ENVO:01000436),mimarks survey,USA:California:Monterey Bay,,mimarks survey,37.0060 N 122.4670 W,HH45,HH45_TGTGCTGTGTAG,,,18S,,9.0, None,,,,CN18Fc22_6_eDNA,,36.167,GTACACACCGCCCGTC,TGATCCTTCTGCAGGTTCACCTAC,CN18F,,33.653,,,,,,environmental,NGS IllumiNA Miseq,,45.0,TGTGCTGTGTAG,,12.0074,2018.0
CN18Fc47_6_eDNA_HH,Filtered_ASV_taxa_table_all.csv,,,HH,CN18Fc47_6_eDNA_S22_L001_R1_001.fastq.gz,CN18Fc47_6_eDNA_S22_L001_R2_001.fastq.gz,,6.0,CANON,CN18F, 2018-09-11 04:39:04,36.9267,,-122.2925,,WESTERN FLYER,,CANON,24.749,ESP,47,,,47.0, None,9/11/18 0:00,20190813.0,11.0,25.0,,3.7526,marine biome  (ENVO:00000447),coastal water (ENVO:00001250),waterborne particulate matter (ENVO:01000436),mimarks survey,USA:California:Monterey Bay,,mimarks survey,36.9267 N 122.2925 W,HH47,HH47_GGCAACCTCAGA,,,18S,,9.0, None,,,,CN18Fc47_6_eDNA,,24.935,GTACACACCGCCCGTC,TGATCCTTCTGCAGGTTCACCTAC,CN18S,,33.658,,,,,,environmental,NGS IllumiNA Miseq,,47.0,GGCAACCTCAGA,,12.0166,2018.0
CN18Fc24_6_eDNA_HH,Filtered_ASV_taxa_table_all.csv,,,HH,CN18Fc24_6_eDNA_S78_L001_R1_001.fastq.gz,CN18Fc24_6_eDNA_S78_L001_R2_001.fastq.gz,,6.0,CANON,CN18F, 2018-09-09 03:09:01,37.0077,,-122.4493,,WESTERN FLYER,,CANON,26.321,ESP,24,,,57.0, None,9/9/18 0:00,20190813.0,9.0,25.0,,3.78649,marine biome  (ENVO:00000447),coastal water (ENVO:00001250),waterborne particulate matter (ENVO:01000436),mimarks survey,USA:California:Monterey Bay,,mimarks survey,37.0077 N 122.4493 W,HH57,HH57_AACGCCGAATGC,,,18S,,9.0, None,,,,CN18Fc24_6_eDNA,,26.519,GTACACACCGCCCGTC,TGATCCTTCTGCAGGTTCACCTAC,CN18F,,33.6532,,,,,,environmental,NGS IllumiNA Miseq,,57.0,AACGCCGAATGC,,12.0972,2018.0
CN18Fc36_6_eDNA_HH,Filtered_ASV_taxa_table_all.csv,,,HH,CN18Fc36_6_eDNA_S15_L001_R1_001.fastq.gz,CN18Fc36_6_eDNA_S15_L001_R2_001.fastq.gz,,6.0,CANON,CN18F, 2018-09-10 05:07:01,37.0012,,-122.3755,,WESTERN FLYER,,CANON,19.829,ESP,36,,,58.0, None,9/10/18 0:00,20190813.0,10.0,20.0,,3.67785,marine biome  (ENVO:00000447),coastal water (ENVO:00001250),waterborne particulate matter (ENVO:01000436),mimarks survey,USA:California:Monterey Bay,,mimarks survey,37.0012 N 122.3755 W,HH58,HH58_TGCACAATGGCG,,,18S,,9.0, None,,,,CN18Fc36_6_eDNA,,19.978,GTACACACCGCCCGTC,TGATCCTTCTGCAGGTTCACCTAC,CN18S,,33.6626,,,,,,environmental,NGS IllumiNA Miseq,,58.0,TGCACAATGGCG,,11.9012,2018.0
CN18Fc49_6_eDNA_HH,Filtered_ASV_taxa_table_all.csv,,,HH,CN18Fc49_6_eDNA_S43_L001_R1_001.fastq.gz,CN18Fc49_6_eDNA_S43_L001_R2_001.fastq.gz,,6.0,CANON,CN18F, 2018-09-11 10:24:01,36.927,,-122.284,,WESTERN FLYER,,CANON,26.281,ESP,49,,,59.0, None,9/11/18 0:00,20190813.0,11.0,25.0,,4.04826,marine biome  (ENVO:00000447),coastal water (ENVO:00001250),waterborne particulate matter (ENVO:01000436),mimarks survey,USA:California:Monterey Bay,,mimarks survey,36.9270 N 122.2840 W,HH59,HH59_TCTGCAGTTGGA,,,18S,,9.0, None,,,,CN18Fc49_6_eDNA,,26.478,GTACACACCGCCCGTC,TGATCCTTCTGCAGGTTCACCTAC,CN18S,,33.6303,,,,,,environmental,NGS IllumiNA Miseq,,59.0,TCTGCAGTTGGA,,12.3599,2018.0
CN18Fc25_5_eDNA_HH,Filtered_ASV_taxa_table_all.csv,,,HH,CN18Fc25_5_eDNA_S7_L001_R1_001.fastq.gz,CN18Fc25_5_eDNA_S7_L001_R2_001.fastq.gz,,5.0,CANON,CN18F, 2018-09-09 05:13:05,37.0127,,-122.4413,,WESTERN FLYER,,CANON,30.73,ESP,25,,,69.0, None,9/9/18 0:00,20190813.0,9.0,30.0,,3.61299,marine biome  (ENVO:00000447),coastal water (ENVO:00001250),waterborne particulate matter (ENVO:01000436),mimarks survey,USA:California:Monterey Bay,,mimarks survey,37.0127 N 122.4413 W,HH69,HH69_TCTTAACGACTG,,,18S,,9.0, None,,,,CN18Fc25_5_eDNA,,30.961,GTACACACCGCCCGTC,TGATCCTTCTGCAGGTTCACCTAC,CN18F,,33.6788,,,,,,environmental,NGS IllumiNA Miseq,,69.0,TCTTAACGACTG,,11.5667,2018.0
CN18Fc38_5_eDNA_HH,Filtered_ASV_taxa_table_all.csv,,,HH,CN18Fc38_5_eDNA_S37_L001_R1_001.fastq.gz,CN18Fc38_5_eDNA_S37_L001_R2_001.fastq.gz,,5.0,CANON,CN18F, 2018-09-10 11:26:01,36.9742,,-122.3533,,WESTERN FLYER,,CANON,31.483,ESP,38,,,70.0, None,9/10/18 0:00,20190813.0,10.0,30.0,,3.7617599999999998,marine biome  (ENVO:00000447),coastal water (ENVO:00001250),waterborne particulate matter (ENVO:01000436),mimarks survey,USA:California:Monterey Bay,,mimarks survey,36.9742 N 122.3533 W,HH70,HH70_AGGCTTTCGTAG,,,18S,,9.0, None,,,,CN18Fc38_5_eDNA,,31.72,GTACACACCGCCCGTC,TGATCCTTCTGCAGGTTCACCTAC,CN18S,,33.6595,,,,,,environmental,NGS IllumiNA Miseq,,70.0,AGGCTTTCGTAG,,11.935,2018.0
CN18Fc51_5_eDNA_HH,Filtered_ASV_taxa_table_all.csv,,,HH,CN18Fc51_5_eDNA_S40_L001_R1_001.fastq.gz,CN18Fc51_5_eDNA_S40_L001_R2_001.fastq.gz,,5.0,CANON,CN18F, 2018-09-11 14:34:02,36.9175,,-122.2742,,WESTERN FLYER,,CANON,34.341,ESP,51,,,71.0, None,9/11/18 0:00,20190813.0,11.0,35.0,,3.9722199999999996,marine biome  (ENVO:00000447),coastal water (ENVO:00001250),waterborne particulate matter (ENVO:01000436),mimarks survey,USA:California:Monterey Bay,,mimarks survey,36.9175 N 122.2742 W,HH71,HH71_CTCGGCAATTAT,,,18S,,9.0, None,,,,CN18Fc51_5_eDNA,,34.6,GTACACACCGCCCGTC,TGATCCTTCTGCAGGTTCACCTAC,CN18S,,33.6506,,,,,,environmental,NGS IllumiNA Miseq,,71.0,CTCGGCAATTAT,,11.9796,2018.0
CN18Fc27_4_eDNA_HH,Filtered_ASV_taxa_table_all.csv,,,HH,CN18Fc27_4_eDNA_S5_L001_R1_001.fastq.gz,CN18Fc27_4_eDNA_S5_L001_R2_001.fastq.gz,,4.0,CANON,CN18F, 2018-09-09 10:58:02,37.0052,,-122.4185,,WESTERN FLYER,,CANON,44.679,ESP,27,,,81.0, None,9/9/18 0:00,20190813.0,9.0,45.0,,3.83267,marine biome  (ENVO:00000447),coastal water (ENVO:00001250),waterborne particulate matter (ENVO:01000436),mimarks survey,USA:California:Monterey Bay,,mimarks survey,37.0052 N 122.4185 W,HH81,HH81_ATGAGTTGGAAG,,,18S,,9.0, None,,,,CN18Fc27_4_eDNA,,45.01600000000001,GTACACACCGCCCGTC,TGATCCTTCTGCAGGTTCACCTAC,CN18F,,33.6555,,,,,,environmental,NGS IllumiNA Miseq,,81.0,ATGAGTTGGAAG,,12.041,2018.0
CN18Fc40_6_eDNA_HH,Filtered_ASV_taxa_table_all.csv,,,HH,CN18Fc40_6_eDNA_S31_L001_R1_001.fastq.gz,CN18Fc40_6_eDNA_S31_L001_R2_001.fastq.gz,,6.0,CANON,CN18F, 2018-09-10 15:13:05,36.9662,,-122.3437,,WESTERN FLYER,,CANON,23.592,ESP,40,,,82.0, None,9/10/18 0:00,20190813.0,10.0,25.0,,3.79945,marine biome  (ENVO:00000447),coastal water (ENVO:00001250),waterborne particulate matter (ENVO:01000436),mimarks survey,USA:California:Monterey Bay,,mimarks survey,36.9662 N 122.3437 W,HH82,HH82_ATAGGCGATCTC,,,18S,,9.0, None,,,,CN18Fc40_6_eDNA,,23.769,GTACACACCGCCCGTC,TGATCCTTCTGCAGGTTCACCTAC,CN18S,,33.6603,,,,,,environmental,NGS IllumiNA Miseq,,82.0,ATAGGCGATCTC,,11.9644,2018.0
CN18Fc29_6_eDNA_HH,Filtered_ASV_taxa_table_all.csv,,,HH,CN18Fc29_6_eDNA_S62_L001_R1_001.fastq.gz,CN18Fc29_6_eDNA_S62_L001_R2_001.fastq.gz,,6.0,CANON,CN18F, 2018-09-09 15:04:01,36.9977,,-122.4128,,WESTERN FLYER,,CANON,29.386,ESP,29,,,93.0, None,9/9/18 0:00,20190813.0,9.0,30.0,,3.82225,marine biome  (ENVO:00000447),coastal water (ENVO:00001250),waterborne particulate matter (ENVO:01000436),mimarks survey,USA:California:Monterey Bay,,mimarks survey,36.9977 N 122.4128 W,HH93,HH93_CATGGCTACACA,,,18S,,9.0, None,,,,CN18Fc29_6_eDNA,,29.607,GTACACACCGCCCGTC,TGATCCTTCTGCAGGTTCACCTAC,CN18F,,33.6561,,,,,,environmental,NGS IllumiNA Miseq,,93.0,CATGGCTACACA,,11.9631,2018.0
CN18Fc41_6_eDNA_HH,Filtered_ASV_taxa_table_all.csv,,,HH,CN18Fc41_6_eDNA_S34_L001_R1_001.fastq.gz,CN18Fc41_6_eDNA_S34_L001_R2_001.fastq.gz,,6.0,CANON,CN18F, 2018-09-10 17:07:01,36.9607,,-122.3422,,WESTERN FLYER,,CANON,23.368,ESP,41,,,94.0, None,9/10/18 0:00,20190813.0,10.0,25.0,,3.8082599999999998,marine biome  (ENVO:00000447),coastal water (ENVO:00001250),waterborne particulate matter (ENVO:01000436),mimarks survey,USA:California:Monterey Bay,,mimarks survey,36.9607 N 122.3422 W,HH94,HH94_TTCAGCGCCCTT,,,18S,,9.0, None,,,,CN18Fc41_6_eDNA,,23.544,GTACACACCGCCCGTC,TGATCCTTCTGCAGGTTCACCTAC,CN18S,,33.6606,,,,,,environmental,NGS IllumiNA Miseq,,94.0,TTCAGCGCCCTT,,11.8992,2018.0
CN18Sc09_2_eDNA_AA,Filtered_ASV_taxa_table_all.csv,,,AA,CN18Sc09_2_eDNA_S1_L001_R1_001.fastq.gz,CN18Sc09_2_eDNA_S1_L001_R2_001.fastq.gz,Chavez,2.0,CANON,CN18S,6/6/18 19:39,36.9875,-122.517,,MBARI,WESTERN FLYER,,CANON,197.679,TS,9.0,,,,0.044485714,6/6/18,20181001.0,6.0,200.0,CN18S,1.79102,marine biome  (ENVO:00000447),coastal water (ENVO:00001250),waterborne particulate matter (ENVO:01000436),mimarks survey,,USA:California:Monterey Bay,mimarks survey,36.9875 N 122.5170 W,AA1,AA1_ATTGTTCCTACC,,,18S,ATTGTTCCTACC,6.0,None,dx.doi.org/10.17504/protocols.io.n2vdge6,dx.doi.org/10.17504/protocols.io.mvzc676,1.0,CN18Sc09_2_eDNA,GTACACACCGCCCGTC TGATCCTTCTGCAGGTTCACCTAC,199.247,GTACACACCGCCCGTC,TGATCCTTCTGCAGGTTCACCTAC,,CN18S,34.0447,CTD/SBE911_Rosette_with_Niskin_bottle,Poretics,0.22um,-80C,1000ml,environmental,NGS Illumina Miseq,MSU,1.0,ATTGTTCCTACC,18S,8.4613,2018.0
CN18Sc10_2_eDNA_AA,Filtered_ASV_taxa_table_all.csv,,,AA,CN18Sc10_2_eDNA_S3_L001_R1_001.fastq.gz,CN18Sc10_2_eDNA_S3_L001_R2_001.fastq.gz,Chavez,2.0,CANON,CN18S,6/7/18 1:08,36.9783,-122.5182,,MBARI,WESTERN FLYER,,CANON,201.159,TS,10.0,,,,0.042508570999999995,6/7/18,20181001.0,7.0,200.0,CN18S,1.7105299999999999,marine biome  (ENVO:00000447),coastal water (ENVO:00001250),waterborne particulate matter (ENVO:01000436),mimarks survey,,USA:California:Monterey Bay,mimarks survey,36.9783 N 122.5182 W,AA3,AA3_TTCCTAGGCCAG,,,18S,TTCCTAGGCCAG,6.0,None,dx.doi.org/10.17504/protocols.io.n2vdge6,dx.doi.org/10.17504/protocols.io.mvzc676,3.0,CN18Sc10_2_eDNA,GTACACACCGCCCGTC TGATCCTTCTGCAGGTTCACCTAC,202.757,GTACACACCGCCCGTC,TGATCCTTCTGCAGGTTCACCTAC,,CN18S,34.0568,CTD/SBE911_Rosette_with_Niskin_bottle,Poretics,0.22um,-80C,1000ml,environmental,NGS Illumina Miseq,MSU,3.0,TTCCTAGGCCAG,18S,8.4878,2018.0
CN18Sc14_2_eDNA_AA,Filtered_ASV_taxa_table_all.csv,,,AA,CN18Sc14_2_eDNA_S15_L001_R1_001.fastq.gz,CN18Sc14_2_eDNA_S15_L001_R2_001.fastq.gz,Chavez,2.0,CANON,CN18S,6/7/18 13:04,36.9882,-122.5198,,MBARI,WESTERN FLYER,,CANON,195.591,TS,14.0,,,,0.043793714000000004,6/7/18,20181001.0,7.0,195.0,CN18S,1.7873400000000002,marine biome  (ENVO:00000447),coastal water (ENVO:00001250),waterborne particulate matter (ENVO:01000436),mimarks survey,,USA:California:Monterey Bay,mimarks survey,36.9882 N 122.5198 W,AA15,AA15_CTACTTACATCC,,,18S,CTACTTACATCC,6.0,None,dx.doi.org/10.17504/protocols.io.n2vdge6,dx.doi.org/10.17504/protocols.io.mvzc676,15.0,CN18Sc14_2_eDNA,GTACACACCGCCCGTC TGATCCTTCTGCAGGTTCACCTAC,197.142,GTACACACCGCCCGTC,TGATCCTTCTGCAGGTTCACCTAC,,CN18S,34.0504,CTD/SBE911_Rosette_with_Niskin_bottle,Poretics,0.22um,-80C,1000ml,environmental,NGS Illumina Miseq,MSU,15.0,CTACTTACATCC,18S,8.3564,2018.0
CN18Sc14_8_eDNA_AA,Filtered_ASV_taxa_table_all.csv,,,AA,CN18Sc14_8_eDNA_S18_L001_R1_001.fastq.gz,CN18Sc14_8_eDNA_S18_L001_R2_001.fastq.gz,Chavez,8.0,CANON,CN18S,6/7/18 13:04,36.9882,-122.5198,,MBARI,WESTERN FLYER,,CANON,30.346,TS,14.0,,,,0.632685714,6/7/18,20181001.0,7.0,30.0,CN18S,3.3755900000000003,marine biome  (ENVO:00000447),coastal water (ENVO:00001250),waterborne particulate matter (ENVO:01000436),mimarks survey,,USA:California:Monterey Bay,mimarks survey,36.9882 N 122.5198 W,AA18,AA18_CGATAGGCCTTA,,,18S,CGATAGGCCTTA,6.0,None,dx.doi.org/10.17504/protocols.io.n2vdge6,dx.doi.org/10.17504/protocols.io.mvzc676,18.0,CN18Sc14_8_eDNA,GTACACACCGCCCGTC TGATCCTTCTGCAGGTTCACCTAC,30.574,GTACACACCGCCCGTC,TGATCCTTCTGCAGGTTCACCTAC,,CN18S,33.7876,CTD/SBE911_Rosette_with_Niskin_bottle,Poretics,0.22um,-80C,1000ml,environmental,NGS Illumina Miseq,MSU,18.0,CGATAGGCCTTA,18S,10.0097,2018.0
CN18Sc15_2_eDNA_AA,Filtered_ASV_taxa_table_all.csv,,,AA,CN18Sc15_2_eDNA_S21_L001_R1_001.fastq.gz,CN18Sc15_2_eDNA_S21_L001_R2_001.fastq.gz,Chavez,2.0,CANON,CN18S,6/7/18 19:02,36.98,-122.5313,,MBARI,WESTERN FLYER,,CANON,195.61900000000003,TS,15.0,,,,0.05536,6/7/18,20181001.0,7.0,195.0,CN18S,1.7459099999999999,marine biome  (ENVO:00000447),coastal water (ENVO:00001250),waterborne particulate matter (ENVO:01000436),mimarks survey,,USA:California:Monterey Bay,mimarks survey,36.9800 N 122.5313 W,AA21,AA21_ATTATCGTCCCT,,,18S,ATTATCGTCCCT,6.0,None,dx.doi.org/10.17504/protocols.io.n2vdge6,dx.doi.org/10.17504/protocols.io.mvzc676,21.0,CN18Sc15_2_eDNA,GTACACACCGCCCGTC TGATCCTTCTGCAGGTTCACCTAC,197.17,GTACACACCGCCCGTC,TGATCCTTCTGCAGGTTCACCTAC,,CN18S,34.0481,CTD/SBE911_Rosette_with_Niskin_bottle,Poretics,0.22um,-80C,1000ml,environmental,NGS Illumina Miseq,MSU,21.0,ATTATCGTCCCT,18S,8.5451,2018.0
CN18Sc15_8_eDNA_AA,Filtered_ASV_taxa_table_all.csv,,,AA,CN18Sc15_8_eDNA_S24_L001_R1_001.fastq.gz,CN18Sc15_8_eDNA_S24_L001_R2_001.fastq.gz,Chavez,8.0,CANON,CN18S,6/7/18 19:02,36.98,-122.5313,,MBARI,WESTERN FLYER,,CANON,30.12,TS,15.0,,,,4.942857143,6/7/18,20181001.0,7.0,30.0,CN18S,5.02883,marine biome  (ENVO:00000447),coastal water (ENVO:00001250),waterborne particulate matter (ENVO:01000436),mimarks survey,,USA:California:Monterey Bay,mimarks survey,36.9800 N 122.5313 W,AA24,AA24_GAGGACCAGCAA,,,18S,GAGGACCAGCAA,6.0,None,dx.doi.org/10.17504/protocols.io.n2vdge6,dx.doi.org/10.17504/protocols.io.mvzc676,24.0,CN18Sc15_8_eDNA,GTACACACCGCCCGTC TGATCCTTCTGCAGGTTCACCTAC,30.347,GTACACACCGCCCGTC,TGATCCTTCTGCAGGTTCACCTAC,,CN18S,33.7886,CTD/SBE911_Rosette_with_Niskin_bottle,Poretics,0.22um,-80C,1000ml,environmental,NGS Illumina Miseq,MSU,24.0,GAGGACCAGCAA,18S,10.9701,2018.0
CN18Sc18_2_eDNA_AA,Filtered_ASV_taxa_table_all.csv,,,AA,CN18Sc18_2_eDNA_S34_L001_R1_001.fastq.gz,CN18Sc18_2_eDNA_S34_L001_R2_001.fastq.gz,Chavez,2.0,CANON,CN18S,6/8/18 1:06,36.9882,-122.5198,,MBARI,WESTERN FLYER,,CANON,199.803,TS,18.0,,,,0.07018857099999999,6/8/18,20181002.0,8.0,200.0,CN18S,2.05723,marine biome  (ENVO:00000447),coastal water (ENVO:00001250),waterborne particulate matter (ENVO:01000436),mimarks survey,,USA:California:Monterey Bay,mimarks survey,36.9882 N 122.5198 W,AA34,AA34_CTTAGGCATGTG,,,18S,CTTAGGCATGTG,6.0,None,dx.doi.org/10.17504/protocols.io.n2vdge6,dx.doi.org/10.17504/protocols.io.mvzc676,34.0,CN18Sc18_2_eDNA,GTACACACCGCCCGTC TGATCCTTCTGCAGGTTCACCTAC,201.39,GTACACACCGCCCGTC,TGATCCTTCTGCAGGTTCACCTAC,,CN18S,33.9981,CTD/SBE911_Rosette_with_Niskin_bottle,Poretics,0.22um,-80C,1000ml,environmental,NGS Illumina Miseq,MSU,34.0,CTTAGGCATGTG,18S,8.5901,2018.0
CN18Sc18_8_eDNA_AA,Filtered_ASV_taxa_table_all.csv,,,AA,CN18Sc18_8_eDNA_S35_L001_R1_001.fastq.gz,CN18Sc18_8_eDNA_S35_L001_R2_001.fastq.gz,Chavez,8.0,CANON,CN18S,6/8/18 1:06,36.9882,-122.5198,,MBARI,WESTERN FLYER,,CANON,30.914,TS,18.0,,,,0.632685714,6/8/18,20181002.0,8.0,30.0,CN18S,3.92993,marine biome  (ENVO:00000447),coastal water (ENVO:00001250),waterborne particulate matter (ENVO:01000436),mimarks survey,,USA:California:Monterey Bay,mimarks survey,36.9882 N 122.5198 W,AA35,AA35_GAGCGTATCCAT,,,18S,GAGCGTATCCAT,6.0,None,dx.doi.org/10.17504/protocols.io.n2vdge6,dx.doi.org/10.17504/protocols.io.mvzc676,35.0,CN18Sc18_8_eDNA,GTACACACCGCCCGTC TGATCCTTCTGCAGGTTCACCTAC,31.147,GTACACACCGCCCGTC,TGATCCTTCTGCAGGTTCACCTAC,,CN18S,33.7643,CTD/SBE911_Rosette_with_Niskin_bottle,Poretics,0.22um,-80C,1000ml,environmental,NGS Illumina Miseq,MSU,35.0,GAGCGTATCCAT,18S,10.5804,2018.0
CN18Sc27_2_eDNA_AA,Filtered_ASV_taxa_table_all.csv,,,AA,CN18Sc27_2_eDNA_S38_L001_R1_001.fastq.gz,CN18Sc27_2_eDNA_S38_L001_R2_001.fastq.gz,Chavez,2.0,CANON,CN18S,6/8/18 19:10,36.9882,-122.5202,,MBARI,WESTERN FLYER,,CANON,201.748,TS,27.0,,,,0.033611429,6/8/18,20181002.0,8.0,200.0,CN18S,1.4301700000000002,marine biome  (ENVO:00000447),coastal water (ENVO:00001250),waterborne particulate matter (ENVO:01000436),mimarks survey,,USA:California:Monterey Bay,mimarks survey,36.9882 N 122.5202 W,AA38,AA38_GGCGATTTACGT,,,18S,GGCGATTTACGT,6.0,None,dx.doi.org/10.17504/protocols.io.n2vdge6,dx.doi.org/10.17504/protocols.io.mvzc676,38.0,CN18Sc27_2_eDNA,GTACACACCGCCCGTC TGATCCTTCTGCAGGTTCACCTAC,203.351,GTACACACCGCCCGTC,TGATCCTTCTGCAGGTTCACCTAC,,CN18S,34.1077,CTD/SBE911_Rosette_with_Niskin_bottle,Poretics,0.22um,-80C,1000ml,environmental,NGS Illumina Miseq,MSU,38.0,GGCGATTTACGT,18S,7.8489,2018.0
CN18Sc27_8_eDNA_AA,Filtered_ASV_taxa_table_all.csv,,,AA,CN18Sc27_8_eDNA_S39_L001_R1_001.fastq.gz,CN18Sc27_8_eDNA_S39_L001_R2_001.fastq.gz,Chavez,8.0,CANON,CN18S,6/8/18 19:10,36.9882,-122.5202,,MBARI,WESTERN FLYER,,CANON,29.712,TS,27.0,,,,1.423542857,6/8/18,20181002.0,8.0,30.0,CN18S,4.07827,marine biome  (ENVO:00000447),coastal water (ENVO:00001250),waterborne particulate matter (ENVO:01000436),mimarks survey,,USA:California:Monterey Bay,mimarks survey,36.9882 N 122.5202 W,AA39,AA39_ACCAATCTCGGC,,,18S,ACCAATCTCGGC,6.0,None,dx.doi.org/10.17504/protocols.io.n2vdge6,dx.doi.org/10.17504/protocols.io.mvzc676,39.0,CN18Sc27_8_eDNA,GTACACACCGCCCGTC TGATCCTTCTGCAGGTTCACCTAC,29.935,GTACACACCGCCCGTC,TGATCCTTCTGCAGGTTCACCTAC,,CN18S,33.7606,CTD/SBE911_Rosette_with_Niskin_bottle,Poretics,0.22um,-80C,1000ml,environmental,NGS Illumina Miseq,MSU,39.0,ACCAATCTCGGC,18S,10.5551,2018.0
CN18SESPkoa_SC49_AA,Filtered_ASV_taxa_table_all.csv,,,AA,CN18SESPkoa_SC49_S71_L001_R1_001.fastq.gz,CN18SESPkoa_SC49_S71_L001_R2_001.fastq.gz,Chavez,,CANON,CN18S,6/6/18 12:59,36.983,-122.52,,MBARI,MAKAI,,CANON,,,,,,,0.08075001,6/6/18,20181003.0,6.0,200.00500580000002,CN18S,2.093012776,marine biome  (ENVO:00000447),coastal water (ENVO:00001250),waterborne particulate matter (ENVO:01000436),mimarks survey,,USA:California:Monterey Bay,mimarks survey,36.983 N 122.52 W,AA71,AA71_CTTCCAACTCAT,,,18S,CTTCCAACTCAT,6.0,,dx.doi.org/10.17504/protocols.io.n2vdge6,dx.doi.org/10.17504/protocols.io.mvzc676,71.0,CN18SESPkoa_SC49,GTACACACCGCCCGTC TGATCCTTCTGCAGGTTCACCTAC,,GTACACACCGCCCGTC,TGATCCTTCTGCAGGTTCACCTAC,,CN18S,34.06403946,3G_ESP,Poretics,0.22um,-80C,1000ml,environmental,NGS Illumina Miseq,MSU,71.0,CTTCCAACTCAT,18S,8.391116438,2018.0
CN18SESPkoa_SC47_AA,Filtered_ASV_taxa_table_all.csv,,,AA,CN18SESPkoa_SC47_S72_L001_R1_001.fastq.gz,CN18SESPkoa_SC47_S72_L001_R2_001.fastq.gz,Chavez,,CANON,CN18S,6/6/18 17:53,36.983,-122.52,,MBARI,MAKAI,,CANON,,,,,,,0.079528255,6/6/18,20181003.0,6.0,200.0084395,CN18S,2.144559356,marine biome  (ENVO:00000447),coastal water (ENVO:00001250),waterborne particulate matter (ENVO:01000436),mimarks survey,,USA:California:Monterey Bay,mimarks survey,36.983 N 122.52 W,AA72,AA72_TGTGTAGCCATG,,,18S,TGTGTAGCCATG,6.0,,dx.doi.org/10.17504/protocols.io.n2vdge6,dx.doi.org/10.17504/protocols.io.mvzc676,72.0,CN18SESPkoa_SC47,GTACACACCGCCCGTC TGATCCTTCTGCAGGTTCACCTAC,,GTACACACCGCCCGTC,TGATCCTTCTGCAGGTTCACCTAC,,CN18S,34.0578001,3G_ESP,Poretics,0.22um,-80C,1000ml,environmental,NGS Illumina Miseq,MSU,72.0,TGTGTAGCCATG,18S,8.405669543,2018.0
CN18SESPkoa_SC45_AA,Filtered_ASV_taxa_table_all.csv,,,AA,CN18SESPkoa_SC45_S73_L001_R1_001.fastq.gz,CN18SESPkoa_SC45_S73_L001_R2_001.fastq.gz,Chavez,,CANON,CN18S,6/7/18 5:59,36.983,-122.52,,MBARI,MAKAI,,CANON,,,,,,,0.085174884,6/7/18,20181003.0,7.0,199.9964608,CN18S,2.122532881,marine biome  (ENVO:00000447),coastal water (ENVO:00001250),waterborne particulate matter (ENVO:01000436),mimarks survey,,USA:California:Monterey Bay,mimarks survey,36.983 N 122.52 W,AA73,AA73_CTCCCTTTGTGT,,,18S,CTCCCTTTGTGT,6.0,,dx.doi.org/10.17504/protocols.io.n2vdge6,dx.doi.org/10.17504/protocols.io.mvzc676,73.0,CN18SESPkoa_SC45,GTACACACCGCCCGTC TGATCCTTCTGCAGGTTCACCTAC,,GTACACACCGCCCGTC,TGATCCTTCTGCAGGTTCACCTAC,,CN18S,34.06005362,3G_ESP,Poretics,0.22um,-80C,1000ml,environmental,NGS Illumina Miseq,MSU,73.0,CTCCCTTTGTGT,18S,8.418864762,2018.0
CN18SESPkoa_SC44_AA,Filtered_ASV_taxa_table_all.csv,,,AA,CN18SESPkoa_SC44_S74_L001_R1_001.fastq.gz,CN18SESPkoa_SC44_S74_L001_R2_001.fastq.gz,Chavez,,CANON,CN18S,6/7/18 7:14,36.983,-122.52,,MBARI,MAKAI,,CANON,,,,,,,1.7476391340000001,6/7/18,20181003.0,7.0,30.00030977,CN18S,6.145907252000001,marine biome  (ENVO:00000447),coastal water (ENVO:00001250),waterborne particulate matter (ENVO:01000436),mimarks survey,,USA:California:Monterey Bay,mimarks survey,36.983 N 122.52 W,AA74,AA74_GGTCTCCTACAG,,,18S,GGTCTCCTACAG,6.0,,dx.doi.org/10.17504/protocols.io.n2vdge6,dx.doi.org/10.17504/protocols.io.mvzc676,74.0,CN18SESPkoa_SC44,GTACACACCGCCCGTC TGATCCTTCTGCAGGTTCACCTAC,,GTACACACCGCCCGTC,TGATCCTTCTGCAGGTTCACCTAC,,CN18S,33.7998778,3G_ESP,Poretics,0.22um,-80C,1000ml,environmental,NGS Illumina Miseq,MSU,74.0,GGTCTCCTACAG,18S,11.01622571,2018.0
CN18SESPkoa_SC42_AA,Filtered_ASV_taxa_table_all.csv,,,AA,CN18SESPkoa_SC42_S75_L001_R1_001.fastq.gz,CN18SESPkoa_SC42_S75_L001_R2_001.fastq.gz,Chavez,,CANON,CN18S,6/7/18 11:43,36.983,-122.52,,MBARI,MAKAI,,CANON,,,,,,,0.08047067200000001,6/7/18,20181003.0,7.0,200.0034874,CN18S,2.323526505,marine biome  (ENVO:00000447),coastal water (ENVO:00001250),waterborne particulate matter (ENVO:01000436),mimarks survey,,USA:California:Monterey Bay,mimarks survey,36.983 N 122.52 W,AA75,AA75_AACCAAACTCGA,,,18S,AACCAAACTCGA,6.0,,dx.doi.org/10.17504/protocols.io.n2vdge6,dx.doi.org/10.17504/protocols.io.mvzc676,75.0,CN18SESPkoa_SC42,GTACACACCGCCCGTC TGATCCTTCTGCAGGTTCACCTAC,,GTACACACCGCCCGTC,TGATCCTTCTGCAGGTTCACCTAC,,CN18S,34.02819963,3G_ESP,Poretics,0.22um,-80C,1000ml,environmental,NGS Illumina Miseq,MSU,75.0,AACCAAACTCGA,18S,8.57032722,2018.0
CN18SESPkoa_SC41_AA,Filtered_ASV_taxa_table_all.csv,,,AA,CN18SESPkoa_SC41_S76_L001_R1_001.fastq.gz,CN18SESPkoa_SC41_S76_L001_R2_001.fastq.gz,Chavez,,CANON,CN18S,6/7/18 13:02,36.983,-122.52,,MBARI,MAKAI,,CANON,,,,,,,1.700372405,6/7/18,20181003.0,7.0,29.97452523,CN18S,6.052118077,marine biome  (ENVO:00000447),coastal water (ENVO:00001250),waterborne particulate matter (ENVO:01000436),mimarks survey,,USA:California:Monterey Bay,mimarks survey,36.983 N 122.52 W,AA76,AA76_GAAATGCTACGT,,,18S,GAAATGCTACGT,6.0,,dx.doi.org/10.17504/protocols.io.n2vdge6,dx.doi.org/10.17504/protocols.io.mvzc676,76.0,CN18SESPkoa_SC41,GTACACACCGCCCGTC TGATCCTTCTGCAGGTTCACCTAC,,GTACACACCGCCCGTC,TGATCCTTCTGCAGGTTCACCTAC,,CN18S,33.80190099,3G_ESP,Poretics,0.22um,-80C,1000ml,environmental,NGS Illumina Miseq,MSU,76.0,GAAATGCTACGT,18S,11.03750838,2018.0
CN18SESPkoa_SC40_AA,Filtered_ASV_taxa_table_all.csv,,,AA,CN18SESPkoa_SC40_S77_L001_R1_001.fastq.gz,CN18SESPkoa_SC40_S77_L001_R2_001.fastq.gz,Chavez,,CANON,CN18S,6/7/18 20:24,36.983,-122.52,,MBARI,MAKAI,,CANON,,,,,,,0.105150356,6/7/18,20181003.0,7.0,200.00252869999997,CN18S,1.9260701690000002,marine biome  (ENVO:00000447),coastal water (ENVO:00001250),waterborne particulate matter (ENVO:01000436),mimarks survey,,USA:California:Monterey Bay,mimarks survey,36.983 N 122.52 W,AA77,AA77_CGCCATTGTGCA,,,18S,CGCCATTGTGCA,6.0,,dx.doi.org/10.17504/protocols.io.n2vdge6,dx.doi.org/10.17504/protocols.io.mvzc676,77.0,CN18SESPkoa_SC40,GTACACACCGCCCGTC TGATCCTTCTGCAGGTTCACCTAC,,GTACACACCGCCCGTC,TGATCCTTCTGCAGGTTCACCTAC,,CN18S,34.08876802,3G_ESP,Poretics,0.22um,-80C,1000ml,environmental,NGS Illumina Miseq,MSU,77.0,CGCCATTGTGCA,18S,8.27519063,2018.0
CN18SESPkoa_SC39_AA,Filtered_ASV_taxa_table_all.csv,,,AA,CN18SESPkoa_SC39_S78_L001_R1_001.fastq.gz,CN18SESPkoa_SC39_S78_L001_R2_001.fastq.gz,Chavez,,CANON,CN18S,6/7/18 21:47,36.983,-122.52,,MBARI,MAKAI,,CANON,,,,,,,1.4657601740000001,6/7/18,20181003.0,7.0,29.99480987,CN18S,5.203633739,marine biome  (ENVO:00000447),coastal water (ENVO:00001250),waterborne particulate matter (ENVO:01000436),mimarks survey,,USA:California:Monterey Bay,mimarks survey,36.983 N 122.52 W,AA78,AA78_CTACGAAAGCCT,,,18S,CTACGAAAGCCT,6.0,,dx.doi.org/10.17504/protocols.io.n2vdge6,dx.doi.org/10.17504/protocols.io.mvzc676,78.0,CN18SESPkoa_SC39,GTACACACCGCCCGTC TGATCCTTCTGCAGGTTCACCTAC,,GTACACACCGCCCGTC,TGATCCTTCTGCAGGTTCACCTAC,,CN18S,33.73652772,3G_ESP,Poretics,0.22um,-80C,1000ml,environmental,NGS Illumina Miseq,MSU,78.0,CTACGAAAGCCT,18S,10.86568478,2018.0
CN18SESPkoa_SC37_AA,Filtered_ASV_taxa_table_all.csv,,,AA,CN18SESPkoa_SC37_S79_L001_R1_001.fastq.gz,CN18SESPkoa_SC37_S79_L001_R2_001.fastq.gz,Chavez,,CANON,CN18S,6/8/18 10:03,36.983,-122.52,,MBARI,MAKAI,,CANON,,,,,,,0.08083328099999999,6/8/18,20181003.0,8.0,200.0087146,CN18S,1.975259282,marine biome  (ENVO:00000447),coastal water (ENVO:00001250),waterborne particulate matter (ENVO:01000436),mimarks survey,,USA:California:Monterey Bay,mimarks survey,36.983 N 122.52 W,AA79,AA79_GAGATCGCCTAT,,,18S,GAGATCGCCTAT,6.0,,dx.doi.org/10.17504/protocols.io.n2vdge6,dx.doi.org/10.17504/protocols.io.mvzc676,79.0,CN18SESPkoa_SC37,GTACACACCGCCCGTC TGATCCTTCTGCAGGTTCACCTAC,,GTACACACCGCCCGTC,TGATCCTTCTGCAGGTTCACCTAC,,CN18S,34.08066089,3G_ESP,Poretics,0.22um,-80C,1000ml,environmental,NGS Illumina Miseq,MSU,79.0,GAGATCGCCTAT,18S,8.288688442,2018.0
CN18SESPkoa_SC36_AA,Filtered_ASV_taxa_table_all.csv,,,AA,CN18SESPkoa_SC36_S80_L001_R1_001.fastq.gz,CN18SESPkoa_SC36_S80_L001_R2_001.fastq.gz,Chavez,,CANON,CN18S,6/8/18 11:22,36.983,-122.52,,MBARI,MAKAI,,CANON,,,,,,,0.47401286200000003,6/8/18,20181003.0,8.0,29.96195043,CN18S,4.385419519,marine biome  (ENVO:00000447),coastal water (ENVO:00001250),waterborne particulate matter (ENVO:01000436),mimarks survey,,USA:California:Monterey Bay,mimarks survey,36.983 N 122.52 W,AA80,AA80_AAGGGCGCTGAA,,,18S,AAGGGCGCTGAA,6.0,,dx.doi.org/10.17504/protocols.io.n2vdge6,dx.doi.org/10.17504/protocols.io.mvzc676,80.0,CN18SESPkoa_SC36,GTACACACCGCCCGTC TGATCCTTCTGCAGGTTCACCTAC,,GTACACACCGCCCGTC,TGATCCTTCTGCAGGTTCACCTAC,,CN18S,33.77007034,3G_ESP,Poretics,0.22um,-80C,1000ml,environmental,NGS Illumina Miseq,MSU,80.0,AAGGGCGCTGAA,18S,10.26982819,2018.0
CN18FESPkoa_SC58_CC,Filtered_ASV_taxa_table_all.csv,227.0,single_depth,CC,CN18FESPkoa_SC58_S20_L001_R1_001.fastq.gz,CN18FESPkoa_SC58_S20_L001_R2_001.fastq.gz,Chavez,,,CN18F,2018-09-08 03:58,36.99277552,-122.52449159999999,,MBARI,Tethys,LRAUV,CANON,,,,58.0,1.0,,0.145251271,2018-09-08 00:00,20181221.0,8.0,30.91903055,CN18F,,marine biome  (ENVO:00000447),coastal water (ENVO:00001250),waterborne particulate matter (ENVO:01000436),mimarks survey,,USA:California:Monterey Bay,mimarks survey,36.9927755184 N -122.524491572 W,CC3,CC3_TTCCTAGGCCAG,9/7/2018 21:48,9/7/2018 20:58,18S,TTCCTAGGCCAG,9.0,,dx.doi.org/10.17504/protocols.io.n2vdge6,dx.doi.org/10.17504/protocols.io.mvzc676,3.0,CN18FESPkoa_SC58,GTACACACCGCCCGTC TGATCCTTCTGCAGGTTCACCTAC,,GTACACACCGCCCGTC,TTCTGCAGGTTCACCTAC,,CN18F,33.68261858,3G_ESP,Poretics,0.22um,-80C,1000ml,environmental,NGS Illumina Miseq,MSU,3.0,TTCCTAGGCCAG,18S,12.02163044,2018.0
CN18FESPkoa_SC57_CC,Filtered_ASV_taxa_table_all.csv,257.0,single_depth,CC,CN18FESPkoa_SC57_S68_L001_R1_001.fastq.gz,CN18FESPkoa_SC57_S68_L001_R2_001.fastq.gz,Chavez,,,CN18F,2018-09-08 17:37,36.99549543,-122.46828570000001,,MBARI,Tethys,LRAUV,CANON,,,,57.0,2.0,,0.17469059899999997,2018-09-08 00:00,20181221.0,8.0,35.21756651,CN18F,,marine biome  (ENVO:00000447),coastal water (ENVO:00001250),waterborne particulate matter (ENVO:01000436),mimarks survey,,USA:California:Monterey Bay,mimarks survey,36.9954954259 N -122.468285723 W,CC4,CC4_GACTACCCGTTG,9/8/2018 11:23,9/8/2018 10:37,18S,GACTACCCGTTG,9.0,,dx.doi.org/10.17504/protocols.io.n2vdge6,dx.doi.org/10.17504/protocols.io.mvzc676,4.0,CN18FESPkoa_SC57,GTACACACCGCCCGTC TGATCCTTCTGCAGGTTCACCTAC,,GTACACACCGCCCGTC,TTCTGCAGGTTCACCTAC,,CN18F,33.66599588,3G_ESP,Poretics,0.22um,-80C,1000ml,environmental,NGS Illumina Miseq,MSU,4.0,GACTACCCGTTG,18S,12.01885449,2018.0
CN18FESPkoa_SC56_CC,Filtered_ASV_taxa_table_all.csv,307.0,single_depth,CC,CN18FESPkoa_SC56_S61_L001_R1_001.fastq.gz,CN18FESPkoa_SC56_S61_L001_R2_001.fastq.gz,Chavez,,,CN18F,2018-09-08 19:39,37.00067151,-122.4676331,,MBARI,Tethys,LRAUV,CANON,,,,56.0,3.0,,0.167396762,2018-09-08 00:00,20181221.0,8.0,39.84399873,CN18F,,marine biome  (ENVO:00000447),coastal water (ENVO:00001250),waterborne particulate matter (ENVO:01000436),mimarks survey,,USA:California:Monterey Bay,mimarks survey,37.0006715093 N -122.467633123 W,CC5,CC5_AGACATACCGTA,9/8/2018 13:24,9/8/2018 12:39,18S,AGACATACCGTA,9.0,,dx.doi.org/10.17504/protocols.io.n2vdge6,dx.doi.org/10.17504/protocols.io.mvzc676,5.0,CN18FESPkoa_SC56,GTACACACCGCCCGTC TGATCCTTCTGCAGGTTCACCTAC,,GTACACACCGCCCGTC,TTCTGCAGGTTCACCTAC,,CN18F,33.68001923,3G_ESP,Poretics,0.22um,-80C,1000ml,environmental,NGS Illumina Miseq,MSU,5.0,AGACATACCGTA,18S,11.97873561,2018.0
CN18FESPkoa_SC55_CC,Filtered_ASV_taxa_table_all.csv,143.0,single_depth,CC,CN18FESPkoa_SC55_S52_L001_R1_001.fastq.gz,CN18FESPkoa_SC55_S52_L001_R2_001.fastq.gz,Chavez,,,CN18F,2018-09-08 21:40,37.00454691,-122.46671040000001,,MBARI,Tethys,LRAUV,CANON,,,,55.0,4.0,,0.18417495,2018-09-08 00:00,20181221.0,8.0,39.02684487,CN18F,,marine biome  (ENVO:00000447),coastal water (ENVO:00001250),waterborne particulate matter (ENVO:01000436),mimarks survey,,USA:California:Monterey Bay,mimarks survey,37.0045469126 N -122.466710385 W,CC6,CC6_TGTATCTTCACC,9/8/2018 15:25,9/8/2018 14:40,18S,TGTATCTTCACC,9.0,,dx.doi.org/10.17504/protocols.io.n2vdge6,dx.doi.org/10.17504/protocols.io.mvzc676,6.0,CN18FESPkoa_SC55,GTACACACCGCCCGTC TGATCCTTCTGCAGGTTCACCTAC,,GTACACACCGCCCGTC,TTCTGCAGGTTCACCTAC,,CN18F,33.67334629,3G_ESP,Poretics,0.22um,-80C,1000ml,environmental,NGS Illumina Miseq,MSU,6.0,TGTATCTTCACC,18S,12.04968903,2018.0
CN18FESPkoa_SC53_CC,Filtered_ASV_taxa_table_all.csv,246.0,single_depth,CC,CN18FESPkoa_SC53_S92_L001_R1_001.fastq.gz,CN18FESPkoa_SC53_S92_L001_R2_001.fastq.gz,Chavez,,,CN18F,2018-09-09 02:35,37.00982512,-122.4511858,,MBARI,Tethys,LRAUV,CANON,,,,53.0,6.0,,0.158366003,2018-09-09 00:00,20181221.0,9.0,34.44149289,CN18F,,marine biome  (ENVO:00000447),coastal water (ENVO:00001250),waterborne particulate matter (ENVO:01000436),mimarks survey,,USA:California:Monterey Bay,mimarks survey,37.009825119 N -122.451185849 W,CC8,CC8_CAAAGCGGTATT,9/8/2018 20:20,9/8/2018 19:35,18S,CAAAGCGGTATT,9.0,,dx.doi.org/10.17504/protocols.io.n2vdge6,dx.doi.org/10.17504/protocols.io.mvzc676,8.0,CN18FESPkoa_SC53,GTACACACCGCCCGTC TGATCCTTCTGCAGGTTCACCTAC,,GTACACACCGCCCGTC,TTCTGCAGGTTCACCTAC,,CN18F,33.68748978,3G_ESP,Poretics,0.22um,-80C,1000ml,environmental,NGS Illumina Miseq,MSU,8.0,CAAAGCGGTATT,18S,12.01170998,2018.0
CN18FESPkoa_SC52_CC,Filtered_ASV_taxa_table_all.csv,308.0,single_depth,CC,CN18FESPkoa_SC52_S27_L001_R1_001.fastq.gz,CN18FESPkoa_SC52_S27_L001_R2_001.fastq.gz,Chavez,,,CN18F,2018-09-09 04:36,37.01585975,-122.4417113,,MBARI,Tethys,LRAUV,CANON,,,,52.0,7.0,,0.138642604,2018-09-09 00:00,20181221.0,9.0,25.30528936,CN18F,,marine biome  (ENVO:00000447),coastal water (ENVO:00001250),waterborne particulate matter (ENVO:01000436),mimarks survey,,USA:California:Monterey Bay,mimarks survey,37.0158597456 N -122.441711345 W,CC9,CC9_GCCGTAAACTTG,9/8/2018 22:22,9/8/2018 21:36,18S,GCCGTAAACTTG,9.0,,dx.doi.org/10.17504/protocols.io.n2vdge6,dx.doi.org/10.17504/protocols.io.mvzc676,9.0,CN18FESPkoa_SC52,GTACACACCGCCCGTC TGATCCTTCTGCAGGTTCACCTAC,,GTACACACCGCCCGTC,TTCTGCAGGTTCACCTAC,,CN18F,33.68563826,3G_ESP,Poretics,0.22um,-80C,1000ml,environmental,NGS Illumina Miseq,MSU,9.0,GCCGTAAACTTG,18S,11.95985772,2018.0
CN18FESPkoa_SC49_CC,Filtered_ASV_taxa_table_all.csv,119.0,single_depth,CC,CN18FESPkoa_SC49_S49_L001_R1_001.fastq.gz,CN18FESPkoa_SC49_S49_L001_R2_001.fastq.gz,Chavez,,,CN18F,2018-09-09 10:48,37.00071314,-122.41580520000001,,MBARI,Tethys,LRAUV,CANON,,,,49.0,10.0,,0.150026157,2018-09-09 00:00,20181221.0,9.0,44.79718743,CN18F,,marine biome  (ENVO:00000447),coastal water (ENVO:00001250),waterborne particulate matter (ENVO:01000436),mimarks survey,,USA:California:Monterey Bay,mimarks survey,37.0007131382 N -122.415805198 W,CC12,CC12_GCGTTGCAAACT,9/9/2018 4:34,9/9/2018 3:48,18S,GCGTTGCAAACT,9.0,,dx.doi.org/10.17504/protocols.io.n2vdge6,dx.doi.org/10.17504/protocols.io.mvzc676,12.0,CN18FESPkoa_SC49,GTACACACCGCCCGTC TGATCCTTCTGCAGGTTCACCTAC,,GTACACACCGCCCGTC,TTCTGCAGGTTCACCTAC,,CN18F,33.67349298,3G_ESP,Poretics,0.22um,-80C,1000ml,environmental,NGS Illumina Miseq,MSU,12.0,GCGTTGCAAACT,18S,11.97328235,2018.0
CN18FESPkoa_SC47_CC,Filtered_ASV_taxa_table_all.csv,8.0,single_depth,CC,CN18FESPkoa_SC47_S63_L001_R1_001.fastq.gz,CN18FESPkoa_SC47_S63_L001_R2_001.fastq.gz,Chavez,,,CN18F,2018-09-09 14:51,36.99733801,-122.41748940000001,,MBARI,Tethys,LRAUV,CANON,,,,47.0,12.0,,0.166244419,2018-09-09 00:00,20181221.0,9.0,31.69744903,CN18F,,marine biome  (ENVO:00000447),coastal water (ENVO:00001250),waterborne particulate matter (ENVO:01000436),mimarks survey,,USA:California:Monterey Bay,mimarks survey,36.9973380067 N -122.417489437 W,CC14,CC14_GACTGACTCGTC,9/9/2018 8:40,9/9/2018 7:51,18S,GACTGACTCGTC,9.0,,dx.doi.org/10.17504/protocols.io.n2vdge6,dx.doi.org/10.17504/protocols.io.mvzc676,14.0,CN18FESPkoa_SC47,GTACACACCGCCCGTC TGATCCTTCTGCAGGTTCACCTAC,,GTACACACCGCCCGTC,TTCTGCAGGTTCACCTAC,,CN18F,33.67868583,3G_ESP,Poretics,0.22um,-80C,1000ml,environmental,NGS Illumina Miseq,MSU,14.0,GACTGACTCGTC,18S,12.02876061,2018.0
CN18FESPkoa_SC46_CC,Filtered_ASV_taxa_table_all.csv,322.0,single_depth,CC,CN18FESPkoa_SC46_S41_L001_R1_001.fastq.gz,CN18FESPkoa_SC46_S41_L001_R2_001.fastq.gz,Chavez,,,CN18F,2018-09-09 16:55,37.00215021,-122.41668899999999,,MBARI,Tethys,LRAUV,CANON,,,,46.0,13.0,,0.15225977599999999,2018-09-09 00:00,20181221.0,9.0,36.81463935,CN18F,,marine biome  (ENVO:00000447),coastal water (ENVO:00001250),waterborne particulate matter (ENVO:01000436),mimarks survey,,USA:California:Monterey Bay,mimarks survey,37.0021502082 N -122.416689016 W,CC15,CC15_CTACTTACATCC,9/9/2018 10:42,9/9/2018 9:55,18S,CTACTTACATCC,9.0,,dx.doi.org/10.17504/protocols.io.n2vdge6,dx.doi.org/10.17504/protocols.io.mvzc676,15.0,CN18FESPkoa_SC46,GTACACACCGCCCGTC TGATCCTTCTGCAGGTTCACCTAC,,GTACACACCGCCCGTC,TTCTGCAGGTTCACCTAC,,CN18F,33.66440303,3G_ESP,Poretics,0.22um,-80C,1000ml,environmental,NGS Illumina Miseq,MSU,15.0,CTACTTACATCC,18S,11.97971261,2018.0
CN18FESPkoa_SC44_CC,Filtered_ASV_taxa_table_all.csv,87.0,single_depth,CC,CN18FESPkoa_SC44_S22_L001_R1_001.fastq.gz,CN18FESPkoa_SC44_S22_L001_R2_001.fastq.gz,Chavez,,,CN18F,2018-09-09 21:03,36.99754351,-122.40628329999998,,MBARI,Tethys,LRAUV,CANON,,,,44.0,15.0,,0.164848982,2018-09-09 00:00,20181221.0,9.0,34.72138758,CN18F,,marine biome  (ENVO:00000447),coastal water (ENVO:00001250),waterborne particulate matter (ENVO:01000436),mimarks survey,,USA:California:Monterey Bay,mimarks survey,36.9975435072 N -122.406283288 W,CC17,CC17_GCAGATTTCCAG,9/9/2018 14:47,9/9/2018 14:03,18S,GCAGATTTCCAG,9.0,,dx.doi.org/10.17504/protocols.io.n2vdge6,dx.doi.org/10.17504/protocols.io.mvzc676,17.0,CN18FESPkoa_SC44,GTACACACCGCCCGTC TGATCCTTCTGCAGGTTCACCTAC,,GTACACACCGCCCGTC,TTCTGCAGGTTCACCTAC,,CN18F,33.67676748,3G_ESP,Poretics,0.22um,-80C,1000ml,environmental,NGS Illumina Miseq,MSU,17.0,GCAGATTTCCAG,18S,11.99093597,2018.0
CN18FESPkoa_SC43_CC,Filtered_ASV_taxa_table_all.csv,242.0,single_depth,CC,CN18FESPkoa_SC43_S36_L001_R1_001.fastq.gz,CN18FESPkoa_SC43_S36_L001_R2_001.fastq.gz,Chavez,,,CN18F,2018-09-09 23:03,36.99387104,-122.4028284,,MBARI,Tethys,LRAUV,CANON,,,,43.0,16.0,,0.161622106,2018-09-09 00:00,20181221.0,9.0,32.40880836,CN18F,,marine biome  (ENVO:00000447),coastal water (ENVO:00001250),waterborne particulate matter (ENVO:01000436),mimarks survey,,USA:California:Monterey Bay,mimarks survey,36.993871041 N -122.402828446 W,CC18,CC18_CGATAGGCCTTA,9/9/2018 16:54,9/9/2018 16:03,18S,CGATAGGCCTTA,9.0,,dx.doi.org/10.17504/protocols.io.n2vdge6,dx.doi.org/10.17504/protocols.io.mvzc676,18.0,CN18FESPkoa_SC43,GTACACACCGCCCGTC TGATCCTTCTGCAGGTTCACCTAC,,GTACACACCGCCCGTC,TTCTGCAGGTTCACCTAC,,CN18F,33.66621811,3G_ESP,Poretics,0.22um,-80C,1000ml,environmental,NGS Illumina Miseq,MSU,18.0,CGATAGGCCTTA,18S,11.98554169,2018.0
CN18FESPkoa_SC41_CC,Filtered_ASV_taxa_table_all.csv,75.0,single_depth,CC,CN18FESPkoa_SC41_S18_L001_R1_001.fastq.gz,CN18FESPkoa_SC41_S18_L001_R2_001.fastq.gz,Chavez,,,CN18F,2018-09-10 03:13,37.00412075,-122.3806972,,MBARI,Tethys,LRAUV,CANON,,,,41.0,18.0,,0.167356728,2018-09-10 00:00,20181221.0,10.0,23.25098937,CN18F,,marine biome  (ENVO:00000447),coastal water (ENVO:00001250),waterborne particulate matter (ENVO:01000436),mimarks survey,,USA:California:Monterey Bay,mimarks survey,37.0041207535 N -122.380697195 W,CC20,CC20_AACCGCATAAGT,9/9/2018 20:58,9/9/2018 20:13,18S,AACCGCATAAGT,9.0,,dx.doi.org/10.17504/protocols.io.n2vdge6,dx.doi.org/10.17504/protocols.io.mvzc676,20.0,CN18FESPkoa_SC41,GTACACACCGCCCGTC TGATCCTTCTGCAGGTTCACCTAC,,GTACACACCGCCCGTC,TTCTGCAGGTTCACCTAC,,CN18F,33.67235782,3G_ESP,Poretics,0.22um,-80C,1000ml,environmental,NGS Illumina Miseq,MSU,20.0,AACCGCATAAGT,18S,11.93190487,2018.0
CN18FESPkoa_SC40_CC,Filtered_ASV_taxa_table_all.csv,255.0,single_depth,CC,CN18FESPkoa_SC40_S31_L001_R1_001.fastq.gz,CN18FESPkoa_SC40_S31_L001_R2_001.fastq.gz,Chavez,,,CN18F,2018-09-10 05:14,36.99802134,-122.3665361,,MBARI,Tethys,LRAUV,CANON,,,,40.0,19.0,,0.21252084899999998,2018-09-10 00:00,20181221.0,10.0,23.41120239,CN18F,,marine biome  (ENVO:00000447),coastal water (ENVO:00001250),waterborne particulate matter (ENVO:01000436),mimarks survey,,USA:California:Monterey Bay,mimarks survey,36.9980213415 N -122.366536098 W,CC21,CC21_ATTATCGTCCCT,9/9/2018 23:02,9/9/2018 22:14,18S,ATTATCGTCCCT,9.0,,dx.doi.org/10.17504/protocols.io.n2vdge6,dx.doi.org/10.17504/protocols.io.mvzc676,21.0,CN18FESPkoa_SC40,GTACACACCGCCCGTC TGATCCTTCTGCAGGTTCACCTAC,,GTACACACCGCCCGTC,TTCTGCAGGTTCACCTAC,,CN18F,33.66975009,3G_ESP,Poretics,0.22um,-80C,1000ml,environmental,NGS Illumina Miseq,MSU,21.0,ATTATCGTCCCT,18S,11.99616812,2018.0
CN18FESPkoa_SC37_CC,Filtered_ASV_taxa_table_all.csv,311.0,single_depth,CC,CN18FESPkoa_SC37_S74_L001_R1_001.fastq.gz,CN18FESPkoa_SC37_S74_L001_R2_001.fastq.gz,Chavez,,,CN18F,2018-09-10 11:26,36.97408736,-122.34932830000001,,MBARI,Tethys,LRAUV,CANON,,,,37.0,22.0,,0.21107732399999998,2018-09-10 00:00,20181221.0,10.0,31.66745079,CN18F,,marine biome  (ENVO:00000447),coastal water (ENVO:00001250),waterborne particulate matter (ENVO:01000436),mimarks survey,,USA:California:Monterey Bay,mimarks survey,36.9740873572 N -122.349328313 W,CC24,CC24_GAGGACCAGCAA,9/10/2018 5:12,9/10/2018 4:26,18S,GAGGACCAGCAA,9.0,,dx.doi.org/10.17504/protocols.io.n2vdge6,dx.doi.org/10.17504/protocols.io.mvzc676,24.0,CN18FESPkoa_SC37,GTACACACCGCCCGTC TGATCCTTCTGCAGGTTCACCTAC,,GTACACACCGCCCGTC,TTCTGCAGGTTCACCTAC,,CN18F,33.66772935,3G_ESP,Poretics,0.22um,-80C,1000ml,environmental,NGS Illumina Miseq,MSU,24.0,GAGGACCAGCAA,18S,12.02149301,2018.0
CN18FESPkoa_SC34_CC,Filtered_ASV_taxa_table_all.csv,324.0,single_depth,CC,CN18FESPkoa_SC34_S28_L001_R1_001.fastq.gz,CN18FESPkoa_SC34_S28_L001_R2_001.fastq.gz,Chavez,,,CN18F,2018-09-10 17:39,36.95682604,-122.3381328,,MBARI,Tethys,LRAUV,CANON,,,,34.0,25.0,,0.19530205899999997,2018-09-10 00:00,20181221.0,10.0,27.85331907,CN18F,,marine biome  (ENVO:00000447),coastal water (ENVO:00001250),waterborne particulate matter (ENVO:01000436),mimarks survey,,USA:California:Monterey Bay,mimarks survey,36.9568260353 N -122.338132765 W,CC27,CC27_ACAGCTCAAACA,9/10/2018 11:25,9/10/2018 10:39,18S,ACAGCTCAAACA,9.0,,dx.doi.org/10.17504/protocols.io.n2vdge6,dx.doi.org/10.17504/protocols.io.mvzc676,27.0,CN18FESPkoa_SC34,GTACACACCGCCCGTC TGATCCTTCTGCAGGTTCACCTAC,,GTACACACCGCCCGTC,TTCTGCAGGTTCACCTAC,,CN18F,33.66889906,3G_ESP,Poretics,0.22um,-80C,1000ml,environmental,NGS Illumina Miseq,MSU,27.0,ACAGCTCAAACA,18S,12.02720445,2018.0
CN18FESPkoa_SC32_CC,Filtered_ASV_taxa_table_all.csv,314.0,single_depth,CC,CN18FESPkoa_SC32_S54_L001_R1_001.fastq.gz,CN18FESPkoa_SC32_S54_L001_R2_001.fastq.gz,Chavez,,,CN18F,2018-09-10 21:44,36.95459369,-122.3317888,,MBARI,Tethys,LRAUV,CANON,,,,32.0,27.0,,0.192460463,2018-09-10 00:00,20181221.0,10.0,34.26964331,CN18F,,marine biome  (ENVO:00000447),coastal water (ENVO:00001250),waterborne particulate matter (ENVO:01000436),mimarks survey,,USA:California:Monterey Bay,mimarks survey,36.9545936928 N -122.331788785 W,CC29,CC29_CCAGACCGCTAT,9/10/2018 15:33,9/10/2018 14:44,18S,CCAGACCGCTAT,9.0,,dx.doi.org/10.17504/protocols.io.n2vdge6,dx.doi.org/10.17504/protocols.io.mvzc676,29.0,CN18FESPkoa_SC32,GTACACACCGCCCGTC TGATCCTTCTGCAGGTTCACCTAC,,GTACACACCGCCCGTC,TTCTGCAGGTTCACCTAC,,CN18F,33.66864974,3G_ESP,Poretics,0.22um,-80C,1000ml,environmental,NGS Illumina Miseq,MSU,29.0,CCAGACCGCTAT,18S,11.98173489,2018.0
CN18FESPkoa_SC31_CC,Filtered_ASV_taxa_table_all.csv,106.0,single_depth,CC,CN18FESPkoa_SC31_S71_L001_R1_001.fastq.gz,CN18FESPkoa_SC31_S71_L001_R2_001.fastq.gz,Chavez,,,CN18F,2018-09-10 23:49,36.95543702,-122.3157168,,MBARI,Tethys,LRAUV,CANON,,,,31.0,28.0,,0.202034876,2018-09-10 00:00,20181221.0,10.0,17.95441159,CN18F,,marine biome  (ENVO:00000447),coastal water (ENVO:00001250),waterborne particulate matter (ENVO:01000436),mimarks survey,,USA:California:Monterey Bay,mimarks survey,36.9554370211 N -122.315716807 W,CC30,CC30_GACGCACTAACT,9/10/2018 17:34,9/10/2018 16:49,18S,GACGCACTAACT,9.0,,dx.doi.org/10.17504/protocols.io.n2vdge6,dx.doi.org/10.17504/protocols.io.mvzc676,30.0,CN18FESPkoa_SC31,GTACACACCGCCCGTC TGATCCTTCTGCAGGTTCACCTAC,,GTACACACCGCCCGTC,TTCTGCAGGTTCACCTAC,,CN18F,33.67247071,3G_ESP,Poretics,0.22um,-80C,1000ml,environmental,NGS Illumina Miseq,MSU,30.0,GACGCACTAACT,18S,11.98063508,2018.0
CN18FESPkoa_SC30_CC,Filtered_ASV_taxa_table_all.csv,309.0,single_depth,CC,CN18FESPkoa_SC30_S83_L001_R1_001.fastq.gz,CN18FESPkoa_SC30_S83_L001_R2_001.fastq.gz,Chavez,,,CN18F,2018-09-11 01:50,36.94470712,-122.29574709999999,,MBARI,Tethys,LRAUV,CANON,,,,30.0,29.0,,0.35652086299999997,2018-09-11 00:00,20181221.0,11.0,12.84975355,CN18F,,marine biome  (ENVO:00000447),coastal water (ENVO:00001250),waterborne particulate matter (ENVO:01000436),mimarks survey,,USA:California:Monterey Bay,mimarks survey,36.9447071199 N -122.295747093 W,CC31,CC31_ATGCTAACCACG,9/10/2018 19:43,9/10/2018 18:50,18S,ATGCTAACCACG,9.0,,dx.doi.org/10.17504/protocols.io.n2vdge6,dx.doi.org/10.17504/protocols.io.mvzc676,31.0,CN18FESPkoa_SC30,GTACACACCGCCCGTC TGATCCTTCTGCAGGTTCACCTAC,,GTACACACCGCCCGTC,TTCTGCAGGTTCACCTAC,,CN18F,33.67334002,3G_ESP,Poretics,0.22um,-80C,1000ml,environmental,NGS Illumina Miseq,MSU,31.0,ATGCTAACCACG,18S,12.00892257,2018.0
CN18FESPkoa_SC29_CC,Filtered_ASV_taxa_table_all.csv,328.0,single_depth,CC,CN18FESPkoa_SC29_S15_L001_R1_001.fastq.gz,CN18FESPkoa_SC29_S15_L001_R2_001.fastq.gz,Chavez,,,CN18F,2018-09-11 03:59,36.92986729,-122.2888613,,MBARI,Tethys,LRAUV,CANON,,,,29.0,30.0,,0.564779162,2018-09-11 00:00,20181221.0,11.0,24.12127247,CN18F,,marine biome  (ENVO:00000447),coastal water (ENVO:00001250),waterborne particulate matter (ENVO:01000436),mimarks survey,,USA:California:Monterey Bay,mimarks survey,36.9298672859 N -122.288861347 W,CC33,CC33_GAGACGTGTTCT,9/10/2018 21:46,9/10/2018 20:59,18S,GAGACGTGTTCT,9.0,,dx.doi.org/10.17504/protocols.io.n2vdge6,dx.doi.org/10.17504/protocols.io.mvzc676,33.0,CN18FESPkoa_SC29,GTACACACCGCCCGTC TGATCCTTCTGCAGGTTCACCTAC,,GTACACACCGCCCGTC,TTCTGCAGGTTCACCTAC,,CN18F,33.66386124,3G_ESP,Poretics,0.22um,-80C,1000ml,environmental,NGS Illumina Miseq,MSU,33.0,GAGACGTGTTCT,18S,12.02154718,2018.0
CN18FESPkoa_SC26_CC,Filtered_ASV_taxa_table_all.csv,171.0,single_depth,CC,CN18FESPkoa_SC26_S4_L001_R1_001.fastq.gz,CN18FESPkoa_SC26_S4_L001_R2_001.fastq.gz,Chavez,,,CN18F,2018-09-11 10:13,36.92273,-122.28237759999999,,MBARI,Tethys,LRAUV,CANON,,,,26.0,33.0,,0.439694949,2018-09-11 00:00,20181221.0,11.0,24.64197722,CN18F,,marine biome  (ENVO:00000447),coastal water (ENVO:00001250),waterborne particulate matter (ENVO:01000436),mimarks survey,,USA:California:Monterey Bay,mimarks survey,36.9227300034 N -122.28237764 W,CC36,CC36_GTAGGTGCTTAC,9/11/2018 4:02,9/11/2018 3:13,18S,GTAGGTGCTTAC,9.0,,dx.doi.org/10.17504/protocols.io.n2vdge6,dx.doi.org/10.17504/protocols.io.mvzc676,36.0,CN18FESPkoa_SC26,GTACACACCGCCCGTC TGATCCTTCTGCAGGTTCACCTAC,,GTACACACCGCCCGTC,TTCTGCAGGTTCACCTAC,,CN18F,33.67793025,3G_ESP,Poretics,0.22um,-80C,1000ml,environmental,NGS Illumina Miseq,MSU,36.0,GTAGGTGCTTAC,18S,11.95838978,2018.0
CN18FESPkoa_SC24_CC,Filtered_ASV_taxa_table_all.csv,134.0,single_depth,CC,CN18FESPkoa_SC24_S47_L001_R1_001.fastq.gz,CN18FESPkoa_SC24_S47_L001_R2_001.fastq.gz,Chavez,,,CN18F,2018-09-11 14:22,36.91512386,-122.2735706,,MBARI,Tethys,LRAUV,CANON,,,,24.0,35.0,,0.431699725,2018-09-11 00:00,20181221.0,11.0,33.19232641,CN18F,,marine biome  (ENVO:00000447),coastal water (ENVO:00001250),waterborne particulate matter (ENVO:01000436),mimarks survey,,USA:California:Monterey Bay,mimarks survey,36.9151238577 N -122.273570588 W,CC38,CC38_GGCGATTTACGT,9/11/2018 8:09,9/11/2018 7:22,18S,GGCGATTTACGT,9.0,,dx.doi.org/10.17504/protocols.io.n2vdge6,dx.doi.org/10.17504/protocols.io.mvzc676,38.0,CN18FESPkoa_SC24,GTACACACCGCCCGTC TGATCCTTCTGCAGGTTCACCTAC,,GTACACACCGCCCGTC,TTCTGCAGGTTCACCTAC,,CN18F,33.62130153,3G_ESP,Poretics,0.22um,-80C,1000ml,environmental,NGS Illumina Miseq,MSU,38.0,GGCGATTTACGT,18S,11.98446347,2018.0
