sample_name,order,NOAA_ID,library,library_tag_combo,tag_sequence,primer_sequence_F,primer_sequence_R,sample_type,sample_locus,tag_number,R1,R2,env_biome,env_feature,env_material,env_package,geo_loc_name,samp_filter_size_ext,samp_filter_ext_type,SAMPLING_cruise,SAMPLING_station_number,SAMPLING_bottle,depth,SAMPLING_station,SAMPLING_project,SAMPLING_platform,SAMPLING_dec_lat,SAMPLING_dec_long,chlorophyll,SAMPLING_campaign,year,month,day,collection_date,SAMPLING_date_time,PlateID,original_name
Lasker18Sc122_3_D0052_UU,22,D0052,UU22,UU22_TCGACGAG,TCGACGAG,ACACTGACGACATGGTTCTACAGTACACACCGCCCGTC,TACGGTAGCAGAGACTTGGTCTTGATCCTTCTGCAGGTTCACCTAC,environmental,18S,22,Lasker18Sc122_3_D0052_S9_L001_R1_001.fastq.gz,Lasker18Sc122_3_D0052_S9_L001_R2_001.fastq.gz,marine biome  (ENVO:00000447),coastal water (ENVO:00001250),waterborne particulate matter (ENVO:01000436),mimarks survey,USA:California:SB Channel Islands,0.22um,Poretics,LASKER2018,425,3.0,100.0,San Miguel (dusk),Project_Overview_Lasker_2018,LASKER,33.91416667,-120.71,20.0,Lasker18,2018.0,6.0,3.0,6/3/18,2018-06-03 03:58:00,UU,Lasker18Sc122_3_D0052
Lasker18Sc122_5_D0053_UU,23,D0053,UU23,UU23_GATCGTGT,GATCGTGT,ACACTGACGACATGGTTCTACAGTACACACCGCCCGTC,TACGGTAGCAGAGACTTGGTCTTGATCCTTCTGCAGGTTCACCTAC,environmental,18S,23,Lasker18Sc122_5_D0053_S37_L001_R1_001.fastq.gz,Lasker18Sc122_5_D0053_S37_L001_R2_001.fastq.gz,marine biome  (ENVO:00000447),coastal water (ENVO:00001250),waterborne particulate matter (ENVO:01000436),mimarks survey,USA:California:SB Channel Islands,0.22um,Poretics,LASKER2018,425,5.0,100.0,San Miguel (dusk),Project_Overview_Lasker_2018,LASKER,33.91416667,-120.71,20.0,Lasker18,2018.0,6.0,3.0,6/3/18,2018-06-03 03:58:00,UU,Lasker18Sc122_5_D0053
Lasker18Sc122_17_D0057_UU,24,D0057,UU24,UU24_GTCAGATA,GTCAGATA,ACACTGACGACATGGTTCTACAGTACACACCGCCCGTC,TACGGTAGCAGAGACTTGGTCTTGATCCTTCTGCAGGTTCACCTAC,environmental,18S,24,Lasker18Sc122_17_D0057_S76_L001_R1_001.fastq.gz,Lasker18Sc122_17_D0057_S76_L001_R2_001.fastq.gz,marine biome  (ENVO:00000447),coastal water (ENVO:00001250),waterborne particulate matter (ENVO:01000436),mimarks survey,USA:California:SB Channel Islands,0.22um,Poretics,LASKER2018,425,17.0,18.0,San Miguel (dusk),Project_Overview_Lasker_2018,LASKER,33.91416667,-120.71,20.0,Lasker18,2018.0,6.0,3.0,6/3/18,2018-06-03 03:58:00,UU,Lasker18Sc122_17_D0057
Lasker18Sc122_19_D0058_UU,25,D0058,UU25,UU25_CTACTATA,CTACTATA,ACACTGACGACATGGTTCTACAGTACACACCGCCCGTC,TACGGTAGCAGAGACTTGGTCTTGATCCTTCTGCAGGTTCACCTAC,environmental,18S,25,Lasker18Sc122_19_D0058_S52_L001_R1_001.fastq.gz,Lasker18Sc122_19_D0058_S52_L001_R2_001.fastq.gz,marine biome  (ENVO:00000447),coastal water (ENVO:00001250),waterborne particulate matter (ENVO:01000436),mimarks survey,USA:California:SB Channel Islands,0.22um,Poretics,LASKER2018,425,19.0,18.0,San Miguel (dusk),Project_Overview_Lasker_2018,LASKER,33.91416667,-120.71,20.0,Lasker18,2018.0,6.0,3.0,6/3/18,2018-06-03 03:58:00,UU,Lasker18Sc122_19_D0058
Lasker18Sc123_3_D0063_UU,26,D0063,UU26,UU26_CGTTACTA,CGTTACTA,ACACTGACGACATGGTTCTACAGTACACACCGCCCGTC,TACGGTAGCAGAGACTTGGTCTTGATCCTTCTGCAGGTTCACCTAC,environmental,18S,26,Lasker18Sc123_3_D0063_S56_L001_R1_001.fastq.gz,Lasker18Sc123_3_D0063_S56_L001_R2_001.fastq.gz,marine biome  (ENVO:00000447),coastal water (ENVO:00001250),waterborne particulate matter (ENVO:01000436),mimarks survey,USA:California:SB Channel Islands,0.22um,Poretics,LASKER2018,422,3.0,100.0,San Miguel (dawn),Project_Overview_Lasker_2018,LASKER,34.41,-120.3686111,16.0,Lasker18,2018.0,6.0,4.0,6/4/18,2018-06-04 13:50:00,UU,Lasker18Sc123_3_D0063
Lasker18Sc123_5_D0064_UU,27,D0064,UU27,UU27_AGAGTCAC,AGAGTCAC,ACACTGACGACATGGTTCTACAGTACACACCGCCCGTC,TACGGTAGCAGAGACTTGGTCTTGATCCTTCTGCAGGTTCACCTAC,environmental,18S,27,Lasker18Sc123_5_D0064_S84_L001_R1_001.fastq.gz,Lasker18Sc123_5_D0064_S84_L001_R2_001.fastq.gz,marine biome  (ENVO:00000447),coastal water (ENVO:00001250),waterborne particulate matter (ENVO:01000436),mimarks survey,USA:California:SB Channel Islands,0.22um,Poretics,LASKER2018,422,5.0,100.0,San Miguel (dawn),Project_Overview_Lasker_2018,LASKER,34.41,-120.3686111,16.0,Lasker18,2018.0,6.0,4.0,6/4/18,2018-06-04 13:50:00,UU,Lasker18Sc123_5_D0064
Lasker18Sc123_17_D0068_UU,28,D0068,UU28,UU28_TACGAGAC,TACGAGAC,ACACTGACGACATGGTTCTACAGTACACACCGCCCGTC,TACGGTAGCAGAGACTTGGTCTTGATCCTTCTGCAGGTTCACCTAC,environmental,18S,28,Lasker18Sc123_17_D0068_S4_L001_R1_001.fastq.gz,Lasker18Sc123_17_D0068_S4_L001_R2_001.fastq.gz,marine biome  (ENVO:00000447),coastal water (ENVO:00001250),waterborne particulate matter (ENVO:01000436),mimarks survey,USA:California:SB Channel Islands,0.22um,Poretics,LASKER2018,422,17.0,10.0,San Miguel (dawn),Project_Overview_Lasker_2018,LASKER,34.41,-120.3686111,16.0,Lasker18,2018.0,6.0,4.0,6/4/18,2018-06-04 13:50:00,UU,Lasker18Sc123_17_D0068
Lasker18Sc123_19_D0069_UU,29,D0069,UU29,UU29_ACGTCTCG,ACGTCTCG,ACACTGACGACATGGTTCTACAGTACACACCGCCCGTC,TACGGTAGCAGAGACTTGGTCTTGATCCTTCTGCAGGTTCACCTAC,environmental,18S,29,Lasker18Sc123_19_D0069_S25_L001_R1_001.fastq.gz,Lasker18Sc123_19_D0069_S25_L001_R2_001.fastq.gz,marine biome  (ENVO:00000447),coastal water (ENVO:00001250),waterborne particulate matter (ENVO:01000436),mimarks survey,USA:California:SB Channel Islands,0.22um,Poretics,LASKER2018,422,19.0,10.0,San Miguel (dawn),Project_Overview_Lasker_2018,LASKER,34.41,-120.3686111,16.0,Lasker18,2018.0,6.0,4.0,6/4/18,2018-06-04 13:50:00,UU,Lasker18Sc123_19_D0069
Lasker18Sc124_3_D0073_UU,30,D0073,UU30,UU30_TCGACGAG,TCGACGAG,ACACTGACGACATGGTTCTACAGTACACACCGCCCGTC,TACGGTAGCAGAGACTTGGTCTTGATCCTTCTGCAGGTTCACCTAC,environmental,18S,30,Lasker18Sc124_3_D0073_S81_L001_R1_001.fastq.gz,Lasker18Sc124_3_D0073_S81_L001_R2_001.fastq.gz,marine biome  (ENVO:00000447),coastal water (ENVO:00001250),waterborne particulate matter (ENVO:01000436),mimarks survey,USA:California:SB Channel Islands,0.22um,Poretics,LASKER2018,401,3.0,100.0,San Clemente (dusk),Project_Overview_Lasker_2018,LASKER,32.7175,-118.21,30.0,Lasker18,2018.0,6.0,4.0,6/4/18,2018-06-04 02:59:00,UU,Lasker18Sc124_3_D0073
Lasker18Sc124_5_D0074_UU,31,D0074,UU31,UU31_GATCGTGT,GATCGTGT,ACACTGACGACATGGTTCTACAGTACACACCGCCCGTC,TACGGTAGCAGAGACTTGGTCTTGATCCTTCTGCAGGTTCACCTAC,environmental,18S,31,Lasker18Sc124_5_D0074_S17_L001_R1_001.fastq.gz,Lasker18Sc124_5_D0074_S17_L001_R2_001.fastq.gz,marine biome  (ENVO:00000447),coastal water (ENVO:00001250),waterborne particulate matter (ENVO:01000436),mimarks survey,USA:California:SB Channel Islands,0.22um,Poretics,LASKER2018,401,5.0,100.0,San Clemente (dusk),Project_Overview_Lasker_2018,LASKER,32.7175,-118.21,30.0,Lasker18,2018.0,6.0,4.0,6/4/18,2018-06-04 02:59:00,UU,Lasker18Sc124_5_D0074
Lasker18Sc124_17_D0078_UU,33,D0078,UU33,UU33_CTACTATA,CTACTATA,ACACTGACGACATGGTTCTACAGTACACACCGCCCGTC,TACGGTAGCAGAGACTTGGTCTTGATCCTTCTGCAGGTTCACCTAC,environmental,18S,33,Lasker18Sc124_17_D0078_S21_L001_R1_001.fastq.gz,Lasker18Sc124_17_D0078_S21_L001_R2_001.fastq.gz,marine biome  (ENVO:00000447),coastal water (ENVO:00001250),waterborne particulate matter (ENVO:01000436),mimarks survey,USA:California:SB Channel Islands,0.22um,Poretics,LASKER2018,401,17.0,10.0,San Clemente (dusk),Project_Overview_Lasker_2018,LASKER,32.7175,-118.21,30.0,Lasker18,2018.0,6.0,4.0,6/4/18,2018-06-04 02:59:00,UU,Lasker18Sc124_17_D0078
Lasker18Sc124_19_D0079_UU,34,D0079,UU34,UU34_CGTTACTA,CGTTACTA,ACACTGACGACATGGTTCTACAGTACACACCGCCCGTC,TACGGTAGCAGAGACTTGGTCTTGATCCTTCTGCAGGTTCACCTAC,environmental,18S,34,Lasker18Sc124_19_D0079_S20_L001_R1_001.fastq.gz,Lasker18Sc124_19_D0079_S20_L001_R2_001.fastq.gz,marine biome  (ENVO:00000447),coastal water (ENVO:00001250),waterborne particulate matter (ENVO:01000436),mimarks survey,USA:California:SB Channel Islands,0.22um,Poretics,LASKER2018,401,19.0,10.0,San Clemente (dusk),Project_Overview_Lasker_2018,LASKER,32.7175,-118.21,30.0,Lasker18,2018.0,6.0,4.0,6/4/18,2018-06-04 02:59:00,UU,Lasker18Sc124_19_D0079
Lasker18Sc126_3_D0085_UU,35,D0085,UU35,UU35_AGAGTCAC,AGAGTCAC,ACACTGACGACATGGTTCTACAGTACACACCGCCCGTC,TACGGTAGCAGAGACTTGGTCTTGATCCTTCTGCAGGTTCACCTAC,environmental,18S,35,Lasker18Sc126_3_D0085_S44_L001_R1_001.fastq.gz,Lasker18Sc126_3_D0085_S44_L001_R2_001.fastq.gz,marine biome  (ENVO:00000447),coastal water (ENVO:00001250),waterborne particulate matter (ENVO:01000436),mimarks survey,USA:California:SB Channel Islands,0.22um,Poretics,LASKER2018,4002,3.0,100.0,San Nicholas (day),Project_Overview_Lasker_2018,LASKER,33.40027778,-119.405,21.0,Lasker18,2018.0,6.0,5.0,6/5/18,2018-06-05 17:20:07,UU,Lasker18Sc126_3_D0085
Lasker18Sc126_5_D0086_UU,36,D0086,UU36,UU36_TACGAGAC,TACGAGAC,ACACTGACGACATGGTTCTACAGTACACACCGCCCGTC,TACGGTAGCAGAGACTTGGTCTTGATCCTTCTGCAGGTTCACCTAC,environmental,18S,36,Lasker18Sc126_5_D0086_S1_L001_R1_001.fastq.gz,Lasker18Sc126_5_D0086_S1_L001_R2_001.fastq.gz,marine biome  (ENVO:00000447),coastal water (ENVO:00001250),waterborne particulate matter (ENVO:01000436),mimarks survey,USA:California:SB Channel Islands,0.22um,Poretics,LASKER2018,4002,5.0,100.0,San Nicholas (day),Project_Overview_Lasker_2018,LASKER,33.40027778,-119.405,21.0,Lasker18,2018.0,6.0,5.0,6/5/18,2018-06-05 17:20:07,UU,Lasker18Sc126_5_D0086
Lasker18Sc126_17_D0090_UU,37,D0090,UU37,UU37_ACGTCTCG,ACGTCTCG,ACACTGACGACATGGTTCTACAGTACACACCGCCCGTC,TACGGTAGCAGAGACTTGGTCTTGATCCTTCTGCAGGTTCACCTAC,environmental,18S,37,Lasker18Sc126_17_D0090_S82_L001_R1_001.fastq.gz,Lasker18Sc126_17_D0090_S82_L001_R2_001.fastq.gz,marine biome  (ENVO:00000447),coastal water (ENVO:00001250),waterborne particulate matter (ENVO:01000436),mimarks survey,USA:California:SB Channel Islands,0.22um,Poretics,LASKER2018,4002,17.0,4.0,San Nicholas (day),Project_Overview_Lasker_2018,LASKER,33.40027778,-119.405,21.0,Lasker18,2018.0,6.0,5.0,6/5/18,2018-06-05 17:20:07,UU,Lasker18Sc126_17_D0090
Lasker18Sc127_3_D0095_UU,38,D0095,UU38,UU38_TCGACGAG,TCGACGAG,ACACTGACGACATGGTTCTACAGTACACACCGCCCGTC,TACGGTAGCAGAGACTTGGTCTTGATCCTTCTGCAGGTTCACCTAC,environmental,18S,38,Lasker18Sc127_3_D0095_S55_L001_R1_001.fastq.gz,Lasker18Sc127_3_D0095_S55_L001_R2_001.fastq.gz,marine biome  (ENVO:00000447),coastal water (ENVO:00001250),waterborne particulate matter (ENVO:01000436),mimarks survey,USA:California:SB Channel Islands,0.22um,Poretics,LASKER2018,412,3.0,100.0,San Nicholas (day),Project_Overview_Lasker_2018,LASKER,33.5845,-119.453,18.0,Lasker18,2018.0,6.0,5.0,6/5/18,2018-06-05 19:06:00,UU,Lasker18Sc127_3_D0095
Lasker18Sc127_5_D0096_UU,39,D0096,UU39,UU39_GATCGTGT,GATCGTGT,ACACTGACGACATGGTTCTACAGTACACACCGCCCGTC,TACGGTAGCAGAGACTTGGTCTTGATCCTTCTGCAGGTTCACCTAC,environmental,18S,39,Lasker18Sc127_5_D0096_S47_L001_R1_001.fastq.gz,Lasker18Sc127_5_D0096_S47_L001_R2_001.fastq.gz,marine biome  (ENVO:00000447),coastal water (ENVO:00001250),waterborne particulate matter (ENVO:01000436),mimarks survey,USA:California:SB Channel Islands,0.22um,Poretics,LASKER2018,412,5.0,100.0,San Nicholas (day),Project_Overview_Lasker_2018,LASKER,33.5845,-119.453,18.0,Lasker18,2018.0,6.0,5.0,6/5/18,2018-06-05 19:06:00,UU,Lasker18Sc127_5_D0096
Lasker18Sc127_17_D0100_UU,40,D0100,UU40,UU40_GTCAGATA,GTCAGATA,ACACTGACGACATGGTTCTACAGTACACACCGCCCGTC,TACGGTAGCAGAGACTTGGTCTTGATCCTTCTGCAGGTTCACCTAC,environmental,18S,40,Lasker18Sc127_17_D0100_S18_L001_R1_001.fastq.gz,Lasker18Sc127_17_D0100_S18_L001_R2_001.fastq.gz,marine biome  (ENVO:00000447),coastal water (ENVO:00001250),waterborne particulate matter (ENVO:01000436),mimarks survey,USA:California:SB Channel Islands,0.22um,Poretics,LASKER2018,412,17.0,10.0,San Nicholas (day),Project_Overview_Lasker_2018,LASKER,33.5845,-119.453,18.0,Lasker18,2018.0,6.0,5.0,6/5/18,2018-06-05 19:06:00,UU,Lasker18Sc127_17_D0100
Lasker18Sc127_19_D0101_UU,41,D0101,UU41,UU41_CTACTATA,CTACTATA,ACACTGACGACATGGTTCTACAGTACACACCGCCCGTC,TACGGTAGCAGAGACTTGGTCTTGATCCTTCTGCAGGTTCACCTAC,environmental,18S,41,Lasker18Sc127_19_D0101_S50_L001_R1_001.fastq.gz,Lasker18Sc127_19_D0101_S50_L001_R2_001.fastq.gz,marine biome  (ENVO:00000447),coastal water (ENVO:00001250),waterborne particulate matter (ENVO:01000436),mimarks survey,USA:California:SB Channel Islands,0.22um,Poretics,LASKER2018,412,19.0,10.0,San Nicholas (day),Project_Overview_Lasker_2018,LASKER,33.5845,-119.453,18.0,Lasker18,2018.0,6.0,5.0,6/5/18,2018-06-05 19:06:00,UU,Lasker18Sc127_19_D0101
Lasker18Sc128_3_D0105_UU,42,D0105,UU42,UU42_CGTTACTA,CGTTACTA,ACACTGACGACATGGTTCTACAGTACACACCGCCCGTC,TACGGTAGCAGAGACTTGGTCTTGATCCTTCTGCAGGTTCACCTAC,environmental,18S,42,Lasker18Sc128_3_D0105_S59_L001_R1_001.fastq.gz,Lasker18Sc128_3_D0105_S59_L001_R2_001.fastq.gz,marine biome  (ENVO:00000447),coastal water (ENVO:00001250),waterborne particulate matter (ENVO:01000436),mimarks survey,USA:California:SB Channel Islands,0.22um,Poretics,LASKER2018,411,3.0,100.0,San Nicholas (dusk),Project_Overview_Lasker_2018,LASKER,33.69083333,-119.2833333,18.0,Lasker18,2018.0,6.0,5.0,6/5/18,2018-06-05 02:37:00,UU,Lasker18Sc128_3_D0105
Lasker18Sc128_7_D0107_UU,43,D0107,UU43,UU43_AGAGTCAC,AGAGTCAC,ACACTGACGACATGGTTCTACAGTACACACCGCCCGTC,TACGGTAGCAGAGACTTGGTCTTGATCCTTCTGCAGGTTCACCTAC,environmental,18S,43,Lasker18Sc128_7_D0107_S24_L001_R1_001.fastq.gz,Lasker18Sc128_7_D0107_S24_L001_R2_001.fastq.gz,marine biome  (ENVO:00000447),coastal water (ENVO:00001250),waterborne particulate matter (ENVO:01000436),mimarks survey,USA:California:SB Channel Islands,0.22um,Poretics,LASKER2018,411,7.0,100.0,San Nicholas (dusk),Project_Overview_Lasker_2018,LASKER,33.69083333,-119.2833333,18.0,Lasker18,2018.0,6.0,5.0,6/5/18,2018-06-05 02:37:00,UU,Lasker18Sc128_7_D0107
Lasker18Sc128_16_D0110_UU,44,D0110,UU44,UU44_TACGAGAC,TACGAGAC,ACACTGACGACATGGTTCTACAGTACACACCGCCCGTC,TACGGTAGCAGAGACTTGGTCTTGATCCTTCTGCAGGTTCACCTAC,environmental,18S,44,Lasker18Sc128_16_D0110_S62_L001_R1_001.fastq.gz,Lasker18Sc128_16_D0110_S62_L001_R2_001.fastq.gz,marine biome  (ENVO:00000447),coastal water (ENVO:00001250),waterborne particulate matter (ENVO:01000436),mimarks survey,USA:California:SB Channel Islands,0.22um,Poretics,LASKER2018,411,16.0,10.0,San Nicholas (dusk),Project_Overview_Lasker_2018,LASKER,33.69083333,-119.2833333,18.0,Lasker18,2018.0,6.0,5.0,6/5/18,2018-06-05 02:37:00,UU,Lasker18Sc128_16_D0110
Lasker18Sc128_19_D0111_UU,45,D0111,UU45,UU45_ACGTCTCG,ACGTCTCG,ACACTGACGACATGGTTCTACAGTACACACCGCCCGTC,TACGGTAGCAGAGACTTGGTCTTGATCCTTCTGCAGGTTCACCTAC,environmental,18S,45,Lasker18Sc128_19_D0111_S7_L001_R1_001.fastq.gz,Lasker18Sc128_19_D0111_S7_L001_R2_001.fastq.gz,marine biome  (ENVO:00000447),coastal water (ENVO:00001250),waterborne particulate matter (ENVO:01000436),mimarks survey,USA:California:SB Channel Islands,0.22um,Poretics,LASKER2018,411,19.0,10.0,San Nicholas (dusk),Project_Overview_Lasker_2018,LASKER,33.69083333,-119.2833333,18.0,Lasker18,2018.0,6.0,5.0,6/5/18,2018-06-05 02:37:00,UU,Lasker18Sc128_19_D0111
Lasker18Sc129_3_D0116_UU,46,D0116,UU46,UU46_TCGACGAG,TCGACGAG,ACACTGACGACATGGTTCTACAGTACACACCGCCCGTC,TACGGTAGCAGAGACTTGGTCTTGATCCTTCTGCAGGTTCACCTAC,environmental,18S,46,Lasker18Sc129_3_D0116_S61_L001_R1_001.fastq.gz,Lasker18Sc129_3_D0116_S61_L001_R2_001.fastq.gz,marine biome  (ENVO:00000447),coastal water (ENVO:00001250),waterborne particulate matter (ENVO:01000436),mimarks survey,USA:California:SB Channel Islands,0.22um,Poretics,LASKER2018,414,3.0,50.0,San Nicholas (dawn),Project_Overview_Lasker_2018,LASKER,33.40777778,-119.8102778,7.0,Lasker18,2018.0,6.0,6.0,6/6/18,2018-06-06 12:31:00,UU,Lasker18Sc129_3_D0116
Lasker18Sc129_5_D0117_UU,47,D0117,UU47,UU47_GATCGTGT,GATCGTGT,ACACTGACGACATGGTTCTACAGTACACACCGCCCGTC,TACGGTAGCAGAGACTTGGTCTTGATCCTTCTGCAGGTTCACCTAC,environmental,18S,47,Lasker18Sc129_5_D0117_S67_L001_R1_001.fastq.gz,Lasker18Sc129_5_D0117_S67_L001_R2_001.fastq.gz,marine biome  (ENVO:00000447),coastal water (ENVO:00001250),waterborne particulate matter (ENVO:01000436),mimarks survey,USA:California:SB Channel Islands,0.22um,Poretics,LASKER2018,414,5.0,50.0,San Nicholas (dawn),Project_Overview_Lasker_2018,LASKER,33.40777778,-119.8102778,7.0,Lasker18,2018.0,6.0,6.0,6/6/18,2018-06-06 12:31:00,UU,Lasker18Sc129_5_D0117
Lasker18Sc129_17_D0121_UU,48,D0121,UU48,UU48_GTCAGATA,GTCAGATA,ACACTGACGACATGGTTCTACAGTACACACCGCCCGTC,TACGGTAGCAGAGACTTGGTCTTGATCCTTCTGCAGGTTCACCTAC,environmental,18S,48,Lasker18Sc129_17_D0121_S88_L001_R1_001.fastq.gz,Lasker18Sc129_17_D0121_S88_L001_R2_001.fastq.gz,marine biome  (ENVO:00000447),coastal water (ENVO:00001250),waterborne particulate matter (ENVO:01000436),mimarks survey,USA:California:SB Channel Islands,0.22um,Poretics,LASKER2018,414,17.0,8.0,San Nicholas (dawn),Project_Overview_Lasker_2018,LASKER,33.40777778,-119.8102778,7.0,Lasker18,2018.0,6.0,6.0,6/6/18,2018-06-06 12:31:00,UU,Lasker18Sc129_17_D0121
Lasker18Sc129_19_D0122_UU,49,D0122,UU49,UU49_CTACTATA,CTACTATA,ACACTGACGACATGGTTCTACAGTACACACCGCCCGTC,TACGGTAGCAGAGACTTGGTCTTGATCCTTCTGCAGGTTCACCTAC,environmental,18S,49,Lasker18Sc129_19_D0122_S31_L001_R1_001.fastq.gz,Lasker18Sc129_19_D0122_S31_L001_R2_001.fastq.gz,marine biome  (ENVO:00000447),coastal water (ENVO:00001250),waterborne particulate matter (ENVO:01000436),mimarks survey,USA:California:SB Channel Islands,0.22um,Poretics,LASKER2018,414,19.0,8.0,San Nicholas (dawn),Project_Overview_Lasker_2018,LASKER,33.40777778,-119.8102778,7.0,Lasker18,2018.0,6.0,6.0,6/6/18,2018-06-06 12:31:00,UU,Lasker18Sc129_19_D0122
Lasker18Sc130_3_D0127_UU,50,D0127,UU50,UU50_CGTTACTA,CGTTACTA,ACACTGACGACATGGTTCTACAGTACACACCGCCCGTC,TACGGTAGCAGAGACTTGGTCTTGATCCTTCTGCAGGTTCACCTAC,environmental,18S,50,Lasker18Sc130_3_D0127_S87_L001_R1_001.fastq.gz,Lasker18Sc130_3_D0127_S87_L001_R2_001.fastq.gz,marine biome  (ENVO:00000447),coastal water (ENVO:00001250),waterborne particulate matter (ENVO:01000436),mimarks survey,USA:California:Monterey Bay,0.22um,Poretics,LASKER2018,126,3.0,100.0,Davenport (dawn),Project_Overview_Lasker_2018,LASKER,36.98388889,-122.6005556,16.0,Lasker18,2018.0,6.0,7.0,6/7/18,2018-06-07 14:21:00,UU,Lasker18Sc130_3_D0127
Lasker18Sc130_5_D0128_UU,51,D0128,UU51,UU51_AGAGTCAC,AGAGTCAC,ACACTGACGACATGGTTCTACAGTACACACCGCCCGTC,TACGGTAGCAGAGACTTGGTCTTGATCCTTCTGCAGGTTCACCTAC,environmental,18S,51,Lasker18Sc130_5_D0128_S32_L001_R1_001.fastq.gz,Lasker18Sc130_5_D0128_S32_L001_R2_001.fastq.gz,marine biome  (ENVO:00000447),coastal water (ENVO:00001250),waterborne particulate matter (ENVO:01000436),mimarks survey,USA:California:Monterey Bay,0.22um,Poretics,LASKER2018,126,5.0,100.0,Davenport (dawn),Project_Overview_Lasker_2018,LASKER,36.98388889,-122.6005556,16.0,Lasker18,2018.0,6.0,7.0,6/7/18,2018-06-07 14:21:00,UU,Lasker18Sc130_5_D0128
Lasker18Sc130_17_D0132_UU,52,D0132,UU52,UU52_TACGAGAC,TACGAGAC,ACACTGACGACATGGTTCTACAGTACACACCGCCCGTC,TACGGTAGCAGAGACTTGGTCTTGATCCTTCTGCAGGTTCACCTAC,environmental,18S,52,Lasker18Sc130_17_D0132_S29_L001_R1_001.fastq.gz,Lasker18Sc130_17_D0132_S29_L001_R2_001.fastq.gz,marine biome  (ENVO:00000447),coastal water (ENVO:00001250),waterborne particulate matter (ENVO:01000436),mimarks survey,USA:California:Monterey Bay,0.22um,Poretics,LASKER2018,126,17.0,10.0,Davenport (dawn),Project_Overview_Lasker_2018,LASKER,36.98388889,-122.6005556,16.0,Lasker18,2018.0,6.0,7.0,6/7/18,2018-06-07 14:21:00,UU,Lasker18Sc130_17_D0132
Lasker18Sc130_19_D0133_UU,53,D0133,UU53,UU53_ACGTCTCG,ACGTCTCG,ACACTGACGACATGGTTCTACAGTACACACCGCCCGTC,TACGGTAGCAGAGACTTGGTCTTGATCCTTCTGCAGGTTCACCTAC,environmental,18S,53,Lasker18Sc130_19_D0133_S93_L001_R1_001.fastq.gz,Lasker18Sc130_19_D0133_S93_L001_R2_001.fastq.gz,marine biome  (ENVO:00000447),coastal water (ENVO:00001250),waterborne particulate matter (ENVO:01000436),mimarks survey,USA:California:Monterey Bay,0.22um,Poretics,LASKER2018,126,19.0,10.0,Davenport (dawn),Project_Overview_Lasker_2018,LASKER,36.98388889,-122.6005556,16.0,Lasker18,2018.0,6.0,7.0,6/7/18,2018-06-07 14:21:00,UU,Lasker18Sc130_19_D0133
Lasker18Sc132_3_D0137_UU,54,D0137,UU54,UU54_TCGACGAG,TCGACGAG,ACACTGACGACATGGTTCTACAGTACACACCGCCCGTC,TACGGTAGCAGAGACTTGGTCTTGATCCTTCTGCAGGTTCACCTAC,environmental,18S,54,Lasker18Sc132_3_D0137_S70_L001_R1_001.fastq.gz,Lasker18Sc132_3_D0137_S70_L001_R2_001.fastq.gz,marine biome  (ENVO:00000447),coastal water (ENVO:00001250),waterborne particulate matter (ENVO:01000436),mimarks survey,USA:California:Monterey Bay,0.22um,Poretics,LASKER2018,MB1,3.0,100.0,Davenport (day),Project_Overview_Lasker_2018,LASKER,36.99583333,-122.5180556,13.0,Lasker18,2018.0,6.0,7.0,6/7/18,2018-06-07 19:21:00,UU,Lasker18Sc132_3_D0137
Lasker18Sc132_5_D0138_UU,55,D0138,UU55,UU55_GATCGTGT,GATCGTGT,ACACTGACGACATGGTTCTACAGTACACACCGCCCGTC,TACGGTAGCAGAGACTTGGTCTTGATCCTTCTGCAGGTTCACCTAC,environmental,18S,55,Lasker18Sc132_5_D0138_S91_L001_R1_001.fastq.gz,Lasker18Sc132_5_D0138_S91_L001_R2_001.fastq.gz,marine biome  (ENVO:00000447),coastal water (ENVO:00001250),waterborne particulate matter (ENVO:01000436),mimarks survey,USA:California:Monterey Bay,0.22um,Poretics,LASKER2018,MB1,5.0,100.0,Davenport (day),Project_Overview_Lasker_2018,LASKER,36.99583333,-122.5180556,13.0,Lasker18,2018.0,6.0,7.0,6/7/18,2018-06-07 19:21:00,UU,Lasker18Sc132_5_D0138
Lasker18Sc132_17_D0142_UU,56,D0142,UU56,UU56_GTCAGATA,GTCAGATA,ACACTGACGACATGGTTCTACAGTACACACCGCCCGTC,TACGGTAGCAGAGACTTGGTCTTGATCCTTCTGCAGGTTCACCTAC,environmental,18S,56,Lasker18Sc132_17_D0142_S80_L001_R1_001.fastq.gz,Lasker18Sc132_17_D0142_S80_L001_R2_001.fastq.gz,marine biome  (ENVO:00000447),coastal water (ENVO:00001250),waterborne particulate matter (ENVO:01000436),mimarks survey,USA:California:Monterey Bay,0.22um,Poretics,LASKER2018,MB1,17.0,10.0,Davenport (day),Project_Overview_Lasker_2018,LASKER,36.99583333,-122.5180556,13.0,Lasker18,2018.0,6.0,7.0,6/7/18,2018-06-07 19:21:00,UU,Lasker18Sc132_17_D0142
Lasker18Sc132_19_D0143_UU,57,D0143,UU57,UU57_CTACTATA,CTACTATA,ACACTGACGACATGGTTCTACAGTACACACCGCCCGTC,TACGGTAGCAGAGACTTGGTCTTGATCCTTCTGCAGGTTCACCTAC,environmental,18S,57,Lasker18Sc132_19_D0143_S54_L001_R1_001.fastq.gz,Lasker18Sc132_19_D0143_S54_L001_R2_001.fastq.gz,marine biome  (ENVO:00000447),coastal water (ENVO:00001250),waterborne particulate matter (ENVO:01000436),mimarks survey,USA:California:Monterey Bay,0.22um,Poretics,LASKER2018,MB1,19.0,10.0,Davenport (day),Project_Overview_Lasker_2018,LASKER,36.99583333,-122.5180556,13.0,Lasker18,2018.0,6.0,7.0,6/7/18,2018-06-07 19:21:00,UU,Lasker18Sc132_19_D0143
Lasker18Sc133_3_D0147_UU,58,D0147,UU58,UU58_CGTTACTA,CGTTACTA,ACACTGACGACATGGTTCTACAGTACACACCGCCCGTC,TACGGTAGCAGAGACTTGGTCTTGATCCTTCTGCAGGTTCACCTAC,environmental,18S,58,Lasker18Sc133_3_D0147_S74_L001_R1_001.fastq.gz,Lasker18Sc133_3_D0147_S74_L001_R2_001.fastq.gz,marine biome  (ENVO:00000447),coastal water (ENVO:00001250),waterborne particulate matter (ENVO:01000436),mimarks survey,USA:California:Monterey Bay,0.22um,Poretics,LASKER2018,123,3.0,70.0,Davenport (dusk),Project_Overview_Lasker_2018,LASKER,36.99527778,-122.5186111,3.0,Lasker18,2018.0,6.0,7.0,6/7/18,2018-06-07 02:36:00,UU,Lasker18Sc133_3_D0147
Lasker18Sc133_5_D0148_UU,59,D0148,UU59,UU59_AGAGTCAC,AGAGTCAC,ACACTGACGACATGGTTCTACAGTACACACCGCCCGTC,TACGGTAGCAGAGACTTGGTCTTGATCCTTCTGCAGGTTCACCTAC,environmental,18S,59,Lasker18Sc133_5_D0148_S13_L001_R1_001.fastq.gz,Lasker18Sc133_5_D0148_S13_L001_R2_001.fastq.gz,marine biome  (ENVO:00000447),coastal water (ENVO:00001250),waterborne particulate matter (ENVO:01000436),mimarks survey,USA:California:Monterey Bay,0.22um,Poretics,LASKER2018,123,5.0,70.0,Davenport (dusk),Project_Overview_Lasker_2018,LASKER,36.99527778,-122.5186111,3.0,Lasker18,2018.0,6.0,7.0,6/7/18,2018-06-07 02:36:00,UU,Lasker18Sc133_5_D0148
Lasker18Sc133_17_D0152_UU,60,D0152,UU60,UU60_TACGAGAC,TACGAGAC,ACACTGACGACATGGTTCTACAGTACACACCGCCCGTC,TACGGTAGCAGAGACTTGGTCTTGATCCTTCTGCAGGTTCACCTAC,environmental,18S,60,Lasker18Sc133_17_D0152_S58_L001_R1_001.fastq.gz,Lasker18Sc133_17_D0152_S58_L001_R2_001.fastq.gz,marine biome  (ENVO:00000447),coastal water (ENVO:00001250),waterborne particulate matter (ENVO:01000436),mimarks survey,USA:California:Monterey Bay,0.22um,Poretics,LASKER2018,123,17.0,10.0,Davenport (dusk),Project_Overview_Lasker_2018,LASKER,36.99527778,-122.5186111,3.0,Lasker18,2018.0,6.0,7.0,6/7/18,2018-06-07 02:36:00,UU,Lasker18Sc133_17_D0152
Lasker18Sc133_19_D0153_UU,61,D0153,UU61,UU61_ACGTCTCG,ACGTCTCG,ACACTGACGACATGGTTCTACAGTACACACCGCCCGTC,TACGGTAGCAGAGACTTGGTCTTGATCCTTCTGCAGGTTCACCTAC,environmental,18S,61,Lasker18Sc133_19_D0153_S57_L001_R1_001.fastq.gz,Lasker18Sc133_19_D0153_S57_L001_R2_001.fastq.gz,marine biome  (ENVO:00000447),coastal water (ENVO:00001250),waterborne particulate matter (ENVO:01000436),mimarks survey,USA:California:Monterey Bay,0.22um,Poretics,LASKER2018,123,19.0,10.0,Davenport (dusk),Project_Overview_Lasker_2018,LASKER,36.99527778,-122.5186111,3.0,Lasker18,2018.0,6.0,7.0,6/7/18,2018-06-07 02:36:00,UU,Lasker18Sc133_19_D0153
Lasker18Sc134_3_D0158_UU,62,D0158,UU62,UU62_TCGACGAG,TCGACGAG,ACACTGACGACATGGTTCTACAGTACACACCGCCCGTC,TACGGTAGCAGAGACTTGGTCTTGATCCTTCTGCAGGTTCACCTAC,environmental,18S,62,Lasker18Sc134_3_D0158_S53_L001_R1_001.fastq.gz,Lasker18Sc134_3_D0158_S53_L001_R2_001.fastq.gz,marine biome  (ENVO:00000447),coastal water (ENVO:00001250),waterborne particulate matter (ENVO:01000436),mimarks survey,USA:California:Monterey Bay,0.22um,Poretics,LASKER2018,125,3.0,50.0,Davenport (midnight),Project_Overview_Lasker_2018,LASKER,36.99055556,-122.4558333,3.0,Lasker18,2018.0,6.0,8.0,6/8/18,2018-06-08 08:32:00,UU,Lasker18Sc134_3_D0158
Lasker18Sc134_5_D0159_UU,63,D0159,UU63,UU63_GATCGTGT,GATCGTGT,ACACTGACGACATGGTTCTACAGTACACACCGCCCGTC,TACGGTAGCAGAGACTTGGTCTTGATCCTTCTGCAGGTTCACCTAC,environmental,18S,63,Lasker18Sc134_5_D0159_S30_L001_R1_001.fastq.gz,Lasker18Sc134_5_D0159_S30_L001_R2_001.fastq.gz,marine biome  (ENVO:00000447),coastal water (ENVO:00001250),waterborne particulate matter (ENVO:01000436),mimarks survey,USA:California:Monterey Bay,0.22um,Poretics,LASKER2018,125,5.0,50.0,Davenport (midnight),Project_Overview_Lasker_2018,LASKER,36.99055556,-122.4558333,3.0,Lasker18,2018.0,6.0,8.0,6/8/18,2018-06-08 08:32:00,UU,Lasker18Sc134_5_D0159
Lasker18Sc134_17_D0163_UU,65,D0163,UU65,UU65_CTACTATA,CTACTATA,ACACTGACGACATGGTTCTACAGTACACACCGCCCGTC,TACGGTAGCAGAGACTTGGTCTTGATCCTTCTGCAGGTTCACCTAC,environmental,18S,65,Lasker18Sc134_17_D0163_S51_L001_R1_001.fastq.gz,Lasker18Sc134_17_D0163_S51_L001_R2_001.fastq.gz,marine biome  (ENVO:00000447),coastal water (ENVO:00001250),waterborne particulate matter (ENVO:01000436),mimarks survey,USA:California:Monterey Bay,0.22um,Poretics,LASKER2018,125,17.0,10.0,Davenport (midnight),Project_Overview_Lasker_2018,LASKER,36.99055556,-122.4558333,3.0,Lasker18,2018.0,6.0,8.0,6/8/18,2018-06-08 08:32:00,UU,Lasker18Sc134_17_D0163
Lasker18Sc134_19_D0164_UU,66,D0164,UU66,UU66_CGTTACTA,CGTTACTA,ACACTGACGACATGGTTCTACAGTACACACCGCCCGTC,TACGGTAGCAGAGACTTGGTCTTGATCCTTCTGCAGGTTCACCTAC,environmental,18S,66,Lasker18Sc134_19_D0164_S60_L001_R1_001.fastq.gz,Lasker18Sc134_19_D0164_S60_L001_R2_001.fastq.gz,marine biome  (ENVO:00000447),coastal water (ENVO:00001250),waterborne particulate matter (ENVO:01000436),mimarks survey,USA:California:Monterey Bay,0.22um,Poretics,LASKER2018,125,19.0,10.0,Davenport (midnight),Project_Overview_Lasker_2018,LASKER,36.99055556,-122.4558333,3.0,Lasker18,2018.0,6.0,8.0,6/8/18,2018-06-08 08:32:00,UU,Lasker18Sc134_19_D0164
Lasker18Sc135_17_D0173_UU,67,D0173,UU67,UU67_AGAGTCAC,AGAGTCAC,ACACTGACGACATGGTTCTACAGTACACACCGCCCGTC,TACGGTAGCAGAGACTTGGTCTTGATCCTTCTGCAGGTTCACCTAC,environmental,18S,67,Lasker18Sc135_17_D0173_S45_L001_R1_001.fastq.gz,Lasker18Sc135_17_D0173_S45_L001_R2_001.fastq.gz,marine biome  (ENVO:00000447),coastal water (ENVO:00001250),waterborne particulate matter (ENVO:01000436),mimarks survey,USA:California:Monterey Bay,0.22um,Poretics,LASKER2018,127,17.0,10.0,Davenport (dawn),Project_Overview_Lasker_2018,LASKER,37.00888889,-122.8005556,4.0,Lasker18,2018.0,6.0,8.0,6/8/18,2018-06-08 12:39:00,UU,Lasker18Sc135_17_D0173
Lasker18Sc135_19_D0174_UU,68,D0174,UU68,UU68_TACGAGAC,TACGAGAC,ACACTGACGACATGGTTCTACAGTACACACCGCCCGTC,TACGGTAGCAGAGACTTGGTCTTGATCCTTCTGCAGGTTCACCTAC,environmental,18S,68,Lasker18Sc135_19_D0174_S77_L001_R1_001.fastq.gz,Lasker18Sc135_19_D0174_S77_L001_R2_001.fastq.gz,marine biome  (ENVO:00000447),coastal water (ENVO:00001250),waterborne particulate matter (ENVO:01000436),mimarks survey,USA:California:Monterey Bay,0.22um,Poretics,LASKER2018,127,19.0,10.0,Davenport (dawn),Project_Overview_Lasker_2018,LASKER,37.00888889,-122.8005556,4.0,Lasker18,2018.0,6.0,8.0,6/8/18,2018-06-08 12:39:00,UU,Lasker18Sc135_19_D0174
Lasker18Sc145_3_D0219_UU,69,D0219,UU69,UU69_ACGTCTCG,ACGTCTCG,ACACTGACGACATGGTTCTACAGTACACACCGCCCGTC,TACGGTAGCAGAGACTTGGTCTTGATCCTTCTGCAGGTTCACCTAC,environmental,18S,69,Lasker18Sc145_3_D0219_S10_L001_R1_001.fastq.gz,Lasker18Sc145_3_D0219_S10_L001_R2_001.fastq.gz,marine biome  (ENVO:00000447),coastal water (ENVO:00001250),waterborne particulate matter (ENVO:01000436),mimarks survey,USA:California:Monterey Bay,0.22um,Poretics,LASKER2018,MB8,3.0,100.0,Monterey Inside (day),Project_Overview_Lasker_2018,LASKER,36.98694444,-122.5236111,10.0,Lasker18,2018.0,6.0,9.0,6/9/18,2018-06-09 18:02:00,UU,Lasker18Sc145_3_D0219
Lasker18Sc145_5_D0220_UU,70,D0220,UU70,UU70_TCGACGAG,TCGACGAG,ACACTGACGACATGGTTCTACAGTACACACCGCCCGTC,TACGGTAGCAGAGACTTGGTCTTGATCCTTCTGCAGGTTCACCTAC,environmental,18S,70,Lasker18Sc145_5_D0220_S40_L001_R1_001.fastq.gz,Lasker18Sc145_5_D0220_S40_L001_R2_001.fastq.gz,marine biome  (ENVO:00000447),coastal water (ENVO:00001250),waterborne particulate matter (ENVO:01000436),mimarks survey,USA:California:Monterey Bay,0.22um,Poretics,LASKER2018,MB8,5.0,100.0,Monterey Inside (day),Project_Overview_Lasker_2018,LASKER,36.98694444,-122.5236111,10.0,Lasker18,2018.0,6.0,9.0,6/9/18,2018-06-09 18:02:00,UU,Lasker18Sc145_5_D0220
Lasker18Sc145_17_D0224_UU,71,D0224,UU71,UU71_GATCGTGT,GATCGTGT,ACACTGACGACATGGTTCTACAGTACACACCGCCCGTC,TACGGTAGCAGAGACTTGGTCTTGATCCTTCTGCAGGTTCACCTAC,environmental,18S,71,Lasker18Sc145_17_D0224_S69_L001_R1_001.fastq.gz,Lasker18Sc145_17_D0224_S69_L001_R2_001.fastq.gz,marine biome  (ENVO:00000447),coastal water (ENVO:00001250),waterborne particulate matter (ENVO:01000436),mimarks survey,USA:California:Monterey Bay,0.22um,Poretics,LASKER2018,MB8,17.0,10.0,Monterey Inside (day),Project_Overview_Lasker_2018,LASKER,36.98694444,-122.5236111,10.0,Lasker18,2018.0,6.0,9.0,6/9/18,2018-06-09 18:02:00,UU,Lasker18Sc145_17_D0224
Lasker18Sc145_19_D0225_UU,72,D0225,UU72,UU72_GTCAGATA,GTCAGATA,ACACTGACGACATGGTTCTACAGTACACACCGCCCGTC,TACGGTAGCAGAGACTTGGTCTTGATCCTTCTGCAGGTTCACCTAC,environmental,18S,72,Lasker18Sc145_19_D0225_S92_L001_R1_001.fastq.gz,Lasker18Sc145_19_D0225_S92_L001_R2_001.fastq.gz,marine biome  (ENVO:00000447),coastal water (ENVO:00001250),waterborne particulate matter (ENVO:01000436),mimarks survey,USA:California:Monterey Bay,0.22um,Poretics,LASKER2018,MB8,19.0,10.0,Monterey Inside (day),Project_Overview_Lasker_2018,LASKER,36.98694444,-122.5236111,10.0,Lasker18,2018.0,6.0,9.0,6/9/18,2018-06-09 18:02:00,UU,Lasker18Sc145_19_D0225
Lasker18Sc150_3_D0229_UU,73,D0229,UU73,UU73_CTACTATA,CTACTATA,ACACTGACGACATGGTTCTACAGTACACACCGCCCGTC,TACGGTAGCAGAGACTTGGTCTTGATCCTTCTGCAGGTTCACCTAC,environmental,18S,73,Lasker18Sc150_3_D0229_S66_L001_R1_001.fastq.gz,Lasker18Sc150_3_D0229_S66_L001_R2_001.fastq.gz,marine biome  (ENVO:00000447),coastal water (ENVO:00001250),waterborne particulate matter (ENVO:01000436),mimarks survey,USA:California:Monterey Bay,0.22um,Poretics,LASKER2018,119,3.0,50.0,Monterey Inside (dusk),Project_Overview_Lasker_2018,LASKER,36.85194444,-121.9911111,8.0,Lasker18,2018.0,6.0,9.0,6/9/18,2018-06-09 02:49:00,UU,Lasker18Sc150_3_D0229
Lasker18Sc150_5_D0230_UU,74,D0230,UU74,UU74_CGTTACTA,CGTTACTA,ACACTGACGACATGGTTCTACAGTACACACCGCCCGTC,TACGGTAGCAGAGACTTGGTCTTGATCCTTCTGCAGGTTCACCTAC,environmental,18S,74,Lasker18Sc150_5_D0230_S46_L001_R1_001.fastq.gz,Lasker18Sc150_5_D0230_S46_L001_R2_001.fastq.gz,marine biome  (ENVO:00000447),coastal water (ENVO:00001250),waterborne particulate matter (ENVO:01000436),mimarks survey,USA:California:Monterey Bay,0.22um,Poretics,LASKER2018,119,5.0,50.0,Monterey Inside (dusk),Project_Overview_Lasker_2018,LASKER,36.85194444,-121.9911111,8.0,Lasker18,2018.0,6.0,9.0,6/9/18,2018-06-09 02:49:00,UU,Lasker18Sc150_5_D0230
Lasker18Sc150_17_D0234_UU,75,D0234,UU75,UU75_AGAGTCAC,AGAGTCAC,ACACTGACGACATGGTTCTACAGTACACACCGCCCGTC,TACGGTAGCAGAGACTTGGTCTTGATCCTTCTGCAGGTTCACCTAC,environmental,18S,75,Lasker18Sc150_17_D0234_S36_L001_R1_001.fastq.gz,Lasker18Sc150_17_D0234_S36_L001_R2_001.fastq.gz,marine biome  (ENVO:00000447),coastal water (ENVO:00001250),waterborne particulate matter (ENVO:01000436),mimarks survey,USA:California:Monterey Bay,0.22um,Poretics,LASKER2018,119,17.0,10.0,Monterey Inside (dusk),Project_Overview_Lasker_2018,LASKER,36.85194444,-121.9911111,8.0,Lasker18,2018.0,6.0,9.0,6/9/18,2018-06-09 02:49:00,UU,Lasker18Sc150_17_D0234
Lasker18Sc150_19_D0235_UU,76,D0235,UU76,UU76_TACGAGAC,TACGAGAC,ACACTGACGACATGGTTCTACAGTACACACCGCCCGTC,TACGGTAGCAGAGACTTGGTCTTGATCCTTCTGCAGGTTCACCTAC,environmental,18S,76,Lasker18Sc150_19_D0235_S33_L001_R1_001.fastq.gz,Lasker18Sc150_19_D0235_S33_L001_R2_001.fastq.gz,marine biome  (ENVO:00000447),coastal water (ENVO:00001250),waterborne particulate matter (ENVO:01000436),mimarks survey,USA:California:Monterey Bay,0.22um,Poretics,LASKER2018,119,19.0,10.0,Monterey Inside (dusk),Project_Overview_Lasker_2018,LASKER,36.85194444,-121.9911111,8.0,Lasker18,2018.0,6.0,9.0,6/9/18,2018-06-09 02:49:00,UU,Lasker18Sc150_19_D0235
Lasker18Sc151_3_D0240_UU,77,D0240,UU77,UU77_ACGTCTCG,ACGTCTCG,ACACTGACGACATGGTTCTACAGTACACACCGCCCGTC,TACGGTAGCAGAGACTTGGTCTTGATCCTTCTGCAGGTTCACCTAC,environmental,18S,77,Lasker18Sc151_3_D0240_S68_L001_R1_001.fastq.gz,Lasker18Sc151_3_D0240_S68_L001_R2_001.fastq.gz,marine biome  (ENVO:00000447),coastal water (ENVO:00001250),waterborne particulate matter (ENVO:01000436),mimarks survey,USA:California:Monterey Bay,0.22um,Poretics,LASKER2018,114,3.0,100.0,Monterey Inside (midnight),Project_Overview_Lasker_2018,LASKER,36.79138889,-121.9022222,20.0,Lasker18,2018.0,6.0,10.0,6/10/18,2018-06-10 07:53:00,UU,Lasker18Sc151_3_D0240
Lasker18Sc151_5_D0241_UU,78,D0241,UU78,UU78_TCGACGAG,TCGACGAG,ACACTGACGACATGGTTCTACAGTACACACCGCCCGTC,TACGGTAGCAGAGACTTGGTCTTGATCCTTCTGCAGGTTCACCTAC,environmental,18S,78,Lasker18Sc151_5_D0241_S96_L001_R1_001.fastq.gz,Lasker18Sc151_5_D0241_S96_L001_R2_001.fastq.gz,marine biome  (ENVO:00000447),coastal water (ENVO:00001250),waterborne particulate matter (ENVO:01000436),mimarks survey,USA:California:Monterey Bay,0.22um,Poretics,LASKER2018,114,5.0,100.0,Monterey Inside (midnight),Project_Overview_Lasker_2018,LASKER,36.79138889,-121.9022222,20.0,Lasker18,2018.0,6.0,10.0,6/10/18,2018-06-10 07:53:00,UU,Lasker18Sc151_5_D0241
Lasker18Sc151_17_D0245_UU,79,D0245,UU79,UU79_GATCGTGT,GATCGTGT,ACACTGACGACATGGTTCTACAGTACACACCGCCCGTC,TACGGTAGCAGAGACTTGGTCTTGATCCTTCTGCAGGTTCACCTAC,environmental,18S,79,Lasker18Sc151_17_D0245_S63_L001_R1_001.fastq.gz,Lasker18Sc151_17_D0245_S63_L001_R2_001.fastq.gz,marine biome  (ENVO:00000447),coastal water (ENVO:00001250),waterborne particulate matter (ENVO:01000436),mimarks survey,USA:California:Monterey Bay,0.22um,Poretics,LASKER2018,114,17.0,10.0,Monterey Inside (midnight),Project_Overview_Lasker_2018,LASKER,36.79138889,-121.9022222,20.0,Lasker18,2018.0,6.0,10.0,6/10/18,2018-06-10 07:53:00,UU,Lasker18Sc151_17_D0245
Lasker18Sc151_19_D0246_UU,80,D0246,UU80,UU80_GTCAGATA,GTCAGATA,ACACTGACGACATGGTTCTACAGTACACACCGCCCGTC,TACGGTAGCAGAGACTTGGTCTTGATCCTTCTGCAGGTTCACCTAC,environmental,18S,80,Lasker18Sc151_19_D0246_S83_L001_R1_001.fastq.gz,Lasker18Sc151_19_D0246_S83_L001_R2_001.fastq.gz,marine biome  (ENVO:00000447),coastal water (ENVO:00001250),waterborne particulate matter (ENVO:01000436),mimarks survey,USA:California:Monterey Bay,0.22um,Poretics,LASKER2018,114,19.0,10.0,Monterey Inside (midnight),Project_Overview_Lasker_2018,LASKER,36.79138889,-121.9022222,20.0,Lasker18,2018.0,6.0,10.0,6/10/18,2018-06-10 07:53:00,UU,Lasker18Sc151_19_D0246
Lasker18Sc153_3_D0250_UU,81,D0250,UU81,UU81_CTACTATA,CTACTATA,ACACTGACGACATGGTTCTACAGTACACACCGCCCGTC,TACGGTAGCAGAGACTTGGTCTTGATCCTTCTGCAGGTTCACCTAC,environmental,18S,81,Lasker18Sc153_3_D0250_S94_L001_R1_001.fastq.gz,Lasker18Sc153_3_D0250_S94_L001_R2_001.fastq.gz,marine biome  (ENVO:00000447),coastal water (ENVO:00001250),waterborne particulate matter (ENVO:01000436),mimarks survey,USA:California:Monterey Bay,0.22um,Poretics,LASKER2018,112,3.0,50.0,Monterey Inside (dawn),Project_Overview_Lasker_2018,LASKER,36.66888889,-121.9580556,7.0,Lasker18,2018.0,6.0,10.0,6/10/18,2018-06-10 12:59:00,UU,Lasker18Sc153_3_D0250
Lasker18Sc153_5_D0251_UU,82,D0251,UU82,UU82_CGTTACTA,CGTTACTA,ACACTGACGACATGGTTCTACAGTACACACCGCCCGTC,TACGGTAGCAGAGACTTGGTCTTGATCCTTCTGCAGGTTCACCTAC,environmental,18S,82,Lasker18Sc153_5_D0251_S49_L001_R1_001.fastq.gz,Lasker18Sc153_5_D0251_S49_L001_R2_001.fastq.gz,marine biome  (ENVO:00000447),coastal water (ENVO:00001250),waterborne particulate matter (ENVO:01000436),mimarks survey,USA:California:Monterey Bay,0.22um,Poretics,LASKER2018,112,5.0,50.0,Monterey Inside (dawn),Project_Overview_Lasker_2018,LASKER,36.66888889,-121.9580556,7.0,Lasker18,2018.0,6.0,10.0,6/10/18,2018-06-10 12:59:00,UU,Lasker18Sc153_5_D0251
Lasker18Sc153_17_D0255_UU,83,D0255,UU83,UU83_AGAGTCAC,AGAGTCAC,ACACTGACGACATGGTTCTACAGTACACACCGCCCGTC,TACGGTAGCAGAGACTTGGTCTTGATCCTTCTGCAGGTTCACCTAC,environmental,18S,83,Lasker18Sc153_17_D0255_S19_L001_R1_001.fastq.gz,Lasker18Sc153_17_D0255_S19_L001_R2_001.fastq.gz,marine biome  (ENVO:00000447),coastal water (ENVO:00001250),waterborne particulate matter (ENVO:01000436),mimarks survey,USA:California:Monterey Bay,0.22um,Poretics,LASKER2018,112,17.0,6.0,Monterey Inside (dawn),Project_Overview_Lasker_2018,LASKER,36.66888889,-121.9580556,7.0,Lasker18,2018.0,6.0,10.0,6/10/18,2018-06-10 12:59:00,UU,Lasker18Sc153_17_D0255
Lasker18Sc153_19_D0256_UU,84,D0256,UU84,UU84_TACGAGAC,TACGAGAC,ACACTGACGACATGGTTCTACAGTACACACCGCCCGTC,TACGGTAGCAGAGACTTGGTCTTGATCCTTCTGCAGGTTCACCTAC,environmental,18S,84,Lasker18Sc153_19_D0256_S79_L001_R1_001.fastq.gz,Lasker18Sc153_19_D0256_S79_L001_R2_001.fastq.gz,marine biome  (ENVO:00000447),coastal water (ENVO:00001250),waterborne particulate matter (ENVO:01000436),mimarks survey,USA:California:Monterey Bay,0.22um,Poretics,LASKER2018,112,19.0,6.0,Monterey Inside (dawn),Project_Overview_Lasker_2018,LASKER,36.66888889,-121.9580556,7.0,Lasker18,2018.0,6.0,10.0,6/10/18,2018-06-10 12:59:00,UU,Lasker18Sc153_19_D0256
Lasker18Sc154_3_D0260_UU,85,D0260,UU85,UU85_ACGTCTCG,ACGTCTCG,ACACTGACGACATGGTTCTACAGTACACACCGCCCGTC,TACGGTAGCAGAGACTTGGTCTTGATCCTTCTGCAGGTTCACCTAC,environmental,18S,85,Lasker18Sc154_3_D0260_S85_L001_R1_001.fastq.gz,Lasker18Sc154_3_D0260_S85_L001_R2_001.fastq.gz,marine biome  (ENVO:00000447),coastal water (ENVO:00001250),waterborne particulate matter (ENVO:01000436),mimarks survey,USA:California:Monterey Bay,0.22um,Poretics,LASKER2018,116,3.0,100.0,Monterey Inside 2 (day),Project_Overview_Lasker_2018,LASKER,36.7425,-121.9713889,20.0,Lasker18,2018.0,6.0,10.0,6/10/18,2018-06-10 20:08:00,UU,Lasker18Sc154_3_D0260
Lasker18Sc154_5_D0261_UU,86,D0261,UU86,UU86_TCGACGAG,TCGACGAG,ACACTGACGACATGGTTCTACAGTACACACCGCCCGTC,TACGGTAGCAGAGACTTGGTCTTGATCCTTCTGCAGGTTCACCTAC,environmental,18S,86,Lasker18Sc154_5_D0261_S22_L001_R1_001.fastq.gz,Lasker18Sc154_5_D0261_S22_L001_R2_001.fastq.gz,marine biome  (ENVO:00000447),coastal water (ENVO:00001250),waterborne particulate matter (ENVO:01000436),mimarks survey,USA:California:Monterey Bay,0.22um,Poretics,LASKER2018,116,5.0,100.0,Monterey Inside 2 (day),Project_Overview_Lasker_2018,LASKER,36.7425,-121.9713889,20.0,Lasker18,2018.0,6.0,10.0,6/10/18,2018-06-10 20:08:00,UU,Lasker18Sc154_5_D0261
Lasker18Sc154_17_D0265_UU,87,D0265,UU87,UU87_GATCGTGT,GATCGTGT,ACACTGACGACATGGTTCTACAGTACACACCGCCCGTC,TACGGTAGCAGAGACTTGGTCTTGATCCTTCTGCAGGTTCACCTAC,environmental,18S,87,Lasker18Sc154_17_D0265_S48_L001_R1_001.fastq.gz,Lasker18Sc154_17_D0265_S48_L001_R2_001.fastq.gz,marine biome  (ENVO:00000447),coastal water (ENVO:00001250),waterborne particulate matter (ENVO:01000436),mimarks survey,USA:California:Monterey Bay,0.22um,Poretics,LASKER2018,116,17.0,10.0,Monterey Inside 2 (day),Project_Overview_Lasker_2018,LASKER,36.7425,-121.9713889,20.0,Lasker18,2018.0,6.0,10.0,6/10/18,2018-06-10 20:08:00,UU,Lasker18Sc154_17_D0265
Lasker18Sc154_19_D0266_UU,88,D0266,UU88,UU88_GTCAGATA,GTCAGATA,ACACTGACGACATGGTTCTACAGTACACACCGCCCGTC,TACGGTAGCAGAGACTTGGTCTTGATCCTTCTGCAGGTTCACCTAC,environmental,18S,88,Lasker18Sc154_19_D0266_S34_L001_R1_001.fastq.gz,Lasker18Sc154_19_D0266_S34_L001_R2_001.fastq.gz,marine biome  (ENVO:00000447),coastal water (ENVO:00001250),waterborne particulate matter (ENVO:01000436),mimarks survey,USA:California:Monterey Bay,0.22um,Poretics,LASKER2018,116,19.0,10.0,Monterey Inside 2 (day),Project_Overview_Lasker_2018,LASKER,36.7425,-121.9713889,20.0,Lasker18,2018.0,6.0,10.0,6/10/18,2018-06-10 20:08:00,UU,Lasker18Sc154_19_D0266
Lasker18Sc158_3_D0270_UU,89,D0270,UU89,UU89_CTACTATA,CTACTATA,ACACTGACGACATGGTTCTACAGTACACACCGCCCGTC,TACGGTAGCAGAGACTTGGTCTTGATCCTTCTGCAGGTTCACCTAC,environmental,18S,89,Lasker18Sc158_3_D0270_S14_L001_R1_001.fastq.gz,Lasker18Sc158_3_D0270_S14_L001_R2_001.fastq.gz,marine biome  (ENVO:00000447),coastal water (ENVO:00001250),waterborne particulate matter (ENVO:01000436),mimarks survey,USA:California:Monterey Bay,0.22um,Poretics,LASKER2018,115,3.0,70.0,Monterey Inside 2 (dusk),Project_Overview_Lasker_2018,LASKER,36.71083333,-121.915,3.0,Lasker18,2018.0,6.0,10.0,6/10/18,2018-06-10 02:34:00,UU,Lasker18Sc158_3_D0270
Lasker18Sc158_5_D0271_UU,90,D0271,UU90,UU90_CGTTACTA,CGTTACTA,ACACTGACGACATGGTTCTACAGTACACACCGCCCGTC,TACGGTAGCAGAGACTTGGTCTTGATCCTTCTGCAGGTTCACCTAC,environmental,18S,90,Lasker18Sc158_5_D0271_S35_L001_R1_001.fastq.gz,Lasker18Sc158_5_D0271_S35_L001_R2_001.fastq.gz,marine biome  (ENVO:00000447),coastal water (ENVO:00001250),waterborne particulate matter (ENVO:01000436),mimarks survey,USA:California:Monterey Bay,0.22um,Poretics,LASKER2018,115,5.0,70.0,Monterey Inside 2 (dusk),Project_Overview_Lasker_2018,LASKER,36.71083333,-121.915,3.0,Lasker18,2018.0,6.0,10.0,6/10/18,2018-06-10 02:34:00,UU,Lasker18Sc158_5_D0271
Lasker18Sc158_17_D0275_UU,91,D0275,UU91,UU91_AGAGTCAC,AGAGTCAC,ACACTGACGACATGGTTCTACAGTACACACCGCCCGTC,TACGGTAGCAGAGACTTGGTCTTGATCCTTCTGCAGGTTCACCTAC,environmental,18S,91,Lasker18Sc158_17_D0275_S26_L001_R1_001.fastq.gz,Lasker18Sc158_17_D0275_S26_L001_R2_001.fastq.gz,marine biome  (ENVO:00000447),coastal water (ENVO:00001250),waterborne particulate matter (ENVO:01000436),mimarks survey,USA:California:Monterey Bay,0.22um,Poretics,LASKER2018,115,17.0,20.0,Monterey Inside 2 (dusk),Project_Overview_Lasker_2018,LASKER,36.71083333,-121.915,3.0,Lasker18,2018.0,6.0,10.0,6/10/18,2018-06-10 02:34:00,UU,Lasker18Sc158_17_D0275
Lasker18Sc158_19_D0276_UU,92,D0276,UU92,UU92_TACGAGAC,TACGAGAC,ACACTGACGACATGGTTCTACAGTACACACCGCCCGTC,TACGGTAGCAGAGACTTGGTCTTGATCCTTCTGCAGGTTCACCTAC,environmental,18S,92,Lasker18Sc158_19_D0276_S6_L001_R1_001.fastq.gz,Lasker18Sc158_19_D0276_S6_L001_R2_001.fastq.gz,marine biome  (ENVO:00000447),coastal water (ENVO:00001250),waterborne particulate matter (ENVO:01000436),mimarks survey,USA:California:Monterey Bay,0.22um,Poretics,LASKER2018,115,19.0,20.0,Monterey Inside 2 (dusk),Project_Overview_Lasker_2018,LASKER,36.71083333,-121.915,3.0,Lasker18,2018.0,6.0,10.0,6/10/18,2018-06-10 02:34:00,UU,Lasker18Sc158_19_D0276
