sample_name,order,library,library_tag_combo,tag_sequence,primer_sequence_F,primer_sequence_R,sample_type,sample_locus,tag_number,R1,R2,env_biome,env_feature,env_material,env_package,geo_loc_name,seq_meth,investigation_type,samp_filter_size_ext,samp_filter_ext_type,SAMPLING_cruise,SAMPLING_station_number,SAMPLING_bottle,depth,SAMPLING_station,SAMPLING_project,SAMPLING_platform,SAMPLING_dec_lat,SAMPLING_dec_long,chlorophyll,SAMPLING_campaign,year,month,day,collection_date,SAMPLING_date_time,PlateID,original_name
Lasker18Sc122_3_D0052_VV,22,VV22,VV22_CGTGAGTG,CGTGAGTG,GGWACWGGWTGAACWGTWTAYCCYCC,TAAACTTCAGGGTGACCAAAAAATCA,environmental,COI,22,Lasker18Sc122_3_D0052_S74_L001_R1_001.fastq.gz,Lasker18Sc122_3_D0052_S74_L001_R2_001.fastq.gz,marine biome  (ENVO:00000447),coastal water (ENVO:00001250),waterborne particulate matter (ENVO:01000436),mimarks survey,USA:California:SB Channel Islands,NGS Illumina Miseq,mimarks survey,0.22um,Poretics,LASKER2018,425,3.0,100.0,San Miguel (dusk),Project_Overview_Lasker_2018,LASKER,33.91416667,-120.71,20.0,Lasker18,2018.0,6.0,3.0,6/3/18,2018-06-03 03:58:00,VV,Lasker18Sc122_3_D0052
Lasker18Sc122_5_D0053_VV,23,VV23,VV23_GGATATCT,GGATATCT,GGWACWGGWTGAACWGTWTAYCCYCC,TAAACTTCAGGGTGACCAAAAAATCA,environmental,COI,23,Lasker18Sc122_5_D0053_S87_L001_R1_001.fastq.gz,Lasker18Sc122_5_D0053_S87_L001_R2_001.fastq.gz,marine biome  (ENVO:00000447),coastal water (ENVO:00001250),waterborne particulate matter (ENVO:01000436),mimarks survey,USA:California:SB Channel Islands,NGS Illumina Miseq,mimarks survey,0.22um,Poretics,LASKER2018,425,5.0,100.0,San Miguel (dusk),Project_Overview_Lasker_2018,LASKER,33.91416667,-120.71,20.0,Lasker18,2018.0,6.0,3.0,6/3/18,2018-06-03 03:58:00,VV,Lasker18Sc122_5_D0053
Lasker18Sc122_17_D0057_VV,24,VV24,VV24_GACACCGT,GACACCGT,GGWACWGGWTGAACWGTWTAYCCYCC,TAAACTTCAGGGTGACCAAAAAATCA,environmental,COI,24,Lasker18Sc122_17_D0057_S19_L001_R1_001.fastq.gz,Lasker18Sc122_17_D0057_S19_L001_R2_001.fastq.gz,marine biome  (ENVO:00000447),coastal water (ENVO:00001250),waterborne particulate matter (ENVO:01000436),mimarks survey,USA:California:SB Channel Islands,NGS Illumina Miseq,mimarks survey,0.22um,Poretics,LASKER2018,425,17.0,18.0,San Miguel (dusk),Project_Overview_Lasker_2018,LASKER,33.91416667,-120.71,20.0,Lasker18,2018.0,6.0,3.0,6/3/18,2018-06-03 03:58:00,VV,Lasker18Sc122_17_D0057
Lasker18Sc122_19_D0058_VV,25,VV25,VV25_ATCGTACG,ATCGTACG,GGWACWGGWTGAACWGTWTAYCCYCC,TAAACTTCAGGGTGACCAAAAAATCA,environmental,COI,25,Lasker18Sc122_19_D0058_S59_L001_R1_001.fastq.gz,Lasker18Sc122_19_D0058_S59_L001_R2_001.fastq.gz,marine biome  (ENVO:00000447),coastal water (ENVO:00001250),waterborne particulate matter (ENVO:01000436),mimarks survey,USA:California:SB Channel Islands,NGS Illumina Miseq,mimarks survey,0.22um,Poretics,LASKER2018,425,19.0,18.0,San Miguel (dusk),Project_Overview_Lasker_2018,LASKER,33.91416667,-120.71,20.0,Lasker18,2018.0,6.0,3.0,6/3/18,2018-06-03 03:58:00,VV,Lasker18Sc122_19_D0058
Lasker18Sc123_3_D0063_VV,26,VV26,VV26_ACTATCTG,ACTATCTG,GGWACWGGWTGAACWGTWTAYCCYCC,TAAACTTCAGGGTGACCAAAAAATCA,environmental,COI,26,Lasker18Sc123_3_D0063_S33_L001_R1_001.fastq.gz,Lasker18Sc123_3_D0063_S33_L001_R2_001.fastq.gz,marine biome  (ENVO:00000447),coastal water (ENVO:00001250),waterborne particulate matter (ENVO:01000436),mimarks survey,USA:California:SB Channel Islands,NGS Illumina Miseq,mimarks survey,0.22um,Poretics,LASKER2018,422,3.0,100.0,San Miguel (dawn),Project_Overview_Lasker_2018,LASKER,34.41,-120.3686111,16.0,Lasker18,2018.0,6.0,4.0,6/4/18,2018-06-04 13:50:00,VV,Lasker18Sc123_3_D0063
Lasker18Sc123_5_D0064_VV,27,VV27,VV27_TAGCGAGT,TAGCGAGT,GGWACWGGWTGAACWGTWTAYCCYCC,TAAACTTCAGGGTGACCAAAAAATCA,environmental,COI,27,Lasker18Sc123_5_D0064_S48_L001_R1_001.fastq.gz,Lasker18Sc123_5_D0064_S48_L001_R2_001.fastq.gz,marine biome  (ENVO:00000447),coastal water (ENVO:00001250),waterborne particulate matter (ENVO:01000436),mimarks survey,USA:California:SB Channel Islands,NGS Illumina Miseq,mimarks survey,0.22um,Poretics,LASKER2018,422,5.0,100.0,San Miguel (dawn),Project_Overview_Lasker_2018,LASKER,34.41,-120.3686111,16.0,Lasker18,2018.0,6.0,4.0,6/4/18,2018-06-04 13:50:00,VV,Lasker18Sc123_5_D0064
Lasker18Sc123_17_D0068_VV,28,VV28,VV28_CTGCGTGT,CTGCGTGT,GGWACWGGWTGAACWGTWTAYCCYCC,TAAACTTCAGGGTGACCAAAAAATCA,environmental,COI,28,Lasker18Sc123_17_D0068_S60_L001_R1_001.fastq.gz,Lasker18Sc123_17_D0068_S60_L001_R2_001.fastq.gz,marine biome  (ENVO:00000447),coastal water (ENVO:00001250),waterborne particulate matter (ENVO:01000436),mimarks survey,USA:California:SB Channel Islands,NGS Illumina Miseq,mimarks survey,0.22um,Poretics,LASKER2018,422,17.0,10.0,San Miguel (dawn),Project_Overview_Lasker_2018,LASKER,34.41,-120.3686111,16.0,Lasker18,2018.0,6.0,4.0,6/4/18,2018-06-04 13:50:00,VV,Lasker18Sc123_17_D0068
Lasker18Sc123_19_D0069_VV,29,VV29,VV29_TCATCGAG,TCATCGAG,GGWACWGGWTGAACWGTWTAYCCYCC,TAAACTTCAGGGTGACCAAAAAATCA,environmental,COI,29,Lasker18Sc123_19_D0069_S36_L001_R1_001.fastq.gz,Lasker18Sc123_19_D0069_S36_L001_R2_001.fastq.gz,marine biome  (ENVO:00000447),coastal water (ENVO:00001250),waterborne particulate matter (ENVO:01000436),mimarks survey,USA:California:SB Channel Islands,NGS Illumina Miseq,mimarks survey,0.22um,Poretics,LASKER2018,422,19.0,10.0,San Miguel (dawn),Project_Overview_Lasker_2018,LASKER,34.41,-120.3686111,16.0,Lasker18,2018.0,6.0,4.0,6/4/18,2018-06-04 13:50:00,VV,Lasker18Sc123_19_D0069
Lasker18Sc124_3_D0073_VV,30,VV30,VV30_CGTGAGTG,CGTGAGTG,GGWACWGGWTGAACWGTWTAYCCYCC,TAAACTTCAGGGTGACCAAAAAATCA,environmental,COI,30,Lasker18Sc124_3_D0073_S77_L001_R1_001.fastq.gz,Lasker18Sc124_3_D0073_S77_L001_R2_001.fastq.gz,marine biome  (ENVO:00000447),coastal water (ENVO:00001250),waterborne particulate matter (ENVO:01000436),mimarks survey,USA:California:SB Channel Islands,NGS Illumina Miseq,mimarks survey,0.22um,Poretics,LASKER2018,401,3.0,100.0,San Clemente (dusk),Project_Overview_Lasker_2018,LASKER,32.7175,-118.21,30.0,Lasker18,2018.0,6.0,4.0,6/4/18,2018-06-04 02:59:00,VV,Lasker18Sc124_3_D0073
Lasker18Sc124_5_D0074_VV,31,VV31,VV31_GGATATCT,GGATATCT,GGWACWGGWTGAACWGTWTAYCCYCC,TAAACTTCAGGGTGACCAAAAAATCA,environmental,COI,31,Lasker18Sc124_5_D0074_S82_L001_R1_001.fastq.gz,Lasker18Sc124_5_D0074_S82_L001_R2_001.fastq.gz,marine biome  (ENVO:00000447),coastal water (ENVO:00001250),waterborne particulate matter (ENVO:01000436),mimarks survey,USA:California:SB Channel Islands,NGS Illumina Miseq,mimarks survey,0.22um,Poretics,LASKER2018,401,5.0,100.0,San Clemente (dusk),Project_Overview_Lasker_2018,LASKER,32.7175,-118.21,30.0,Lasker18,2018.0,6.0,4.0,6/4/18,2018-06-04 02:59:00,VV,Lasker18Sc124_5_D0074
Lasker18Sc124_17_D0078_VV,33,VV33,VV33_ATCGTACG,ATCGTACG,GGWACWGGWTGAACWGTWTAYCCYCC,TAAACTTCAGGGTGACCAAAAAATCA,environmental,COI,33,Lasker18Sc124_17_D0078_S11_L001_R1_001.fastq.gz,Lasker18Sc124_17_D0078_S11_L001_R2_001.fastq.gz,marine biome  (ENVO:00000447),coastal water (ENVO:00001250),waterborne particulate matter (ENVO:01000436),mimarks survey,USA:California:SB Channel Islands,NGS Illumina Miseq,mimarks survey,0.22um,Poretics,LASKER2018,401,17.0,10.0,San Clemente (dusk),Project_Overview_Lasker_2018,LASKER,32.7175,-118.21,30.0,Lasker18,2018.0,6.0,4.0,6/4/18,2018-06-04 02:59:00,VV,Lasker18Sc124_17_D0078
Lasker18Sc124_19_D0079_VV,34,VV34,VV34_ACTATCTG,ACTATCTG,GGWACWGGWTGAACWGTWTAYCCYCC,TAAACTTCAGGGTGACCAAAAAATCA,environmental,COI,34,Lasker18Sc124_19_D0079_S47_L001_R1_001.fastq.gz,Lasker18Sc124_19_D0079_S47_L001_R2_001.fastq.gz,marine biome  (ENVO:00000447),coastal water (ENVO:00001250),waterborne particulate matter (ENVO:01000436),mimarks survey,USA:California:SB Channel Islands,NGS Illumina Miseq,mimarks survey,0.22um,Poretics,LASKER2018,401,19.0,10.0,San Clemente (dusk),Project_Overview_Lasker_2018,LASKER,32.7175,-118.21,30.0,Lasker18,2018.0,6.0,4.0,6/4/18,2018-06-04 02:59:00,VV,Lasker18Sc124_19_D0079
Lasker18Sc126_3_D0085_VV,35,VV35,VV35_TAGCGAGT,TAGCGAGT,GGWACWGGWTGAACWGTWTAYCCYCC,TAAACTTCAGGGTGACCAAAAAATCA,environmental,COI,35,Lasker18Sc126_3_D0085_S71_L001_R1_001.fastq.gz,Lasker18Sc126_3_D0085_S71_L001_R2_001.fastq.gz,marine biome  (ENVO:00000447),coastal water (ENVO:00001250),waterborne particulate matter (ENVO:01000436),mimarks survey,USA:California:SB Channel Islands,NGS Illumina Miseq,mimarks survey,0.22um,Poretics,LASKER2018,4002,3.0,100.0,San Nicholas (day),Project_Overview_Lasker_2018,LASKER,33.40027778,-119.405,21.0,Lasker18,2018.0,6.0,5.0,6/5/18,2018-06-05 17:20:07,VV,Lasker18Sc126_3_D0085
Lasker18Sc126_5_D0086_VV,36,VV36,VV36_CTGCGTGT,CTGCGTGT,GGWACWGGWTGAACWGTWTAYCCYCC,TAAACTTCAGGGTGACCAAAAAATCA,environmental,COI,36,Lasker18Sc126_5_D0086_S76_L001_R1_001.fastq.gz,Lasker18Sc126_5_D0086_S76_L001_R2_001.fastq.gz,marine biome  (ENVO:00000447),coastal water (ENVO:00001250),waterborne particulate matter (ENVO:01000436),mimarks survey,USA:California:SB Channel Islands,NGS Illumina Miseq,mimarks survey,0.22um,Poretics,LASKER2018,4002,5.0,100.0,San Nicholas (day),Project_Overview_Lasker_2018,LASKER,33.40027778,-119.405,21.0,Lasker18,2018.0,6.0,5.0,6/5/18,2018-06-05 17:20:07,VV,Lasker18Sc126_5_D0086
Lasker18Sc126_17_D0090_VV,37,VV37,VV37_TCATCGAG,TCATCGAG,GGWACWGGWTGAACWGTWTAYCCYCC,TAAACTTCAGGGTGACCAAAAAATCA,environmental,COI,37,Lasker18Sc126_17_D0090_S41_L001_R1_001.fastq.gz,Lasker18Sc126_17_D0090_S41_L001_R2_001.fastq.gz,marine biome  (ENVO:00000447),coastal water (ENVO:00001250),waterborne particulate matter (ENVO:01000436),mimarks survey,USA:California:SB Channel Islands,NGS Illumina Miseq,mimarks survey,0.22um,Poretics,LASKER2018,4002,17.0,4.0,San Nicholas (day),Project_Overview_Lasker_2018,LASKER,33.40027778,-119.405,21.0,Lasker18,2018.0,6.0,5.0,6/5/18,2018-06-05 17:20:07,VV,Lasker18Sc126_17_D0090
Lasker18Sc127_3_D0095_VV,38,VV38,VV38_CGTGAGTG,CGTGAGTG,GGWACWGGWTGAACWGTWTAYCCYCC,TAAACTTCAGGGTGACCAAAAAATCA,environmental,COI,38,Lasker18Sc127_3_D0095_S50_L001_R1_001.fastq.gz,Lasker18Sc127_3_D0095_S50_L001_R2_001.fastq.gz,marine biome  (ENVO:00000447),coastal water (ENVO:00001250),waterborne particulate matter (ENVO:01000436),mimarks survey,USA:California:SB Channel Islands,NGS Illumina Miseq,mimarks survey,0.22um,Poretics,LASKER2018,412,3.0,100.0,San Nicholas (day),Project_Overview_Lasker_2018,LASKER,,-119.455,18.0,Lasker18,2018.0,6.0,5.0,6/5/18,2018-06-05 19:06:00,VV,Lasker18Sc127_3_D0095
Lasker18Sc127_5_D0096_VV,39,VV39,VV39_GGATATCT,GGATATCT,GGWACWGGWTGAACWGTWTAYCCYCC,TAAACTTCAGGGTGACCAAAAAATCA,environmental,COI,39,Lasker18Sc127_5_D0096_S4_L001_R1_001.fastq.gz,Lasker18Sc127_5_D0096_S4_L001_R2_001.fastq.gz,marine biome  (ENVO:00000447),coastal water (ENVO:00001250),waterborne particulate matter (ENVO:01000436),mimarks survey,USA:California:SB Channel Islands,NGS Illumina Miseq,mimarks survey,0.22um,Poretics,LASKER2018,412,5.0,100.0,San Nicholas (day),Project_Overview_Lasker_2018,LASKER,,-119.455,18.0,Lasker18,2018.0,6.0,5.0,6/5/18,2018-06-05 19:06:00,VV,Lasker18Sc127_5_D0096
Lasker18Sc127_17_D0100_VV,40,VV40,VV40_GACACCGT,GACACCGT,GGWACWGGWTGAACWGTWTAYCCYCC,TAAACTTCAGGGTGACCAAAAAATCA,environmental,COI,40,Lasker18Sc127_17_D0100_S86_L001_R1_001.fastq.gz,Lasker18Sc127_17_D0100_S86_L001_R2_001.fastq.gz,marine biome  (ENVO:00000447),coastal water (ENVO:00001250),waterborne particulate matter (ENVO:01000436),mimarks survey,USA:California:SB Channel Islands,NGS Illumina Miseq,mimarks survey,0.22um,Poretics,LASKER2018,412,17.0,10.0,San Nicholas (day),Project_Overview_Lasker_2018,LASKER,,-119.455,18.0,Lasker18,2018.0,6.0,5.0,6/5/18,2018-06-05 19:06:00,VV,Lasker18Sc127_17_D0100
Lasker18Sc127_19_D0101_VV,41,VV41,VV41_ATCGTACG,ATCGTACG,GGWACWGGWTGAACWGTWTAYCCYCC,TAAACTTCAGGGTGACCAAAAAATCA,environmental,COI,41,Lasker18Sc127_19_D0101_S89_L001_R1_001.fastq.gz,Lasker18Sc127_19_D0101_S89_L001_R2_001.fastq.gz,marine biome  (ENVO:00000447),coastal water (ENVO:00001250),waterborne particulate matter (ENVO:01000436),mimarks survey,USA:California:SB Channel Islands,NGS Illumina Miseq,mimarks survey,0.22um,Poretics,LASKER2018,412,19.0,10.0,San Nicholas (day),Project_Overview_Lasker_2018,LASKER,,-119.455,18.0,Lasker18,2018.0,6.0,5.0,6/5/18,2018-06-05 19:06:00,VV,Lasker18Sc127_19_D0101
Lasker18Sc128_3_D0105_VV,42,VV42,VV42_ACTATCTG,ACTATCTG,GGWACWGGWTGAACWGTWTAYCCYCC,TAAACTTCAGGGTGACCAAAAAATCA,environmental,COI,42,Lasker18Sc128_3_D0105_S91_L001_R1_001.fastq.gz,Lasker18Sc128_3_D0105_S91_L001_R2_001.fastq.gz,marine biome  (ENVO:00000447),coastal water (ENVO:00001250),waterborne particulate matter (ENVO:01000436),mimarks survey,USA:California:SB Channel Islands,NGS Illumina Miseq,mimarks survey,0.22um,Poretics,LASKER2018,411,3.0,100.0,San Nicholas (dusk),Project_Overview_Lasker_2018,LASKER,33.69083333,-119.2833333,18.0,Lasker18,2018.0,6.0,5.0,6/5/18,2018-06-05 02:37:00,VV,Lasker18Sc128_3_D0105
Lasker18Sc128_7_D0107_VV,43,VV43,VV43_TAGCGAGT,TAGCGAGT,GGWACWGGWTGAACWGTWTAYCCYCC,TAAACTTCAGGGTGACCAAAAAATCA,environmental,COI,43,Lasker18Sc128_7_D0107_S1_L001_R1_001.fastq.gz,Lasker18Sc128_7_D0107_S1_L001_R2_001.fastq.gz,marine biome  (ENVO:00000447),coastal water (ENVO:00001250),waterborne particulate matter (ENVO:01000436),mimarks survey,USA:California:SB Channel Islands,NGS Illumina Miseq,mimarks survey,0.22um,Poretics,LASKER2018,411,7.0,100.0,San Nicholas (dusk),Project_Overview_Lasker_2018,LASKER,33.69083333,-119.2833333,18.0,Lasker18,2018.0,6.0,5.0,6/5/18,2018-06-05 02:37:00,VV,Lasker18Sc128_7_D0107
Lasker18Sc128_16_D0110_VV,44,VV44,VV44_CTGCGTGT,CTGCGTGT,GGWACWGGWTGAACWGTWTAYCCYCC,TAAACTTCAGGGTGACCAAAAAATCA,environmental,COI,44,Lasker18Sc128_16_D0110_S17_L001_R1_001.fastq.gz,Lasker18Sc128_16_D0110_S17_L001_R2_001.fastq.gz,marine biome  (ENVO:00000447),coastal water (ENVO:00001250),waterborne particulate matter (ENVO:01000436),mimarks survey,USA:California:SB Channel Islands,NGS Illumina Miseq,mimarks survey,0.22um,Poretics,LASKER2018,411,16.0,10.0,San Nicholas (dusk),Project_Overview_Lasker_2018,LASKER,33.69083333,-119.2833333,18.0,Lasker18,2018.0,6.0,5.0,6/5/18,2018-06-05 02:37:00,VV,Lasker18Sc128_16_D0110
Lasker18Sc128_19_D0111_VV,45,VV45,VV45_TCATCGAG,TCATCGAG,GGWACWGGWTGAACWGTWTAYCCYCC,TAAACTTCAGGGTGACCAAAAAATCA,environmental,COI,45,Lasker18Sc128_19_D0111_S18_L001_R1_001.fastq.gz,Lasker18Sc128_19_D0111_S18_L001_R2_001.fastq.gz,marine biome  (ENVO:00000447),coastal water (ENVO:00001250),waterborne particulate matter (ENVO:01000436),mimarks survey,USA:California:SB Channel Islands,NGS Illumina Miseq,mimarks survey,0.22um,Poretics,LASKER2018,411,19.0,10.0,San Nicholas (dusk),Project_Overview_Lasker_2018,LASKER,33.69083333,-119.2833333,18.0,Lasker18,2018.0,6.0,5.0,6/5/18,2018-06-05 02:37:00,VV,Lasker18Sc128_19_D0111
Lasker18Sc129_3_D0116_VV,46,VV46,VV46_CGTGAGTG,CGTGAGTG,GGWACWGGWTGAACWGTWTAYCCYCC,TAAACTTCAGGGTGACCAAAAAATCA,environmental,COI,46,Lasker18Sc129_3_D0116_S8_L001_R1_001.fastq.gz,Lasker18Sc129_3_D0116_S8_L001_R2_001.fastq.gz,marine biome  (ENVO:00000447),coastal water (ENVO:00001250),waterborne particulate matter (ENVO:01000436),mimarks survey,USA:California:SB Channel Islands,NGS Illumina Miseq,mimarks survey,0.22um,Poretics,LASKER2018,414,3.0,50.0,San Nicholas (dawn),Project_Overview_Lasker_2018,LASKER,33.40777778,-119.8102778,7.0,Lasker18,2018.0,6.0,6.0,6/6/18,2018-06-06 12:31:00,VV,Lasker18Sc129_3_D0116
Lasker18Sc129_5_D0117_VV,47,VV47,VV47_GGATATCT,GGATATCT,GGWACWGGWTGAACWGTWTAYCCYCC,TAAACTTCAGGGTGACCAAAAAATCA,environmental,COI,47,Lasker18Sc129_5_D0117_S46_L001_R1_001.fastq.gz,Lasker18Sc129_5_D0117_S46_L001_R2_001.fastq.gz,marine biome  (ENVO:00000447),coastal water (ENVO:00001250),waterborne particulate matter (ENVO:01000436),mimarks survey,USA:California:SB Channel Islands,NGS Illumina Miseq,mimarks survey,0.22um,Poretics,LASKER2018,414,5.0,50.0,San Nicholas (dawn),Project_Overview_Lasker_2018,LASKER,33.40777778,-119.8102778,7.0,Lasker18,2018.0,6.0,6.0,6/6/18,2018-06-06 12:31:00,VV,Lasker18Sc129_5_D0117
Lasker18Sc129_17_D0121_VV,48,VV48,VV48_GACACCGT,GACACCGT,GGWACWGGWTGAACWGTWTAYCCYCC,TAAACTTCAGGGTGACCAAAAAATCA,environmental,COI,48,Lasker18Sc129_17_D0121_S10_L001_R1_001.fastq.gz,Lasker18Sc129_17_D0121_S10_L001_R2_001.fastq.gz,marine biome  (ENVO:00000447),coastal water (ENVO:00001250),waterborne particulate matter (ENVO:01000436),mimarks survey,USA:California:SB Channel Islands,NGS Illumina Miseq,mimarks survey,0.22um,Poretics,LASKER2018,414,17.0,8.0,San Nicholas (dawn),Project_Overview_Lasker_2018,LASKER,33.40777778,-119.8102778,7.0,Lasker18,2018.0,6.0,6.0,6/6/18,2018-06-06 12:31:00,VV,Lasker18Sc129_17_D0121
Lasker18Sc129_19_D0122_VV,49,VV49,VV49_ATCGTACG,ATCGTACG,GGWACWGGWTGAACWGTWTAYCCYCC,TAAACTTCAGGGTGACCAAAAAATCA,environmental,COI,49,Lasker18Sc129_19_D0122_S15_L001_R1_001.fastq.gz,Lasker18Sc129_19_D0122_S15_L001_R2_001.fastq.gz,marine biome  (ENVO:00000447),coastal water (ENVO:00001250),waterborne particulate matter (ENVO:01000436),mimarks survey,USA:California:SB Channel Islands,NGS Illumina Miseq,mimarks survey,0.22um,Poretics,LASKER2018,414,19.0,8.0,San Nicholas (dawn),Project_Overview_Lasker_2018,LASKER,33.40777778,-119.8102778,7.0,Lasker18,2018.0,6.0,6.0,6/6/18,2018-06-06 12:31:00,VV,Lasker18Sc129_19_D0122
Lasker18Sc130_3_D0127_VV,50,VV50,VV50_ACTATCTG,ACTATCTG,GGWACWGGWTGAACWGTWTAYCCYCC,TAAACTTCAGGGTGACCAAAAAATCA,environmental,COI,50,Lasker18Sc130_3_D0127_S3_L001_R1_001.fastq.gz,Lasker18Sc130_3_D0127_S3_L001_R2_001.fastq.gz,marine biome  (ENVO:00000447),coastal water (ENVO:00001250),waterborne particulate matter (ENVO:01000436),mimarks survey,USA:California:Monterey Bay,NGS Illumina Miseq,mimarks survey,0.22um,Poretics,LASKER2018,126,3.0,100.0,Davenport (dawn),Project_Overview_Lasker_2018,LASKER,36.98388889,-122.6005556,16.0,Lasker18,2018.0,6.0,7.0,6/7/18,2018-06-07 14:21:00,VV,Lasker18Sc130_3_D0127
Lasker18Sc130_5_D0128_VV,51,VV51,VV51_TAGCGAGT,TAGCGAGT,GGWACWGGWTGAACWGTWTAYCCYCC,TAAACTTCAGGGTGACCAAAAAATCA,environmental,COI,51,Lasker18Sc130_5_D0128_S68_L001_R1_001.fastq.gz,Lasker18Sc130_5_D0128_S68_L001_R2_001.fastq.gz,marine biome  (ENVO:00000447),coastal water (ENVO:00001250),waterborne particulate matter (ENVO:01000436),mimarks survey,USA:California:Monterey Bay,NGS Illumina Miseq,mimarks survey,0.22um,Poretics,LASKER2018,126,5.0,100.0,Davenport (dawn),Project_Overview_Lasker_2018,LASKER,36.98388889,-122.6005556,16.0,Lasker18,2018.0,6.0,7.0,6/7/18,2018-06-07 14:21:00,VV,Lasker18Sc130_5_D0128
Lasker18Sc130_17_D0132_VV,52,VV52,VV52_CTGCGTGT,CTGCGTGT,GGWACWGGWTGAACWGTWTAYCCYCC,TAAACTTCAGGGTGACCAAAAAATCA,environmental,COI,52,Lasker18Sc130_17_D0132_S32_L001_R1_001.fastq.gz,Lasker18Sc130_17_D0132_S32_L001_R2_001.fastq.gz,marine biome  (ENVO:00000447),coastal water (ENVO:00001250),waterborne particulate matter (ENVO:01000436),mimarks survey,USA:California:Monterey Bay,NGS Illumina Miseq,mimarks survey,0.22um,Poretics,LASKER2018,126,17.0,10.0,Davenport (dawn),Project_Overview_Lasker_2018,LASKER,36.98388889,-122.6005556,16.0,Lasker18,2018.0,6.0,7.0,6/7/18,2018-06-07 14:21:00,VV,Lasker18Sc130_17_D0132
Lasker18Sc130_19_D0133_VV,53,VV53,VV53_TCATCGAG,TCATCGAG,GGWACWGGWTGAACWGTWTAYCCYCC,TAAACTTCAGGGTGACCAAAAAATCA,environmental,COI,53,Lasker18Sc130_19_D0133_S80_L001_R1_001.fastq.gz,Lasker18Sc130_19_D0133_S80_L001_R2_001.fastq.gz,marine biome  (ENVO:00000447),coastal water (ENVO:00001250),waterborne particulate matter (ENVO:01000436),mimarks survey,USA:California:Monterey Bay,NGS Illumina Miseq,mimarks survey,0.22um,Poretics,LASKER2018,126,19.0,10.0,Davenport (dawn),Project_Overview_Lasker_2018,LASKER,36.98388889,-122.6005556,16.0,Lasker18,2018.0,6.0,7.0,6/7/18,2018-06-07 14:21:00,VV,Lasker18Sc130_19_D0133
Lasker18Sc132_3_D0137_VV,54,VV54,VV54_CGTGAGTG,CGTGAGTG,GGWACWGGWTGAACWGTWTAYCCYCC,TAAACTTCAGGGTGACCAAAAAATCA,environmental,COI,54,Lasker18Sc132_3_D0137_S27_L001_R1_001.fastq.gz,Lasker18Sc132_3_D0137_S27_L001_R2_001.fastq.gz,marine biome  (ENVO:00000447),coastal water (ENVO:00001250),waterborne particulate matter (ENVO:01000436),mimarks survey,USA:California:Monterey Bay,NGS Illumina Miseq,mimarks survey,0.22um,Poretics,LASKER2018,MB1,3.0,100.0,Davenport (day),Project_Overview_Lasker_2018,LASKER,36.99583333,-122.5180556,13.0,Lasker18,2018.0,6.0,7.0,6/7/18,2018-06-07 19:21:00,VV,Lasker18Sc132_3_D0137
Lasker18Sc132_5_D0138_VV,55,VV55,VV55_GGATATCT,GGATATCT,GGWACWGGWTGAACWGTWTAYCCYCC,TAAACTTCAGGGTGACCAAAAAATCA,environmental,COI,55,Lasker18Sc132_5_D0138_S30_L001_R1_001.fastq.gz,Lasker18Sc132_5_D0138_S30_L001_R2_001.fastq.gz,marine biome  (ENVO:00000447),coastal water (ENVO:00001250),waterborne particulate matter (ENVO:01000436),mimarks survey,USA:California:Monterey Bay,NGS Illumina Miseq,mimarks survey,0.22um,Poretics,LASKER2018,MB1,5.0,100.0,Davenport (day),Project_Overview_Lasker_2018,LASKER,36.99583333,-122.5180556,13.0,Lasker18,2018.0,6.0,7.0,6/7/18,2018-06-07 19:21:00,VV,Lasker18Sc132_5_D0138
Lasker18Sc132_17_D0142_VV,56,VV56,VV56_GACACCGT,GACACCGT,GGWACWGGWTGAACWGTWTAYCCYCC,TAAACTTCAGGGTGACCAAAAAATCA,environmental,COI,56,Lasker18Sc132_17_D0142_S25_L001_R1_001.fastq.gz,Lasker18Sc132_17_D0142_S25_L001_R2_001.fastq.gz,marine biome  (ENVO:00000447),coastal water (ENVO:00001250),waterborne particulate matter (ENVO:01000436),mimarks survey,USA:California:Monterey Bay,NGS Illumina Miseq,mimarks survey,0.22um,Poretics,LASKER2018,MB1,17.0,10.0,Davenport (day),Project_Overview_Lasker_2018,LASKER,36.99583333,-122.5180556,13.0,Lasker18,2018.0,6.0,7.0,6/7/18,2018-06-07 19:21:00,VV,Lasker18Sc132_17_D0142
Lasker18Sc132_19_D0143_VV,57,VV57,VV57_ATCGTACG,ATCGTACG,GGWACWGGWTGAACWGTWTAYCCYCC,TAAACTTCAGGGTGACCAAAAAATCA,environmental,COI,57,Lasker18Sc132_19_D0143_S72_L001_R1_001.fastq.gz,Lasker18Sc132_19_D0143_S72_L001_R2_001.fastq.gz,marine biome  (ENVO:00000447),coastal water (ENVO:00001250),waterborne particulate matter (ENVO:01000436),mimarks survey,USA:California:Monterey Bay,NGS Illumina Miseq,mimarks survey,0.22um,Poretics,LASKER2018,MB1,19.0,10.0,Davenport (day),Project_Overview_Lasker_2018,LASKER,36.99583333,-122.5180556,13.0,Lasker18,2018.0,6.0,7.0,6/7/18,2018-06-07 19:21:00,VV,Lasker18Sc132_19_D0143
Lasker18Sc133_3_D0147_VV,58,VV58,VV58_ACTATCTG,ACTATCTG,GGWACWGGWTGAACWGTWTAYCCYCC,TAAACTTCAGGGTGACCAAAAAATCA,environmental,COI,58,Lasker18Sc133_3_D0147_S67_L001_R1_001.fastq.gz,Lasker18Sc133_3_D0147_S67_L001_R2_001.fastq.gz,marine biome  (ENVO:00000447),coastal water (ENVO:00001250),waterborne particulate matter (ENVO:01000436),mimarks survey,USA:California:Monterey Bay,NGS Illumina Miseq,mimarks survey,0.22um,Poretics,LASKER2018,123,3.0,70.0,Davenport (dusk),Project_Overview_Lasker_2018,LASKER,36.99527778,-122.5186111,3.0,Lasker18,2018.0,6.0,7.0,6/7/18,2018-06-07 02:36:00,VV,Lasker18Sc133_3_D0147
Lasker18Sc133_5_D0148_VV,59,VV59,VV59_TAGCGAGT,TAGCGAGT,GGWACWGGWTGAACWGTWTAYCCYCC,TAAACTTCAGGGTGACCAAAAAATCA,environmental,COI,59,Lasker18Sc133_5_D0148_S92_L001_R1_001.fastq.gz,Lasker18Sc133_5_D0148_S92_L001_R2_001.fastq.gz,marine biome  (ENVO:00000447),coastal water (ENVO:00001250),waterborne particulate matter (ENVO:01000436),mimarks survey,USA:California:Monterey Bay,NGS Illumina Miseq,mimarks survey,0.22um,Poretics,LASKER2018,123,5.0,70.0,Davenport (dusk),Project_Overview_Lasker_2018,LASKER,36.99527778,-122.5186111,3.0,Lasker18,2018.0,6.0,7.0,6/7/18,2018-06-07 02:36:00,VV,Lasker18Sc133_5_D0148
Lasker18Sc133_17_D0152_VV,60,VV60,VV60_CTGCGTGT,CTGCGTGT,GGWACWGGWTGAACWGTWTAYCCYCC,TAAACTTCAGGGTGACCAAAAAATCA,environmental,COI,60,Lasker18Sc133_17_D0152_S5_L001_R1_001.fastq.gz,Lasker18Sc133_17_D0152_S5_L001_R2_001.fastq.gz,marine biome  (ENVO:00000447),coastal water (ENVO:00001250),waterborne particulate matter (ENVO:01000436),mimarks survey,USA:California:Monterey Bay,NGS Illumina Miseq,mimarks survey,0.22um,Poretics,LASKER2018,123,17.0,10.0,Davenport (dusk),Project_Overview_Lasker_2018,LASKER,36.99527778,-122.5186111,3.0,Lasker18,2018.0,6.0,7.0,6/7/18,2018-06-07 02:36:00,VV,Lasker18Sc133_17_D0152
Lasker18Sc133_19_D0153_VV,61,VV61,VV61_TCATCGAG,TCATCGAG,GGWACWGGWTGAACWGTWTAYCCYCC,TAAACTTCAGGGTGACCAAAAAATCA,environmental,COI,61,Lasker18Sc133_19_D0153_S37_L001_R1_001.fastq.gz,Lasker18Sc133_19_D0153_S37_L001_R2_001.fastq.gz,marine biome  (ENVO:00000447),coastal water (ENVO:00001250),waterborne particulate matter (ENVO:01000436),mimarks survey,USA:California:Monterey Bay,NGS Illumina Miseq,mimarks survey,0.22um,Poretics,LASKER2018,123,19.0,10.0,Davenport (dusk),Project_Overview_Lasker_2018,LASKER,36.99527778,-122.5186111,3.0,Lasker18,2018.0,6.0,7.0,6/7/18,2018-06-07 02:36:00,VV,Lasker18Sc133_19_D0153
Lasker18Sc134_3_D0158_VV,62,VV62,VV62_CGTGAGTG,CGTGAGTG,GGWACWGGWTGAACWGTWTAYCCYCC,TAAACTTCAGGGTGACCAAAAAATCA,environmental,COI,62,Lasker18Sc134_3_D0158_S84_L001_R1_001.fastq.gz,Lasker18Sc134_3_D0158_S84_L001_R2_001.fastq.gz,marine biome  (ENVO:00000447),coastal water (ENVO:00001250),waterborne particulate matter (ENVO:01000436),mimarks survey,USA:California:Monterey Bay,NGS Illumina Miseq,mimarks survey,0.22um,Poretics,LASKER2018,125,3.0,50.0,Davenport (midnight),Project_Overview_Lasker_2018,LASKER,36.99055556,-122.4558333,3.0,Lasker18,2018.0,6.0,8.0,6/8/18,2018-06-08 08:32:00,VV,Lasker18Sc134_3_D0158
Lasker18Sc134_5_D0159_VV,63,VV63,VV63_GGATATCT,GGATATCT,GGWACWGGWTGAACWGTWTAYCCYCC,TAAACTTCAGGGTGACCAAAAAATCA,environmental,COI,63,Lasker18Sc134_5_D0159_S90_L001_R1_001.fastq.gz,Lasker18Sc134_5_D0159_S90_L001_R2_001.fastq.gz,marine biome  (ENVO:00000447),coastal water (ENVO:00001250),waterborne particulate matter (ENVO:01000436),mimarks survey,USA:California:Monterey Bay,NGS Illumina Miseq,mimarks survey,0.22um,Poretics,LASKER2018,125,5.0,50.0,Davenport (midnight),Project_Overview_Lasker_2018,LASKER,36.99055556,-122.4558333,3.0,Lasker18,2018.0,6.0,8.0,6/8/18,2018-06-08 08:32:00,VV,Lasker18Sc134_5_D0159
Lasker18Sc134_17_D0163_VV,65,VV65,VV65_ATCGTACG,ATCGTACG,GGWACWGGWTGAACWGTWTAYCCYCC,TAAACTTCAGGGTGACCAAAAAATCA,environmental,COI,65,Lasker18Sc134_17_D0163_S44_L001_R1_001.fastq.gz,Lasker18Sc134_17_D0163_S44_L001_R2_001.fastq.gz,marine biome  (ENVO:00000447),coastal water (ENVO:00001250),waterborne particulate matter (ENVO:01000436),mimarks survey,USA:California:Monterey Bay,NGS Illumina Miseq,mimarks survey,0.22um,Poretics,LASKER2018,125,17.0,10.0,Davenport (midnight),Project_Overview_Lasker_2018,LASKER,36.99055556,-122.4558333,3.0,Lasker18,2018.0,6.0,8.0,6/8/18,2018-06-08 08:32:00,VV,Lasker18Sc134_17_D0163
Lasker18Sc134_19_D0164_VV,66,VV66,VV66_ACTATCTG,ACTATCTG,GGWACWGGWTGAACWGTWTAYCCYCC,TAAACTTCAGGGTGACCAAAAAATCA,environmental,COI,66,Lasker18Sc134_19_D0164_S57_L001_R1_001.fastq.gz,Lasker18Sc134_19_D0164_S57_L001_R2_001.fastq.gz,marine biome  (ENVO:00000447),coastal water (ENVO:00001250),waterborne particulate matter (ENVO:01000436),mimarks survey,USA:California:Monterey Bay,NGS Illumina Miseq,mimarks survey,0.22um,Poretics,LASKER2018,125,19.0,10.0,Davenport (midnight),Project_Overview_Lasker_2018,LASKER,36.99055556,-122.4558333,3.0,Lasker18,2018.0,6.0,8.0,6/8/18,2018-06-08 08:32:00,VV,Lasker18Sc134_19_D0164
Lasker18Sc135_17_D0173_VV,67,VV67,VV67_TAGCGAGT,TAGCGAGT,GGWACWGGWTGAACWGTWTAYCCYCC,TAAACTTCAGGGTGACCAAAAAATCA,environmental,COI,67,Lasker18Sc135_17_D0173_S62_L001_R1_001.fastq.gz,Lasker18Sc135_17_D0173_S62_L001_R2_001.fastq.gz,marine biome  (ENVO:00000447),coastal water (ENVO:00001250),waterborne particulate matter (ENVO:01000436),mimarks survey,USA:California:Monterey Bay,NGS Illumina Miseq,mimarks survey,0.22um,Poretics,LASKER2018,127,17.0,10.0,Davenport (dawn),Project_Overview_Lasker_2018,LASKER,37.00888889,-122.8005556,4.0,Lasker18,2018.0,6.0,8.0,6/8/18,2018-06-08 12:39:00,VV,Lasker18Sc135_17_D0173
Lasker18Sc135_19_D0174_VV,68,VV68,VV68_CTGCGTGT,CTGCGTGT,GGWACWGGWTGAACWGTWTAYCCYCC,TAAACTTCAGGGTGACCAAAAAATCA,environmental,COI,68,Lasker18Sc135_19_D0174_S51_L001_R1_001.fastq.gz,Lasker18Sc135_19_D0174_S51_L001_R2_001.fastq.gz,marine biome  (ENVO:00000447),coastal water (ENVO:00001250),waterborne particulate matter (ENVO:01000436),mimarks survey,USA:California:Monterey Bay,NGS Illumina Miseq,mimarks survey,0.22um,Poretics,LASKER2018,127,19.0,10.0,Davenport (dawn),Project_Overview_Lasker_2018,LASKER,37.00888889,-122.8005556,4.0,Lasker18,2018.0,6.0,8.0,6/8/18,2018-06-08 12:39:00,VV,Lasker18Sc135_19_D0174
Lasker18Sc145_3_D0219_VV,69,VV69,VV69_TCATCGAG,TCATCGAG,GGWACWGGWTGAACWGTWTAYCCYCC,TAAACTTCAGGGTGACCAAAAAATCA,environmental,COI,69,Lasker18Sc145_3_D0219_S14_L001_R1_001.fastq.gz,Lasker18Sc145_3_D0219_S14_L001_R2_001.fastq.gz,marine biome  (ENVO:00000447),coastal water (ENVO:00001250),waterborne particulate matter (ENVO:01000436),mimarks survey,USA:California:Monterey Bay,NGS Illumina Miseq,mimarks survey,0.22um,Poretics,LASKER2018,MB8,3.0,100.0,Monterey Inside (day),Project_Overview_Lasker_2018,LASKER,36.98694444,-122.5236111,10.0,Lasker18,2018.0,6.0,9.0,6/9/18,2018-06-09 18:02:00,VV,Lasker18Sc145_3_D0219
Lasker18Sc145_5_D0220_VV,70,VV70,VV70_CGTGAGTG,CGTGAGTG,GGWACWGGWTGAACWGTWTAYCCYCC,TAAACTTCAGGGTGACCAAAAAATCA,environmental,COI,70,Lasker18Sc145_5_D0220_S69_L001_R1_001.fastq.gz,Lasker18Sc145_5_D0220_S69_L001_R2_001.fastq.gz,marine biome  (ENVO:00000447),coastal water (ENVO:00001250),waterborne particulate matter (ENVO:01000436),mimarks survey,USA:California:Monterey Bay,NGS Illumina Miseq,mimarks survey,0.22um,Poretics,LASKER2018,MB8,5.0,100.0,Monterey Inside (day),Project_Overview_Lasker_2018,LASKER,36.98694444,-122.5236111,10.0,Lasker18,2018.0,6.0,9.0,6/9/18,2018-06-09 18:02:00,VV,Lasker18Sc145_5_D0220
Lasker18Sc145_17_D0224_VV,71,VV71,VV71_GGATATCT,GGATATCT,GGWACWGGWTGAACWGTWTAYCCYCC,TAAACTTCAGGGTGACCAAAAAATCA,environmental,COI,71,Lasker18Sc145_17_D0224_S49_L001_R1_001.fastq.gz,Lasker18Sc145_17_D0224_S49_L001_R2_001.fastq.gz,marine biome  (ENVO:00000447),coastal water (ENVO:00001250),waterborne particulate matter (ENVO:01000436),mimarks survey,USA:California:Monterey Bay,NGS Illumina Miseq,mimarks survey,0.22um,Poretics,LASKER2018,MB8,17.0,10.0,Monterey Inside (day),Project_Overview_Lasker_2018,LASKER,36.98694444,-122.5236111,10.0,Lasker18,2018.0,6.0,9.0,6/9/18,2018-06-09 18:02:00,VV,Lasker18Sc145_17_D0224
Lasker18Sc145_19_D0225_VV,72,VV72,VV72_GACACCGT,GACACCGT,GGWACWGGWTGAACWGTWTAYCCYCC,TAAACTTCAGGGTGACCAAAAAATCA,environmental,COI,72,Lasker18Sc145_19_D0225_S65_L001_R1_001.fastq.gz,Lasker18Sc145_19_D0225_S65_L001_R2_001.fastq.gz,marine biome  (ENVO:00000447),coastal water (ENVO:00001250),waterborne particulate matter (ENVO:01000436),mimarks survey,USA:California:Monterey Bay,NGS Illumina Miseq,mimarks survey,0.22um,Poretics,LASKER2018,MB8,19.0,10.0,Monterey Inside (day),Project_Overview_Lasker_2018,LASKER,36.98694444,-122.5236111,10.0,Lasker18,2018.0,6.0,9.0,6/9/18,2018-06-09 18:02:00,VV,Lasker18Sc145_19_D0225
Lasker18Sc150_3_D0229_VV,73,VV73,VV73_ATCGTACG,ATCGTACG,GGWACWGGWTGAACWGTWTAYCCYCC,TAAACTTCAGGGTGACCAAAAAATCA,environmental,COI,73,Lasker18Sc150_3_D0229_S61_L001_R1_001.fastq.gz,Lasker18Sc150_3_D0229_S61_L001_R2_001.fastq.gz,marine biome  (ENVO:00000447),coastal water (ENVO:00001250),waterborne particulate matter (ENVO:01000436),mimarks survey,USA:California:Monterey Bay,NGS Illumina Miseq,mimarks survey,0.22um,Poretics,LASKER2018,119,3.0,50.0,Monterey Inside (dusk),Project_Overview_Lasker_2018,LASKER,36.85194444,-121.9911111,8.0,Lasker18,2018.0,6.0,9.0,6/9/18,2018-06-09 02:49:00,VV,Lasker18Sc150_3_D0229
Lasker18Sc150_5_D0230_VV,74,VV74,VV74_ACTATCTG,ACTATCTG,GGWACWGGWTGAACWGTWTAYCCYCC,TAAACTTCAGGGTGACCAAAAAATCA,environmental,COI,74,Lasker18Sc150_5_D0230_S21_L001_R1_001.fastq.gz,Lasker18Sc150_5_D0230_S21_L001_R2_001.fastq.gz,marine biome  (ENVO:00000447),coastal water (ENVO:00001250),waterborne particulate matter (ENVO:01000436),mimarks survey,USA:California:Monterey Bay,NGS Illumina Miseq,mimarks survey,0.22um,Poretics,LASKER2018,119,5.0,50.0,Monterey Inside (dusk),Project_Overview_Lasker_2018,LASKER,36.85194444,-121.9911111,8.0,Lasker18,2018.0,6.0,9.0,6/9/18,2018-06-09 02:49:00,VV,Lasker18Sc150_5_D0230
Lasker18Sc150_17_D0234_VV,75,VV75,VV75_TAGCGAGT,TAGCGAGT,GGWACWGGWTGAACWGTWTAYCCYCC,TAAACTTCAGGGTGACCAAAAAATCA,environmental,COI,75,Lasker18Sc150_17_D0234_S16_L001_R1_001.fastq.gz,Lasker18Sc150_17_D0234_S16_L001_R2_001.fastq.gz,marine biome  (ENVO:00000447),coastal water (ENVO:00001250),waterborne particulate matter (ENVO:01000436),mimarks survey,USA:California:Monterey Bay,NGS Illumina Miseq,mimarks survey,0.22um,Poretics,LASKER2018,119,17.0,10.0,Monterey Inside (dusk),Project_Overview_Lasker_2018,LASKER,36.85194444,-121.9911111,8.0,Lasker18,2018.0,6.0,9.0,6/9/18,2018-06-09 02:49:00,VV,Lasker18Sc150_17_D0234
Lasker18Sc150_19_D0235_VV,76,VV76,VV76_CTGCGTGT,CTGCGTGT,GGWACWGGWTGAACWGTWTAYCCYCC,TAAACTTCAGGGTGACCAAAAAATCA,environmental,COI,76,Lasker18Sc150_19_D0235_S34_L001_R1_001.fastq.gz,Lasker18Sc150_19_D0235_S34_L001_R2_001.fastq.gz,marine biome  (ENVO:00000447),coastal water (ENVO:00001250),waterborne particulate matter (ENVO:01000436),mimarks survey,USA:California:Monterey Bay,NGS Illumina Miseq,mimarks survey,0.22um,Poretics,LASKER2018,119,19.0,10.0,Monterey Inside (dusk),Project_Overview_Lasker_2018,LASKER,36.85194444,-121.9911111,8.0,Lasker18,2018.0,6.0,9.0,6/9/18,2018-06-09 02:49:00,VV,Lasker18Sc150_19_D0235
Lasker18Sc151_3_D0240_VV,77,VV77,VV77_TCATCGAG,TCATCGAG,GGWACWGGWTGAACWGTWTAYCCYCC,TAAACTTCAGGGTGACCAAAAAATCA,environmental,COI,77,Lasker18Sc151_3_D0240_S39_L001_R1_001.fastq.gz,Lasker18Sc151_3_D0240_S39_L001_R2_001.fastq.gz,marine biome  (ENVO:00000447),coastal water (ENVO:00001250),waterborne particulate matter (ENVO:01000436),mimarks survey,USA:California:Monterey Bay,NGS Illumina Miseq,mimarks survey,0.22um,Poretics,LASKER2018,114,3.0,100.0,Monterey Inside (midnight),Project_Overview_Lasker_2018,LASKER,36.79138889,-121.9022222,20.0,Lasker18,2018.0,6.0,10.0,6/10/18,2018-06-10 07:53:00,VV,Lasker18Sc151_3_D0240
Lasker18Sc151_5_D0241_VV,78,VV78,VV78_CGTGAGTG,CGTGAGTG,GGWACWGGWTGAACWGTWTAYCCYCC,TAAACTTCAGGGTGACCAAAAAATCA,environmental,COI,78,Lasker18Sc151_5_D0241_S20_L001_R1_001.fastq.gz,Lasker18Sc151_5_D0241_S20_L001_R2_001.fastq.gz,marine biome  (ENVO:00000447),coastal water (ENVO:00001250),waterborne particulate matter (ENVO:01000436),mimarks survey,USA:California:Monterey Bay,NGS Illumina Miseq,mimarks survey,0.22um,Poretics,LASKER2018,114,5.0,100.0,Monterey Inside (midnight),Project_Overview_Lasker_2018,LASKER,36.79138889,-121.9022222,20.0,Lasker18,2018.0,6.0,10.0,6/10/18,2018-06-10 07:53:00,VV,Lasker18Sc151_5_D0241
Lasker18Sc151_17_D0245_VV,79,VV79,VV79_GGATATCT,GGATATCT,GGWACWGGWTGAACWGTWTAYCCYCC,TAAACTTCAGGGTGACCAAAAAATCA,environmental,COI,79,Lasker18Sc151_17_D0245_S55_L001_R1_001.fastq.gz,Lasker18Sc151_17_D0245_S55_L001_R2_001.fastq.gz,marine biome  (ENVO:00000447),coastal water (ENVO:00001250),waterborne particulate matter (ENVO:01000436),mimarks survey,USA:California:Monterey Bay,NGS Illumina Miseq,mimarks survey,0.22um,Poretics,LASKER2018,114,17.0,10.0,Monterey Inside (midnight),Project_Overview_Lasker_2018,LASKER,36.79138889,-121.9022222,20.0,Lasker18,2018.0,6.0,10.0,6/10/18,2018-06-10 07:53:00,VV,Lasker18Sc151_17_D0245
Lasker18Sc151_19_D0246_VV,80,VV80,VV80_GACACCGT,GACACCGT,GGWACWGGWTGAACWGTWTAYCCYCC,TAAACTTCAGGGTGACCAAAAAATCA,environmental,COI,80,Lasker18Sc151_19_D0246_S79_L001_R1_001.fastq.gz,Lasker18Sc151_19_D0246_S79_L001_R2_001.fastq.gz,marine biome  (ENVO:00000447),coastal water (ENVO:00001250),waterborne particulate matter (ENVO:01000436),mimarks survey,USA:California:Monterey Bay,NGS Illumina Miseq,mimarks survey,0.22um,Poretics,LASKER2018,114,19.0,10.0,Monterey Inside (midnight),Project_Overview_Lasker_2018,LASKER,36.79138889,-121.9022222,20.0,Lasker18,2018.0,6.0,10.0,6/10/18,2018-06-10 07:53:00,VV,Lasker18Sc151_19_D0246
Lasker18Sc153_3_D0250_VV,81,VV81,VV81_ATCGTACG,ATCGTACG,GGWACWGGWTGAACWGTWTAYCCYCC,TAAACTTCAGGGTGACCAAAAAATCA,environmental,COI,81,Lasker18Sc153_3_D0250_S24_L001_R1_001.fastq.gz,Lasker18Sc153_3_D0250_S24_L001_R2_001.fastq.gz,marine biome  (ENVO:00000447),coastal water (ENVO:00001250),waterborne particulate matter (ENVO:01000436),mimarks survey,USA:California:Monterey Bay,NGS Illumina Miseq,mimarks survey,0.22um,Poretics,LASKER2018,112,3.0,50.0,Monterey Inside (dawn),Project_Overview_Lasker_2018,LASKER,36.66888889,-121.9580556,7.0,Lasker18,2018.0,6.0,10.0,6/10/18,2018-06-10 12:59:00,VV,Lasker18Sc153_3_D0250
Lasker18Sc153_5_D0251_VV,82,VV82,VV82_ACTATCTG,ACTATCTG,GGWACWGGWTGAACWGTWTAYCCYCC,TAAACTTCAGGGTGACCAAAAAATCA,environmental,COI,82,Lasker18Sc153_5_D0251_S85_L001_R1_001.fastq.gz,Lasker18Sc153_5_D0251_S85_L001_R2_001.fastq.gz,marine biome  (ENVO:00000447),coastal water (ENVO:00001250),waterborne particulate matter (ENVO:01000436),mimarks survey,USA:California:Monterey Bay,NGS Illumina Miseq,mimarks survey,0.22um,Poretics,LASKER2018,112,5.0,50.0,Monterey Inside (dawn),Project_Overview_Lasker_2018,LASKER,36.66888889,-121.9580556,7.0,Lasker18,2018.0,6.0,10.0,6/10/18,2018-06-10 12:59:00,VV,Lasker18Sc153_5_D0251
Lasker18Sc153_17_D0255_VV,83,VV83,VV83_TAGCGAGT,TAGCGAGT,GGWACWGGWTGAACWGTWTAYCCYCC,TAAACTTCAGGGTGACCAAAAAATCA,environmental,COI,83,Lasker18Sc153_17_D0255_S94_L001_R1_001.fastq.gz,Lasker18Sc153_17_D0255_S94_L001_R2_001.fastq.gz,marine biome  (ENVO:00000447),coastal water (ENVO:00001250),waterborne particulate matter (ENVO:01000436),mimarks survey,USA:California:Monterey Bay,NGS Illumina Miseq,mimarks survey,0.22um,Poretics,LASKER2018,112,17.0,6.0,Monterey Inside (dawn),Project_Overview_Lasker_2018,LASKER,36.66888889,-121.9580556,7.0,Lasker18,2018.0,6.0,10.0,6/10/18,2018-06-10 12:59:00,VV,Lasker18Sc153_17_D0255
Lasker18Sc153_19_D0256_VV,84,VV84,VV84_CTGCGTGT,CTGCGTGT,GGWACWGGWTGAACWGTWTAYCCYCC,TAAACTTCAGGGTGACCAAAAAATCA,environmental,COI,84,Lasker18Sc153_19_D0256_S22_L001_R1_001.fastq.gz,Lasker18Sc153_19_D0256_S22_L001_R2_001.fastq.gz,marine biome  (ENVO:00000447),coastal water (ENVO:00001250),waterborne particulate matter (ENVO:01000436),mimarks survey,USA:California:Monterey Bay,NGS Illumina Miseq,mimarks survey,0.22um,Poretics,LASKER2018,112,19.0,6.0,Monterey Inside (dawn),Project_Overview_Lasker_2018,LASKER,36.66888889,-121.9580556,7.0,Lasker18,2018.0,6.0,10.0,6/10/18,2018-06-10 12:59:00,VV,Lasker18Sc153_19_D0256
Lasker18Sc154_3_D0260_VV,85,VV85,VV85_TCATCGAG,TCATCGAG,GGWACWGGWTGAACWGTWTAYCCYCC,TAAACTTCAGGGTGACCAAAAAATCA,environmental,COI,85,Lasker18Sc154_3_D0260_S31_L001_R1_001.fastq.gz,Lasker18Sc154_3_D0260_S31_L001_R2_001.fastq.gz,marine biome  (ENVO:00000447),coastal water (ENVO:00001250),waterborne particulate matter (ENVO:01000436),mimarks survey,USA:California:Monterey Bay,NGS Illumina Miseq,mimarks survey,0.22um,Poretics,LASKER2018,116,3.0,100.0,Monterey Inside 2 (day),Project_Overview_Lasker_2018,LASKER,36.7425,-121.9713889,20.0,Lasker18,2018.0,6.0,10.0,6/10/18,2018-06-10 20:08:00,VV,Lasker18Sc154_3_D0260
Lasker18Sc154_5_D0261_VV,86,VV86,VV86_CGTGAGTG,CGTGAGTG,GGWACWGGWTGAACWGTWTAYCCYCC,TAAACTTCAGGGTGACCAAAAAATCA,environmental,COI,86,Lasker18Sc154_5_D0261_S95_L001_R1_001.fastq.gz,Lasker18Sc154_5_D0261_S95_L001_R2_001.fastq.gz,marine biome  (ENVO:00000447),coastal water (ENVO:00001250),waterborne particulate matter (ENVO:01000436),mimarks survey,USA:California:Monterey Bay,NGS Illumina Miseq,mimarks survey,0.22um,Poretics,LASKER2018,116,5.0,100.0,Monterey Inside 2 (day),Project_Overview_Lasker_2018,LASKER,36.7425,-121.9713889,20.0,Lasker18,2018.0,6.0,10.0,6/10/18,2018-06-10 20:08:00,VV,Lasker18Sc154_5_D0261
Lasker18Sc154_17_D0265_VV,87,VV87,VV87_GGATATCT,GGATATCT,GGWACWGGWTGAACWGTWTAYCCYCC,TAAACTTCAGGGTGACCAAAAAATCA,environmental,COI,87,Lasker18Sc154_17_D0265_S38_L001_R1_001.fastq.gz,Lasker18Sc154_17_D0265_S38_L001_R2_001.fastq.gz,marine biome  (ENVO:00000447),coastal water (ENVO:00001250),waterborne particulate matter (ENVO:01000436),mimarks survey,USA:California:Monterey Bay,NGS Illumina Miseq,mimarks survey,0.22um,Poretics,LASKER2018,116,17.0,10.0,Monterey Inside 2 (day),Project_Overview_Lasker_2018,LASKER,36.7425,-121.9713889,20.0,Lasker18,2018.0,6.0,10.0,6/10/18,2018-06-10 20:08:00,VV,Lasker18Sc154_17_D0265
Lasker18Sc154_19_D0266_VV,88,VV88,VV88_GACACCGT,GACACCGT,GGWACWGGWTGAACWGTWTAYCCYCC,TAAACTTCAGGGTGACCAAAAAATCA,environmental,COI,88,Lasker18Sc154_19_D0266_S23_L001_R1_001.fastq.gz,Lasker18Sc154_19_D0266_S23_L001_R2_001.fastq.gz,marine biome  (ENVO:00000447),coastal water (ENVO:00001250),waterborne particulate matter (ENVO:01000436),mimarks survey,USA:California:Monterey Bay,NGS Illumina Miseq,mimarks survey,0.22um,Poretics,LASKER2018,116,19.0,10.0,Monterey Inside 2 (day),Project_Overview_Lasker_2018,LASKER,36.7425,-121.9713889,20.0,Lasker18,2018.0,6.0,10.0,6/10/18,2018-06-10 20:08:00,VV,Lasker18Sc154_19_D0266
Lasker18Sc158_3_D0270_VV,89,VV89,VV89_ATCGTACG,ATCGTACG,GGWACWGGWTGAACWGTWTAYCCYCC,TAAACTTCAGGGTGACCAAAAAATCA,environmental,COI,89,Lasker18Sc158_3_D0270_S26_L001_R1_001.fastq.gz,Lasker18Sc158_3_D0270_S26_L001_R2_001.fastq.gz,marine biome  (ENVO:00000447),coastal water (ENVO:00001250),waterborne particulate matter (ENVO:01000436),mimarks survey,USA:California:Monterey Bay,NGS Illumina Miseq,mimarks survey,0.22um,Poretics,LASKER2018,115,3.0,70.0,Monterey Inside 2 (dusk),Project_Overview_Lasker_2018,LASKER,36.71083333,-121.915,3.0,Lasker18,2018.0,6.0,10.0,6/10/18,2018-06-10 02:34:00,VV,Lasker18Sc158_3_D0270
Lasker18Sc158_5_D0271_VV,90,VV90,VV90_ACTATCTG,ACTATCTG,GGWACWGGWTGAACWGTWTAYCCYCC,TAAACTTCAGGGTGACCAAAAAATCA,environmental,COI,90,Lasker18Sc158_5_D0271_S52_L001_R1_001.fastq.gz,Lasker18Sc158_5_D0271_S52_L001_R2_001.fastq.gz,marine biome  (ENVO:00000447),coastal water (ENVO:00001250),waterborne particulate matter (ENVO:01000436),mimarks survey,USA:California:Monterey Bay,NGS Illumina Miseq,mimarks survey,0.22um,Poretics,LASKER2018,115,5.0,70.0,Monterey Inside 2 (dusk),Project_Overview_Lasker_2018,LASKER,36.71083333,-121.915,3.0,Lasker18,2018.0,6.0,10.0,6/10/18,2018-06-10 02:34:00,VV,Lasker18Sc158_5_D0271
Lasker18Sc158_17_D0275_VV,91,VV91,VV91_TAGCGAGT,TAGCGAGT,GGWACWGGWTGAACWGTWTAYCCYCC,TAAACTTCAGGGTGACCAAAAAATCA,environmental,COI,91,Lasker18Sc158_17_D0275_S35_L001_R1_001.fastq.gz,Lasker18Sc158_17_D0275_S35_L001_R2_001.fastq.gz,marine biome  (ENVO:00000447),coastal water (ENVO:00001250),waterborne particulate matter (ENVO:01000436),mimarks survey,USA:California:Monterey Bay,NGS Illumina Miseq,mimarks survey,0.22um,Poretics,LASKER2018,115,17.0,20.0,Monterey Inside 2 (dusk),Project_Overview_Lasker_2018,LASKER,36.71083333,-121.915,3.0,Lasker18,2018.0,6.0,10.0,6/10/18,2018-06-10 02:34:00,VV,Lasker18Sc158_17_D0275
Lasker18Sc158_19_D0276_VV,92,VV92,VV92_CTGCGTGT,CTGCGTGT,GGWACWGGWTGAACWGTWTAYCCYCC,TAAACTTCAGGGTGACCAAAAAATCA,environmental,COI,92,Lasker18Sc158_19_D0276_S43_L001_R1_001.fastq.gz,Lasker18Sc158_19_D0276_S43_L001_R2_001.fastq.gz,marine biome  (ENVO:00000447),coastal water (ENVO:00001250),waterborne particulate matter (ENVO:01000436),mimarks survey,USA:California:Monterey Bay,NGS Illumina Miseq,mimarks survey,0.22um,Poretics,LASKER2018,115,19.0,20.0,Monterey Inside 2 (dusk),Project_Overview_Lasker_2018,LASKER,36.71083333,-121.915,3.0,Lasker18,2018.0,6.0,10.0,6/10/18,2018-06-10 02:34:00,VV,Lasker18Sc158_19_D0276
